S,K,T,r,sigma,black_scholes_price,ml_predicted_price,prediction_error,absolute_error
143.66879266671495,58.83594534860972,1.3498026418509708,0.0206348877974673,0.4708700050880702,87.36863961306969,87.6959752320527,0.3273356189830139,0.3273356189830139
106.12227882825248,113.53995574791122,1.802619157737956,0.0710662457079238,0.534802798849629,32.09988580707918,30.812650239486302,-1.2872355675928802,1.2872355675928802
75.22231342306188,70.16975561518464,1.856472137487659,0.0642490379922672,0.5888289928196628,28.457645015217675,26.394130438573324,-2.0635145766443515,2.0635145766443515
109.29399348417031,50.644944296470086,0.6889621479279474,0.091269595215593,0.1154966611563074,61.73560854330563,59.15698141571285,-2.5786271275927817,2.5786271275927817
111.85969615011015,144.47948012339307,1.7181130881260105,0.0521451558608322,0.1266119172688664,1.6705408392682912,4.386060106474444,2.7155192672061528,2.7155192672061528
69.62156511702952,96.60580183188377,0.8198997378520367,0.0276045764409506,0.5925833698830958,7.57909965517695,6.249801658734101,-1.3292979964428495,1.3292979964428495
86.82627898719132,65.88575359851116,1.1149139435263644,0.0879237465176879,0.1603150846697268,27.150488650930704,26.476081979351015,-0.674406671579689,0.674406671579689
75.0467898792499,78.12784500731108,0.5406936004660242,0.0741688779201673,0.172405811355307,3.788261427523423,4.201566874378389,0.41330544685496573,0.41330544685496573
142.69406231201089,115.47909202749187,0.2089009492540661,0.023589160582086,0.3001959885147276,28.211680861922503,31.089416974682422,2.8777361127599193,2.8777361127599193
78.04632242046524,89.71469025198664,0.7419667680052786,0.0800695844962506,0.5359086469249084,11.809936641858837,9.962169179136712,-1.8477674627221248,1.8477674627221248
64.72755635520909,97.60441828876014,1.579031059530298,0.0418321584437408,0.1590300145123621,0.2634897544172525,0.5523979957672633,0.28890824135001086,0.28890824135001086
54.47683886884869,105.58746918267146,1.3099123247197362,0.0865501934668029,0.2945230676028949,0.5213274798564189,0.8006065299536134,0.27927905009719445,0.27927905009719445
75.48176236443814,51.5405493588072,0.3321513109528247,0.085048689782124,0.1459578888834362,25.376811676594173,24.203784282111247,-1.1730273944829257,1.1730273944829257
73.62469677151147,82.95476781454236,0.5305805327710157,0.0423614238923314,0.3374932647930068,4.4017527111550905,4.0803729158144595,-0.321379795340631,0.321379795340631
122.47893011954352,77.99153605365453,1.252475551536313,0.0775740540545037,0.223551167174086,51.82413510627636,54.52716138756353,2.7030262812871726,2.7030262812871726
119.71662542903503,82.36129677514562,1.5977388882267074,0.0741452615696774,0.3867797525789607,50.24493913843305,50.06800791523899,-0.1769312231940603,0.1769312231940603
111.0307781540096,143.99983176304374,1.0071078339615267,0.0844319108485133,0.1813394233251853,1.9710278717135663,2.3043347115654194,0.33330683985185305,0.33330683985185305
64.34186122362749,92.60926167773654,0.1776444391928818,0.0606925981473893,0.3785878707325496,0.057261878309942,0.3974964489096577,0.3402345705997157,0.3402345705997157
103.23043638481664,65.59320963080201,0.3666909987668881,0.0103627374881038,0.535047904993021,38.82869856360803,39.894736715811824,1.0660381522037952,1.0660381522037952
116.01973767177311,88.2219267622891,1.942610092407392,0.051916406585713,0.4063092863732538,44.379103674800994,44.29150420133475,-0.0875994734662413,0.0875994734662413
111.40907379757016,139.12718388380944,1.5003272276423936,0.053216495566409,0.2173875604862318,5.940132577990333,6.480274491260629,0.540141913270296,0.540141913270296
75.70960893951117,136.46163648220232,1.7707739470235475,0.029133297860568,0.3082958630594588,1.7838251136364818,2.257619022384832,0.47379390874835003,0.47379390874835003
84.58261637856792,53.8803026524385,1.1548526077492185,0.0733769208213497,0.3029877629043792,35.51545191142527,36.885885405797794,1.3704334943725272,1.3704334943725272
123.39364547332842,126.33358802929826,1.188719320982572,0.0481660034391096,0.239926795854724,14.776960473939823,15.931667323473148,1.1547068495333246,1.1547068495333246
136.2152958293122,119.91294159634352,0.2231504225500826,0.0776173757803983,0.1083529526886184,18.365883223887025,18.669960951753435,0.3040777278664102,0.3040777278664102
75.7797662164126,115.9723938824102,0.097067972592952,0.0932612194850188,0.206825799462008,4.5656333086526857e-11,0.05638914693556392,0.056389146889907586,0.056389146889907586
86.2616951585462,113.19976049432336,1.344677294262724,0.0876089231126618,0.3149319994970214,7.528902708775586,6.4888441516042965,-1.0400585571712897,1.0400585571712897
52.05109193203912,84.89524114513542,1.3581058207091925,0.0110804600989678,0.1179207061046749,0.0006441325502834,0.18884557708301214,0.18820144453272875,0.18820144453272875
149.50517532750058,138.72117227318537,0.3807970607758493,0.0845212324505225,0.3202910770916283,20.353432654117952,17.157387882619403,-3.196044771498549,3.196044771498549
149.95577032504386,78.62231010257139,0.95300909723032,0.0107505190003607,0.1898747963746333,72.13585986787992,72.64319875231828,0.5073388844383686,0.5073388844383686
139.79646468477887,147.3978095087245,1.0700518342168883,0.0303914975767196,0.4368622354978106,23.830946598184568,29.48533883998142,5.654392241796852,5.654392241796852
79.12293282312642,91.44116499114712,0.5451463714414408,0.0299175854310066,0.2326685548591081,1.905783756083732,3.063027264355516,1.157243508271784,1.157243508271784
92.32591427658292,77.32915129110827,0.7482491113613434,0.0755730377872162,0.4768943135202484,25.211287219077192,25.034613194006262,-0.17667402507093044,0.17667402507093044
99.0119236126782,107.631814974945,0.4326874703301011,0.0837900576205768,0.473123809523819,10.288705545902658,10.714185215138198,0.42547966923553915,0.42547966923553915
94.391669804654,117.55391621632954,1.3602678702675453,0.0779152290992131,0.5069918020829757,18.00870227618782,18.24074878505156,0.23204650886374267,0.23204650886374267
57.764791535329074,71.81280396743858,0.7056075738219703,0.0708349704428623,0.2511205092293629,1.6016440991161025,1.2435982863851696,-0.35804581273093294,0.35804581273093294
112.45586359173944,53.498127805665305,0.9032296024594152,0.0275111031552411,0.2380214439857139,60.2722501727814,61.82765655070947,1.5554063779280725,1.5554063779280725
120.73970000329275,91.6826503924852,1.843615363902048,0.027575686713963,0.2024583060929285,35.21781561318599,35.995412089404255,0.7775964762182639,0.7775964762182639
88.79350756788693,100.45398920507554,1.165896375897003,0.0195994912650314,0.3235473339605612,8.79550709928354,9.91092336814686,1.115416268863319,1.115416268863319
98.96900421608817,129.50960623702693,1.16075360250684,0.0863505169420709,0.1847659957532827,2.3606212512378804,2.831939063208478,0.47131781197059786,0.47131781197059786
136.23052365766705,134.60074771117758,1.3105289994250289,0.0210153187161911,0.3246377316885636,22.446046583297523,22.754085113154314,0.30803852985679114,0.30803852985679114
76.92704243052077,71.35191808550664,1.2256709540882198,0.0922599568430124,0.4679913441013641,21.892074824006382,22.296892991839215,0.40481816783283264,0.40481816783283264
122.71628097401384,147.1241832880351,1.9957166724986484,0.0489601004891749,0.5587291624985312,34.159226619421986,34.827980854551114,0.6687542351291285,0.6687542351291285
143.68297393247582,119.21053978139172,0.4258811329338825,0.0506336200750681,0.1255916348671354,27.034249317200636,28.502128704394387,1.4678793871937508,1.4678793871937508
101.03754066288622,126.0666944348823,1.7672677854388392,0.0556005928295641,0.5593392221350386,25.00509816753852,22.884287283351654,-2.1208108841868665,2.1208108841868665
99.8526124146398,109.23364801000734,1.2576813171915675,0.0792319480230651,0.5158250035065963,23.10799652682772,21.860387888507116,-1.247608638320603,1.247608638320603
50.42817578361037,115.40644284224804,1.2513993706229762,0.0207893055547682,0.5962087720822608,2.701223855512118,2.9506035917594113,0.24937973624729315,0.24937973624729315
94.9038767930126,115.33982675899892,1.2755347682098113,0.0321098198753178,0.2262602317488215,4.378082676987919,5.464368740181318,1.0862860631933993,1.0862860631933993
114.37404583772464,84.16687815704901,0.3715531115149506,0.0713378900434578,0.5267664603868326,34.79869467532856,33.99741713987031,-0.8012775354582544,0.8012775354582544
138.99133763628623,119.3087758769573,0.3699507810909097,0.0484070447167794,0.2079581812995105,22.46117753979117,23.54528155812561,1.0841040183344397,1.0841040183344397
104.45720914888342,137.05443909013292,1.902209838700751,0.064128342750738,0.3315218094599633,13.046691349029892,11.979336245220022,-1.06735510380987,1.06735510380987
112.1883161454933,126.95515715938976,0.5252612270563531,0.0935927702985352,0.2595773584590253,5.067881979297162,5.021158531648029,-0.04672344764913294,0.04672344764913294
96.87335268214602,62.490928226283216,0.4198275191814506,0.066237498798857,0.5087613783146707,36.98647001231216,36.77883351352369,-0.20763649878846735,0.20763649878846735
125.46825208681412,102.46460904913768,1.3575030938829662,0.0115541567989931,0.3111580160325107,31.39561599494182,34.11075199576999,2.715136000828167,2.715136000828167
58.27986679251265,135.47245941184354,0.6475753473809417,0.0418825184405041,0.3958002593300896,0.045446535810585,0.18610893417516197,0.14066239836457697,0.14066239836457697
85.46270944431186,78.65856423041461,0.2447803332525409,0.0415617982265682,0.3943200682468578,10.852723126110476,13.038249397344611,2.185526271234135,2.185526271234135
119.29717937736672,148.52042148733028,0.9251010851807598,0.0181445728759907,0.4606343348054613,12.21929380073643,13.914720856022102,1.6954270552856716,1.6954270552856716
93.83327756143538,117.6965484625352,0.9411034415841844,0.0394114226901908,0.2557015993114797,3.26178956889715,4.3926318982502295,1.1308423293530794,1.1308423293530794
75.283620307479,145.54881304672602,1.043455833904866,0.0169595072384886,0.1565828957717301,0.0001126110099983,0.03375487575008841,0.03364226474009011,0.03364226474009011
60.3199811905836,86.08400194497966,0.3060586003698357,0.0693314328303125,0.4379178660521008,0.6577307924940756,0.7163371125693327,0.05860632007525712,0.05860632007525712
113.05886973085435,121.61618846067203,0.5711509153801652,0.0487751457769395,0.5956162332070545,18.09065435574488,18.12046098099285,0.029806625247967844,0.029806625247967844
79.80416983469145,87.71801877742067,0.3421423172910329,0.0611574882055447,0.2622605680057941,2.58789770708011,3.4512797932983235,0.8633820862182136,0.8633820862182136
57.7411674225293,60.34150427694489,1.8333269082770287,0.0149258285199949,0.44882526067388,13.421695123139973,13.670201480317315,0.2485063571773427,0.2485063571773427
89.55169431075572,128.9744826674486,1.2664465964998115,0.0496166933108246,0.398813620608952,6.894068616572202,7.860486005084496,0.9664173885122942,0.9664173885122942
51.8358383999224,74.07544148178071,0.2389021336924343,0.0380528317289241,0.2797625415014841,0.0146952023772379,0.16788608394709698,0.15319088156985908,0.15319088156985908
103.72081793948884,128.12881414632452,1.2928419703906515,0.0520604035840261,0.3139826139813957,9.053709775591969,8.470101659374723,-0.5836081162172455,0.5836081162172455
52.25645117053472,144.16309195000224,0.3803181486017641,0.0339622504920887,0.1442721017557268,6.899666188994178e-30,1.9300390056812213e-05,1.9300390056812213e-05,1.9300390056812213e-05
55.65856561467156,87.98546287624521,1.2685823704673802,0.093089981365068,0.5652500637424133,7.673373425227105,6.289517814340406,-1.383855610886699,1.383855610886699
95.38532556850524,60.9264485621151,1.24033697048958,0.0865088364842524,0.2978712975389507,41.11912358862178,40.25352379379499,-0.8655997948267924,0.8655997948267924
101.6848456307926,132.45558247864346,0.1497969162129932,0.0811581402313723,0.3782633935290882,0.2915395206097768,0.6993854896698258,0.40784596906004905,0.40784596906004905
122.7018527014134,119.28357341425917,1.588958146495013,0.0190827895211516,0.183934353266211,14.84009360828479,13.320027322436092,-1.5200662858486975,1.5200662858486975
143.38750175279048,104.28108956481094,0.155799912689074,0.0503628848642773,0.2412315524221292,39.92235922536416,40.59984138742784,0.6774821620636757,0.6774821620636757
55.12242964043133,119.5378534005984,0.2600534178452108,0.0656047556795503,0.1874521732957042,1.1252512623375436e-15,2.215638581271083e-05,2.2156385811585576e-05,2.2156385811585576e-05
72.89871853003118,102.29201689742384,1.915113513777568,0.0936457886401438,0.256362918997008,5.944033000005859,4.128655510254271,-1.8153774897515884,1.8153774897515884
146.4580185801653,53.28143166236365,0.2378291645556823,0.0370026297115259,0.4594491218403432,93.64343310808472,94.0032701646832,0.3598370565984794,0.3598370565984794
106.3892112829266,76.42764544088915,0.6194493655284875,0.0341456062499555,0.4013775603607977,33.42705088985136,34.28977021858358,0.8627193287322186,0.8627193287322186
127.1313633225014,145.93041244452252,1.3640313009125549,0.0385977015503198,0.5876321155273493,30.26256573241165,30.72214662878664,0.45958089637498745,0.45958089637498745
83.42438908169609,142.0262597994954,0.2828538726928985,0.0307982462132049,0.2542737445569666,0.0001844658915138,0.024013258742881294,0.023828792851367495,0.023828792851367495
129.31428739967396,63.102850581229895,0.9818825583827512,0.063678043448279,0.5513711564233177,71.64275938756589,69.488889694984,-2.1538696925818925,2.1538696925818925
94.7272968157122,84.89877269966928,0.2403861475755349,0.0117317876073038,0.5441618232407058,15.37815633016097,15.935703298515888,0.5575469683549183,0.5575469683549183
120.93238527759674,96.40899308913636,1.454728764157495,0.0379197836127174,0.5940828167959993,46.69064949162453,44.59926265040368,-2.091386841220846,2.091386841220846
91.83630384287932,115.56510302221518,0.972945892170147,0.018934053167432,0.3042272080294388,4.315825150436339,4.7419485867369735,0.4261234363006343,0.4261234363006343
148.61803116086952,139.7127835580404,0.2952748996178218,0.0808420910675592,0.1184603438308461,12.59138251029546,13.264199444375143,0.6728169340796821,0.6728169340796821
139.00072746940577,83.57889628366652,1.0806237336578084,0.0800081695579261,0.355339974582162,63.19670182731484,61.551737648593516,-1.6449641787213238,1.6449641787213238
117.8182584589068,145.0547359149323,1.9480560027341656,0.0748875629426709,0.2976728871442365,16.456146666628285,15.648205799701502,-0.8079408669267831,0.8079408669267831
63.70679425404481,130.72455829934736,0.8112589105605775,0.0537163848563537,0.2506026972195759,0.0078944127801523,0.020173751469168485,0.012279338689016185,0.012279338689016185
95.96147517329264,70.55896612472435,1.7928788766290789,0.0252581506960281,0.2382455591445967,30.252580815209285,30.181380238616786,-0.07120057659249923,0.07120057659249923
145.54481914380676,75.91201042714229,0.4676126706696837,0.0292073803496294,0.5105332110408651,71.05701744300663,72.14123590401672,1.0842184610100958,1.0842184610100958
65.58515365514435,135.45323695857866,1.4464357358638662,0.0432000008793868,0.549666659829633,4.836299100181501,4.643868586701556,-0.19243051347994466,0.19243051347994466
149.25898759338446,59.58578070669564,0.9272121211476037,0.046638969390873,0.1811620308794051,92.19502735023048,91.4294228231469,-0.7656045270835818,0.7656045270835818
55.51565906017855,112.23152523868411,0.681785644045763,0.0527834600198728,0.4780173941169094,0.562063504988128,0.6123701336069347,0.05030662861880675,0.05030662861880675
147.3940766666782,73.88620616679252,1.5747789579528984,0.0351926069921769,0.1737104048518178,77.49303488590596,78.20525966065887,0.7122247747529116,0.7122247747529116
68.51759388450591,67.12298148633468,0.0626275703841038,0.0427117915120468,0.3921263880398306,3.5113864508345287,5.617425029012645,2.106038578178116,2.106038578178116
84.5934992546963,132.9492636485023,1.796792455024919,0.0392193325391885,0.493891219594481,11.53606212000916,10.360573032701666,-1.1754890873074935,1.1754890873074935
60.493918032794944,59.71098549021666,0.6103278421415156,0.0764889409236744,0.2379439543033645,6.3248766335707245,6.1342475937789915,-0.19062903979173296,0.19062903979173296
55.166217582898966,71.62372989341736,1.2298142297044354,0.0825084215748216,0.294296939094276,3.897059323758132,3.3142772250057764,-0.5827820987523555,0.5827820987523555
97.70667495672726,65.52668101112012,1.310763511430164,0.0512410742863552,0.1519052178054749,36.45155545209531,38.36172472605199,1.9101692739566758,1.9101692739566758
58.94783829824174,103.67562386668163,1.3438999693104487,0.0752779379851014,0.3807996197255614,2.445052045381937,1.954379751243148,-0.4906722941387889,0.4906722941387889
112.40284371728136,51.464934859558895,0.8676822631128561,0.0272247455197315,0.1950221446218946,62.13940206442705,62.01052431329218,-0.12887775113487265,0.12887775113487265
138.24163684073386,131.2395241746047,0.2066535828410425,0.011734969237165,0.5844880472634564,18.17913263536273,17.091743316951355,-1.0873893184113754,1.0873893184113754
115.38383898166262,70.82152148762773,0.4973773795922492,0.0746636835122362,0.2215964700155633,47.14550651743464,46.95320420283749,-0.19230231459714986,0.19230231459714986
128.34695600492677,91.22725224743796,1.7308451936548603,0.0586609427123007,0.5687849268042243,58.5986064671109,54.83993792038574,-3.7586685467251613,3.7586685467251613
71.01071929123518,135.94657779705656,0.1039209239372475,0.0833412296193545,0.2339576604023195,8.295291695893782e-18,0.0019502150119698931,0.0019502150119698849,0.0019502150119698849
75.36694591216965,73.50594300419223,1.7369580609789617,0.0388632023489926,0.259886671227798,13.476439429035196,13.756283495100142,0.27984406606494616,0.27984406606494616
50.69822618803481,79.89191592840768,0.3041318151865394,0.0880939334418469,0.2047890300440979,0.0001259848439381,0.11419602022600493,0.11407003538206684,0.11407003538206684
84.80955931682881,140.61606345318933,1.6191353530834516,0.0795959715607913,0.3207516677232255,3.970935406715334,4.106529188716946,0.13559378200161198,0.13559378200161198
120.28508233960324,96.3143030257568,0.7043865130955379,0.0376410267690356,0.278996122176711,28.32022857045565,28.62564616258143,0.305417592125778,0.305417592125778
83.58543158608322,104.538451305036,0.5974882865752774,0.0790982605964953,0.2655033580752278,2.018466374287822,2.5788198301309437,0.5603534558431216,0.5603534558431216
142.91163526913255,57.98469675723642,0.8775032193994695,0.0959610073119671,0.1456751873208343,89.60967897963639,88.86979713309296,-0.739881846543426,0.739881846543426
98.7627809667211,139.1927478126056,1.5551896425451572,0.0425576724960518,0.1751186670037982,1.2013533207305365,1.0088354155964363,-0.19251790513410016,0.19251790513410016
113.04217481689231,141.11757080951116,0.7685639584062837,0.0912965111172514,0.5663232358828835,15.80536488182915,16.054473657984637,0.249108776155488,0.249108776155488
147.28943893876948,89.33168111187052,1.100045258471922,0.042402694468394,0.2907722079659531,62.52159827811889,63.69589180102707,1.1742935229081795,1.1742935229081795
57.6758061888738,125.84101904270624,0.4830876054622393,0.0562973039460505,0.4783259879653135,0.1120608037958246,0.16621357765078146,0.05415277385495686,0.05415277385495686
133.35345671092574,109.43241122862165,1.3363332668415877,0.0475450532283915,0.4115612359020303,40.70077676849813,42.323582915250846,1.6228061467527155,1.6228061467527155
96.69994195332202,118.60785118572204,0.516567789583218,0.0281205260949869,0.2592180318134375,1.5897385216969848,1.734373567586322,0.1446350458893373,0.1446350458893373
71.72574004938646,119.10573641234218,1.5322624791569897,0.0903682889309513,0.4808266348694457,8.188621213634274,7.27394019783563,-0.914681015798644,0.914681015798644
119.97130771543372,102.0690087544051,0.4042449446928217,0.0113278114822203,0.5065334345996164,25.18204268080456,25.65426241485931,0.47221973405475026,0.47221973405475026
51.11545873118305,145.0768074280399,0.5552575967529265,0.0857289340184973,0.2007451236498524,2.552166974364321e-11,7.053447153438199e-05,7.053444601271225e-05,7.053444601271225e-05
104.22999756210793,53.5823587570585,0.3651134279361137,0.0603358073278008,0.232440170440699,51.81512103241582,51.463383974476045,-0.35173705793977206,0.35173705793977206
81.38754967224705,76.63123155979747,1.8535563686300096,0.0174310174829375,0.4035900272945397,20.668619885325317,20.17301584058094,-0.49560404474437547,0.49560404474437547
136.1232227260386,59.40440759766536,1.7109922775641446,0.0673774524844853,0.4019924609931894,83.81372353805372,82.88683905960787,-0.9268844784458565,0.9268844784458565
95.95840572136233,87.31834598636817,0.4129559934188405,0.0999412832416499,0.5336382193429801,19.25416293163964,16.99110353973889,-2.2630593919007502,2.2630593919007502
107.356328002671,71.49524501569208,1.9837553558051244,0.0981190275327964,0.2234974070516863,48.77370019344606,44.266896430297976,-4.506803763148085,4.506803763148085
62.7408071695429,137.0458416625101,1.9192199940407324,0.0970638344812964,0.4099036130963752,3.552678642390891,3.177789271403117,-0.37488937098777386,0.37488937098777386
144.2300937901207,86.319379261233,1.1463918355514,0.0703610361509531,0.4535804087362892,67.32887890801526,66.38030443419149,-0.9485744738237685,0.9485744738237685
130.25856795798128,78.12947955282449,1.224919804540194,0.0645033807272557,0.2828007197473139,58.40967520372008,58.26712563679069,-0.14254956692938947,0.14254956692938947
114.28020501620824,55.18761059969917,0.0510278158404184,0.0341731284090139,0.127900094275032,59.1887456161741,62.25616851312836,3.0674228969542554,3.0674228969542554
87.83156071652596,100.92742917624336,1.8053978460317417,0.0656722608965948,0.4838429766566336,21.72081118462122,21.795303496733748,0.07449231211252894,0.07449231211252894
135.4916958559771,52.55075979537131,1.886123781792231,0.0813300329889205,0.5478907445648417,92.19737188707076,88.44388765649947,-3.7534842305712885,3.7534842305712885
115.39436721799264,81.9330807161891,1.375741030429434,0.0759321336484624,0.414425722413111,45.85714408866856,45.65105022740563,-0.20609386126293572,0.20609386126293572
149.16730528316782,72.75514275662904,1.692847698015744,0.0505041417425862,0.5510524638065283,86.8927024398005,81.90434164908861,-4.988360790711894,4.988360790711894
71.06803973275629,121.0493316472639,1.8779870027684111,0.0195207610924647,0.2130385888870292,0.4839896195320374,0.5947586274346212,0.11076900790258376,0.11076900790258376
71.87717084108797,50.72729814785916,1.0712302956337705,0.0684767136621266,0.2091462350388988,24.85976628783888,24.288985001031428,-0.5707812868074527,0.5707812868074527
104.82037727921517,136.4602700423693,0.4443602357869451,0.0319555498254153,0.4537605874044443,4.101803337723997,4.370850958098494,0.26904762037449714,0.26904762037449714
133.05833251144514,99.388170537925,0.4781316583841052,0.0546267672639883,0.211182240219007,36.31877063261484,38.16076957031895,1.8419989377041048,1.8419989377041048
80.97653141429035,99.4943662706718,1.275049973421653,0.0141095030966047,0.1010016571006144,0.2101273734705984,2.1047359299874615,1.894608556516863,1.894608556516863
140.42432914075653,132.02742939097465,0.1214601364473014,0.0114077056164615,0.3804011760284612,12.28168811141336,13.236483837173173,0.9547957257598139,0.9547957257598139
78.13385860456367,118.99428076298172,1.912404520232765,0.0647028607114762,0.5882278043166196,17.22101329174022,15.367081189819768,-1.8539321019204529,1.8539321019204529
122.87092484753526,81.25386330003288,0.9676204595565842,0.0246610211230171,0.2673301320895386,44.04853296195884,46.96851684194693,2.919983879988088,2.919983879988088
64.68718758332074,119.32955822197458,0.7678051942834919,0.0291975106026712,0.3566351352724791,0.3069295810657562,0.47551895477750444,0.16858937371174826,0.16858937371174826
86.14783340942756,80.87675286443564,0.9044972093475856,0.039872578153984,0.4341509928243199,17.872756896795202,18.774440341558716,0.9016834447635134,0.9016834447635134
143.9197432825762,77.1526517581099,1.7343735169517842,0.0822714786930508,0.2180605907959721,77.05947400545837,75.89200108324096,-1.1674729222174136,1.1674729222174136
124.7444406596694,96.73587272271809,0.2173703232714559,0.0935775385149352,0.4995727714254606,31.43267384550592,32.23414337093265,0.8014695254267288,0.8014695254267288
87.54689284665004,75.32233075133897,0.1096987911773568,0.0633397917191844,0.5800442041476084,14.548142628158146,16.22578931491021,1.6776466867520625,1.6776466867520625
114.4906323864917,139.00970353936913,0.0581865832890131,0.0552635797035055,0.5216046447042337,0.4463819174229577,1.5050809136899597,1.058698996267002,1.058698996267002
74.38238526004048,96.50644339129786,1.2793025289321052,0.0992582885864625,0.5013010751380992,12.955852026756688,12.300104418803993,-0.6557476079526943,0.6557476079526943
118.05548476444818,135.28039832764722,1.030289882388565,0.0487473868366454,0.5413228628264759,21.72199977805113,21.7848236428401,0.0628238647889674,0.0628238647889674
101.57361044143698,143.65154492640036,1.3307390961058314,0.0114084831796863,0.4763928204201434,10.834472895885035,12.372055755965603,1.5375828600805672,1.5375828600805672
80.27676076174251,72.61119106342585,0.1062133425863616,0.0732080704352668,0.5998517583267996,10.925501765310152,12.11750828820844,1.1920065228982875,1.1920065228982875
83.45112887419322,141.70515920403795,1.2164605837170577,0.0994406943950814,0.3283234202961876,2.3793086572935565,2.482980244136225,0.10367158684266853,0.10367158684266853
140.95484730121382,122.49822592095968,0.9445451395978988,0.037569064164597,0.1766371938630473,24.48592929484748,26.1995821608485,1.71365286600102,1.71365286600102
68.42248392380262,94.23891171074568,1.238947375193437,0.075722758781239,0.3974926445933734,6.503557539259759,6.1449138016435345,-0.3586437376162248,0.3586437376162248
52.70959925034835,143.98266426442478,1.6039602324238011,0.0981264805192339,0.1675912702462997,0.0001253510256557,0.12391559709078315,0.12379024606512745,0.12379024606512745
114.44780259798834,54.33274777296904,1.893439449596508,0.0196488672435804,0.5359858695779011,66.15007100671576,67.6219113164447,1.4718403097289325,1.4718403097289325
52.46560557068929,78.06057410479656,1.2948411702745457,0.0887930691488957,0.2768978179653106,1.9110421485400924,3.132722822154633,1.2216806736145407,1.2216806736145407
59.45563447743882,90.59143431274212,1.4415972722155423,0.0593471213016427,0.4808651373626524,6.904524670058757,6.959771243168596,0.05524657310983905,0.05524657310983905
140.69855184382436,83.55862101881837,0.5776323898144241,0.0753540896580183,0.1991752691879108,60.69933173127832,59.255091576187006,-1.4442401550913146,1.4442401550913146
52.39613851242698,57.18898640311157,1.3898925615651585,0.0729955695230181,0.2217195954878411,5.780703089356226,6.285452545618612,0.5047494562623855,0.5047494562623855
85.17098179588083,88.66977099474053,1.411404206249065,0.0891858453460886,0.285014237886449,14.820670988330363,12.385848139292426,-2.4348228490379373,2.4348228490379373
126.19343757430973,92.5925779358077,0.3969487204926059,0.0747762741096428,0.4707363674269382,38.2798959453756,37.358968022997,-0.9209279223786027,0.9209279223786027
58.292715250972606,128.48376325911943,1.4528980451892328,0.0357355954693999,0.4619955825817671,1.9687205541459212,1.9105707053385799,-0.05814984880734131,0.05814984880734131
81.20013061084504,135.66720919544176,1.223919515888771,0.0389328272263311,0.3370393203385795,1.915175429771324,2.3321522856783936,0.4169768559070697,0.4169768559070697
96.7658124188041,109.73001413615523,0.7108921194054718,0.066929829588783,0.5306061545725604,14.15752264811129,12.128134024939085,-2.0293886231722045,2.0293886231722045
101.05704087285037,51.030339845373895,0.8460489155513436,0.0938880921438857,0.4243038016082071,54.17792296827654,52.82562906587384,-1.3522939024026996,1.3522939024026996
136.10088213080135,76.82046855225005,0.1221463543106372,0.0623268212189554,0.1463893409405933,59.86302681433227,62.24116542444722,2.378138610114945,2.378138610114945
133.8853861904069,119.74254581555552,0.3682213958039328,0.0222555072888249,0.2613564803991925,17.713222420608176,17.227949198576354,-0.48527322203182166,0.48527322203182166
56.95817835435791,107.23245754536016,1.253741817790835,0.0594106397448402,0.2898646846531215,0.4215576905478739,0.6293599891374158,0.20780229858954186,0.20780229858954186
130.34809303848488,73.08117313599492,1.7250505517395724,0.0780689698680202,0.2684110931798018,66.72837798811847,66.649108756478,-0.07926923164046684,0.07926923164046684
62.83258621887645,54.85118700262872,1.3833017586840668,0.013797804054163,0.3952964732571873,15.808114264974863,17.04427598427231,1.2361617192974474,1.2361617192974474
103.75401436403465,78.92670728360325,0.2265844186158613,0.0715488726265248,0.4189179922855492,26.67803363712612,28.22177623873806,1.5437426016119389,1.5437426016119389
94.70555438064254,115.8506447192396,1.5875481767017487,0.0637004940435454,0.2404215753098369,7.650177656408609,8.14175176473655,0.4915741083279421,0.4915741083279421
143.9218494877685,69.5863004825516,0.91323030550715,0.0430426188333505,0.4979222501689392,78.0561262950039,78.12967864495744,0.07355234995353044,0.07355234995353044
121.87890348200256,52.23376543810371,1.1595666069228403,0.0634165178748877,0.4292296825907248,73.65011036475173,73.364513381415,-0.2855969833367311,0.2855969833367311
117.964728269307,115.4976323062026,0.1563930563756989,0.0688462405570834,0.3868931519786186,9.085584279974803,8.198751714976716,-0.8868325649980875,0.8868325649980875
136.77231528050925,83.22388658966162,1.9551064591920515,0.0922869008285895,0.5614770205033124,75.14239124919095,69.2165519606927,-5.925839288498253,5.925839288498253
148.80139620654217,110.76135260332347,0.1497066053309216,0.0606797132921977,0.1831963017500619,39.04167741143371,38.82268109446289,-0.21899631697082356,0.21899631697082356
140.07820001884255,84.61501479291219,0.5041461159286358,0.0124529610157573,0.4706987508880378,56.98174177606765,57.53197891109601,0.550237135028361,0.550237135028361
132.4475046244502,68.74136014405337,1.3988953142016545,0.0596088089762944,0.2049416204756468,69.21282239096907,69.82298634880253,0.6101639578334641,0.6101639578334641
87.2337818385381,143.3211802741505,0.8283734742293347,0.0811787142775841,0.1819043582021381,0.0267409465101758,0.12883503653308773,0.10209409002291192,0.10209409002291192
123.27234154133066,145.3142339773783,1.8569535357242712,0.0320538181400476,0.2188393844737178,9.535421010767593,11.768595947597202,2.2331749368296094,2.2331749368296094
78.54577202871508,129.6868766224904,1.7557305666277736,0.0240112409191426,0.2456991251294165,1.1412956512707195,1.737610478690138,0.5963148274194185,0.5963148274194185
96.90603402211536,85.95176921225405,0.4531832648619165,0.030966704944402,0.4083669236820703,17.153574644270748,16.340870680373584,-0.8127039638971638,0.8127039638971638
107.71348348692575,85.01457268798853,1.4715676923413694,0.0170472887760574,0.3669293256560074,31.944126317497958,33.367591858508604,1.4234655410106463,1.4234655410106463
122.46313368993935,136.12541128882413,0.0939033912379244,0.0339786831719527,0.5729187407350286,3.907852198746468,4.021088267270278,0.11323606852380985,0.11323606852380985
80.3861463988722,144.44476320383257,1.3988993556365446,0.064254789728093,0.2551619874242841,0.6453118409443883,1.435797107619385,0.7904852666749966,0.7904852666749966
106.40740288335178,91.33422641488151,1.323650095608578,0.0109883681325521,0.5123872287877422,31.84498629295487,32.87146064113138,1.0264743481765066,1.0264743481765066
67.43567076508717,63.39290274296904,0.8680267654513089,0.0281662162682014,0.2092296639160177,8.288386013885493,9.800684114805598,1.5122981009201055,1.5122981009201055
50.534898869422285,90.37407965014864,1.8580805479862417,0.0859520260781436,0.2535008505003822,1.149004264116945,1.3331174436927873,0.1841131795758424,0.1841131795758424
62.46626812032669,50.2750995553921,0.6796034228452403,0.0220187807083827,0.3606855530961176,14.981901278460027,12.872741483293108,-2.109159795166919,2.109159795166919
112.16295780432137,132.15685009737982,0.9186795365115842,0.0367645596317783,0.2021854329462573,3.464546168404471,5.524698871562519,2.0601527031580478,2.0601527031580478
87.69861672868416,64.35196641422563,0.1094709792643499,0.0146370300970949,0.596264838707606,23.811561076787427,26.985657122849478,3.1740960460620506,3.1740960460620506
68.55259752577192,99.5537774744111,0.8161540957330744,0.09501985574376,0.2879937012901903,1.313468627904914,1.069312887903326,-0.2441557400015879,0.2441557400015879
52.30470884066074,55.902671082042296,1.872262863118687,0.0234069268953166,0.2287042037843021,5.994707604557483,7.457424337990272,1.4627167334327886,1.4627167334327886
58.22015894819337,84.45928102331673,1.7434331046766898,0.0810795100706066,0.3490615115297191,5.871851299649503,4.634774460718119,-1.237076838931384,1.237076838931384
51.83906765474667,85.94834518272125,1.5774277789401108,0.0401704531611689,0.2462332797789509,0.6804013521434014,1.0271734373825852,0.3467720852391838,0.3467720852391838
95.30147503801884,97.87420626427571,1.6674210198684063,0.0391636087410155,0.1099750988874638,7.294158386947366,8.658106433307426,1.3639480463600595,1.3639480463600595
89.86630277723131,78.46072118270419,1.7781511878458285,0.0989398194883309,0.3677570767039653,29.96653546483752,27.07063060334939,-2.8959048614881304,2.8959048614881304
65.3412882389088,85.73094694080501,0.7382865987959043,0.0549429641236747,0.5374489469448909,6.606028559050071,5.088646673658366,-1.5173818853917052,1.5173818853917052
84.17118793416884,86.25762491690082,0.2330818032313068,0.0875896715752675,0.1875884557956168,2.8777094237492378,3.598077345723279,0.7203679219740411,0.7203679219740411
50.12036139090179,97.86868423945673,1.827887683803299,0.0470618527227828,0.3948989755444958,2.4381967081971627,3.4287410564003524,0.9905443482031897,0.9905443482031897
122.23043293295386,77.4496443453197,0.8277943310937494,0.018818974552739,0.3908981722746929,47.43823507293362,49.6789003900683,2.2406653171346775,2.2406653171346775
146.54486346006212,86.61534627172765,0.8843077938740139,0.0600733817288835,0.2234734363188919,64.43102291585593,64.08482804278898,-0.34619487306694907,0.34619487306694907
53.939016288968666,133.09231253567577,1.3293968847185822,0.0600078791616394,0.293543341910164,0.0670639298999994,0.17701656772999697,0.10995263782999756,0.10995263782999756
104.06984766449104,124.21790382951563,0.6177533094265723,0.0352277191785363,0.5862675142893095,12.950197601697084,11.003374841353097,-1.9468227603439878,1.9468227603439878
76.68037820922513,121.51231927693746,0.6804848081779831,0.0617874365894835,0.4591183127761326,2.406043026110771,2.5811011548201575,0.17505812870938664,0.17505812870938664
102.05438373048584,60.90231607194932,1.5697371291640454,0.0229955843028392,0.219561626846085,43.48702175554304,46.28133689513778,2.7943151395947368,2.7943151395947368
81.96181255080712,98.26070805923388,1.4158053818119138,0.0834840505812251,0.1834658953248617,4.988279979555596,4.660021913711915,-0.32825806584368067,0.32825806584368067
59.94946688729647,108.2456130469572,0.1151942999899654,0.0717422094195341,0.2722012796738664,1.5996019010427617e-10,0.0034984255474818115,0.0034984253875216214,0.0034984253875216214
119.46720036441997,115.8838215766162,0.7434074842696474,0.0477966018296103,0.1533681546112026,10.653381983815422,12.025893211341677,1.372511227526255,1.372511227526255
55.38305249084591,110.9877127308106,1.1353606649808896,0.0611915779002838,0.311588125576226,0.2862376721951736,0.5678080935619382,0.2815704213667646,0.2815704213667646
56.94238427460934,54.90498882698878,1.0064127514584964,0.0227041745450737,0.4547594889984784,11.700352804420184,12.202067393541881,0.501714589121697,0.501714589121697
148.18080227178268,100.70210933855982,0.9887151940488618,0.0814446332509045,0.580870461437801,63.10426793623692,60.10209468589868,-3.0021732503382452,3.0021732503382452
93.14057036697854,54.69026520979594,0.1097724821967306,0.0203098074048009,0.2445279375256467,38.57209898738905,39.87349992153566,1.3014009341466135,1.3014009341466135
105.78101257354344,81.03427140572238,0.4270961696005692,0.0710603564293696,0.4742249237154207,29.699953562836622,28.083000744129162,-1.6169528187074604,1.6169528187074604
110.77367948788591,70.00486331536322,0.6014600927462785,0.0626981505753926,0.5731300486932647,45.86520736997547,43.52954799733527,-2.335659372640201,2.335659372640201
75.35061889250147,106.8965072549934,0.1217979097995162,0.0578204535550303,0.5138490681855583,0.1718378688875046,0.9365843845562619,0.7647465156687573,0.7647465156687573
102.42547205377366,110.184763004723,0.6486033266400111,0.0486440073372413,0.400912863414218,11.35541858723044,10.09838286334513,-1.257035723885311,1.257035723885311
58.38979606289093,57.34188240846281,1.626982870469108,0.0138297306496819,0.3133043972085355,10.271456374508254,10.851801329785873,0.580344955277619,0.580344955277619
135.64898411883223,85.02151301315095,0.640882090781599,0.0392827909666227,0.4255074593371226,53.92665929156058,55.34967393715771,1.423014645597128,1.423014645597128
137.95632376127813,84.1834919633971,1.2951439557877888,0.0887341859458517,0.5304041256901244,67.80175474615822,64.66019024184226,-3.1415645043159657,3.1415645043159657
81.13076991560037,89.44774409821187,0.3954303197254891,0.0662918098151603,0.4059842312756191,5.874043648744067,7.235286032532464,1.3612423837883973,1.3612423837883973
92.2005250845723,104.16595491653656,0.1380237375173289,0.04914194625742,0.4243491828677624,2.08326518676909,2.9246984400156326,0.8414332532465427,0.8414332532465427
103.94265145762364,149.52806070654268,0.9342317599968192,0.059688026262142,0.1134417568265881,0.0098394248907877,0.49844677426710216,0.48860734937631445,0.48860734937631445
133.27586684527142,90.5991882409379,0.0570162982675246,0.0141738718291078,0.3783627117248301,42.74988565592584,44.468508126224954,1.7186224702991169,1.7186224702991169
114.96328990472146,128.48683119938886,1.0206050172957009,0.0571442727248282,0.307305440680681,11.653797153231274,13.166217526110772,1.5124203728794985,1.5124203728794985
129.5544391926648,53.72687227635399,0.9830503154927044,0.0192453972847979,0.1845165699109857,76.83448226211017,77.76113781652943,0.9266555544192556,0.9266555544192556
147.74565631838425,105.43919783669156,0.4776788886149828,0.0318376568667067,0.5857938096488738,49.14401168872888,45.26466814161572,-3.8793435471131588,3.8793435471131588
71.72334745924347,132.66266173496078,0.8445589666882574,0.0348094080022,0.2385687422253871,0.0244327328118449,0.08848404011484343,0.06405130730299853,0.06405130730299853
133.96244958615608,123.01610048433118,1.9993165919640383,0.0632855021642852,0.5741675993335096,52.19668708140774,48.82709059767168,-3.3695964837360606,3.3695964837360606
107.06097466388296,133.15362865093536,1.9430139918509075,0.0485081528024979,0.5121135064857655,25.2212295977048,25.984913250396254,0.763683652691455,0.763683652691455
106.1275514856212,89.28594430336376,1.0972770621643582,0.0143506900390218,0.5823756816235887,33.43055144313533,34.26561278600773,0.8350613428724003,0.8350613428724003
121.87181132622024,78.78402930768019,1.225490852910003,0.0664676579332619,0.3660801295526064,51.04575944243082,52.120898644534655,1.0751392021038342,1.0751392021038342
106.50853124527563,96.49550236177303,1.388026569918989,0.0790145183433949,0.3339445144618166,27.09345530891433,25.509371588386543,-1.5840837205277865,1.5840837205277865
71.00473372920696,56.9288203090312,0.0801031017216747,0.0148818379514963,0.1956680822201459,14.143760686939729,15.603128617727734,1.4593679307880052,1.4593679307880052
120.72789119056672,56.43015308912843,0.146463642833782,0.0151671561850817,0.2502757422872393,64.4229549961843,64.44072210477853,0.01776710859422792,0.01776710859422792
113.2621893133948,56.38413789891007,1.0453646749064047,0.0807790073132004,0.3398086155892125,61.55495450158466,60.6031637018858,-0.9517907996988626,0.9517907996988626
84.47869286545365,83.8893423478636,0.8210118693896854,0.0356530404774352,0.2011818658921685,7.649021452891063,7.278717993291692,-0.37030345959937083,0.37030345959937083
110.24494419665878,128.35926574173303,0.920196038919734,0.0367013981835484,0.583348193004087,19.454120105821232,16.4675404910655,-2.9865796147557333,2.9865796147557333
128.92928483196857,95.74669923029104,1.392320184270809,0.056852246088376,0.1065912487446841,40.47457228022745,41.44069928569646,0.9661270054690121,0.9661270054690121
58.05165585915118,64.93490654899016,1.5709952592004297,0.0209606295650965,0.1246274929482446,1.84421275088992,2.8471987794797204,1.0029860285898005,1.0029860285898005
76.12342010182844,78.7120994872235,1.654816851814789,0.0100485292764595,0.1015383817649317,3.3852243864787184,7.635768225482885,4.250543839004167,4.250543839004167
124.16030197372086,107.22105936046746,0.402560826151344,0.0178397873294297,0.3453597101534911,21.280505325646278,22.71983668352287,1.4393313578765934,1.4393313578765934
119.22765645178524,144.7088324752695,1.1102034315594018,0.0665822108030592,0.1347523522990554,1.996550523470077,3.8965754663253453,1.9000249428552682,1.9000249428552682
145.5060511484989,106.50515862904032,0.3296611963359736,0.0800153765557824,0.1113989631563079,41.77355259618423,41.543330654294806,-0.23022194188942535,0.23022194188942535
57.41591057740308,71.82858897707415,1.8222289760223696,0.0868375133002047,0.379082974859612,10.134937732264104,8.408693627268338,-1.7262441049957662,1.7262441049957662
86.15554958702616,121.41815918326392,0.1444088753835705,0.0666942930115501,0.3561848696834905,0.0308350695656317,0.13556801213235972,0.10473294256672802,0.10473294256672802
143.08370315599103,139.15454499973384,1.5576750792952072,0.0591979913478214,0.3487432490221611,32.21372566692281,30.39967673931962,-1.8140489276031921,1.8140489276031921
149.1624342961228,84.8909226955873,1.8229927250339524,0.0378638177870928,0.5094694047216579,76.91623346202097,73.18252820397731,-3.7337052580436563,3.7337052580436563
122.88221800927457,122.5133711833287,1.8466785826314684,0.0463155419635886,0.1449357582745231,15.35091482526731,12.962082205159774,-2.388832620107536,2.388832620107536
91.89408420801276,126.98034729820246,0.517702146767568,0.0500073427159548,0.3175634741510149,1.0994845328383107,1.1918889366781522,0.0924044038398415,0.0924044038398415
53.79504862608815,52.5756391740578,0.6655280752113102,0.023196387653495,0.5239210206969059,9.979944852820296,8.052863270607075,-1.927081582213221,1.927081582213221
71.66866437053926,102.58232395978423,0.3099503611095156,0.018161132347608,0.5300359014259586,1.4161761132316515,1.2665824925389326,-0.14959362069271886,0.14959362069271886
134.45493985350703,108.86075856938554,1.0213281897269617,0.0569178350084416,0.4436710041365046,40.501990208042,43.01236863878309,2.510378430741085,2.510378430741085
134.68872244289528,100.287547765914,1.542833656030459,0.0608267323203225,0.2124036925111351,44.28934580001589,45.33759660245237,1.0482508024364847,1.0482508024364847
63.691579247689056,79.75132460516261,1.146816359452245,0.0195731294552364,0.4290621244939537,6.929191790015029,8.097703211222411,1.1685114212073824,1.1685114212073824
87.1111663776588,67.4777503863249,0.1658817209321253,0.08350178622297,0.5840346181367283,21.72263320127296,22.052692943666962,0.3300597423940026,0.3300597423940026
58.87732669562327,117.20373787178572,0.2068795324566144,0.0392749091514093,0.1725817233159031,1.6197276952842325e-18,2.0382926290484415e-05,2.0382926290482796e-05,2.0382926290482796e-05
89.198111290696,53.6917643077343,0.110023376676782,0.0764441724599511,0.5948766442389515,35.97492732821653,36.4808174821881,0.5058901539715706,0.5058901539715706
84.75799043575002,102.19356677911033,1.1556048173101228,0.0847274057814548,0.316695986432707,8.443092359558413,7.719534650495056,-0.7235577090633569,0.7235577090633569
64.66951140151815,84.40774375102737,0.9979541775212832,0.0374122407467892,0.3681880530669283,4.295437986602671,3.634426200577637,-0.6610117860250342,0.6610117860250342
69.41526966185491,79.21438522052976,0.0984505025916337,0.0549052050198559,0.5617547732916605,1.800751647917636,4.923957612388602,3.1232059644709658,3.1232059644709658
66.4039947076413,62.60710064893668,0.8670108361793172,0.032690524557932,0.2293817356671039,8.627824574210912,8.511876774781078,-0.11594779942983457,0.11594779942983457
57.78700643063664,105.13516251001316,1.0867069240457186,0.0778648839449805,0.5289529217778068,3.810443199789322,3.6981767664305973,-0.11226643335872488,0.11226643335872488
133.98022856356172,73.90953929866151,0.6175342525575147,0.0497548083954576,0.4778285715012735,63.02820061637202,63.464086823456796,0.43588620708477777,0.43588620708477777
76.06292978749664,60.594238747982416,0.914354694174392,0.0665229561878732,0.2674168123708447,20.133789710200997,19.601907031703977,-0.5318826784970199,0.5318826784970199
139.41908746641184,127.23196933737526,1.4707681116227431,0.0613689459384473,0.495368177433485,43.09273197864477,42.63602940069609,-0.45670257794868263,0.45670257794868263
107.99678202031428,84.32821258872107,0.2641587168707786,0.0469114572951033,0.2536053324135674,24.813888642476613,24.7645598265403,-0.04932881593631322,0.04932881593631322
72.3412544929625,105.70259125431492,0.8372787642636194,0.0686224802213781,0.3071298768497714,1.488230449879678,1.0080263149288609,-0.48020413495081704,0.48020413495081704
114.39565794476135,114.8602122637279,0.3706551431241617,0.079566100511702,0.2649299579685108,8.787275922022737,9.087641743847284,0.3003658218245473,0.3003658218245473
115.93990799053714,65.94441562074593,1.1272947558118087,0.0515951643249634,0.4587396587672996,55.65539252426284,56.750168911688085,1.0947763874252487,1.0947763874252487
85.98249006365666,131.09685984700397,0.2084080458950984,0.0142830945982819,0.1117533779392488,7.124397652262069e-17,0.0013444704654089095,0.0013444704654088382,0.0013444704654088382
77.85627134497355,88.34051603678384,0.3246281294041785,0.0222806530817099,0.370819412077463,3.113196725787038,3.7144884941236773,0.6012917683366394,0.6012917683366394
101.3633383928651,66.72847392934122,1.1773688749688178,0.0807479350457643,0.4597814722840598,43.711892044214274,42.392903317197614,-1.3189887270166594,1.3189887270166594
120.07318803632651,68.68088706996141,1.589625710853387,0.0170093680974499,0.1376733721216525,53.22593536134548,56.73007673045162,3.5041413691061436,3.5041413691061436
72.16638430873883,107.56308900917172,1.1167397359294406,0.0743624957419497,0.2920203279482105,2.0591072879111074,1.492757821841384,-0.5663494660697235,0.5663494660697235
111.06200424416326,87.82229055060469,0.7161468800517974,0.078003191748053,0.2928338185560603,29.41532992906518,27.749646992665674,-1.6656829363995058,1.6656829363995058
92.83502838131506,97.760793262867,0.955713538872464,0.0949209000957395,0.3597310258222398,14.563403523005093,15.598311002080187,1.0349074790750947,1.0349074790750947
73.7131602383323,68.25170898459328,0.4924071146640466,0.0197564912175198,0.3532136658470324,10.448962074702017,9.687282232927382,-0.7616798417746349,0.7616798417746349
144.191054485148,134.5657659006268,1.899080910375384,0.0430933412713927,0.4239377967582425,41.904755067572985,41.88531753146402,-0.019437536108966924,0.019437536108966924
71.82488325115713,110.4558757691812,1.0590258193271385,0.057219103739327,0.2545458661805425,0.8039905220774894,0.6125525232447311,-0.19143799883275836,0.19143799883275836
126.60258995192964,60.9667038976753,1.8838693122561665,0.092227935594268,0.4280326450152136,76.58671812612519,73.47258707262415,-3.1141310535010405,3.1141310535010405
146.99255735659435,81.8337314430872,1.0058132919037677,0.0198187890846471,0.2334111243080679,66.81248637777794,69.32179476084508,2.509308383067136,2.509308383067136
57.69532016292092,76.85080419679184,1.2002237223289771,0.0782660124548964,0.2803788515563293,3.1266712531180474,3.545951009464495,0.41927975634644765,0.41927975634644765
136.8628170510361,125.553353433934,1.083743802657444,0.0134114227494717,0.2517636461364597,21.131594871583488,21.79878480552212,0.6671899339386336,0.6671899339386336
115.3130670289656,93.3231421095044,1.029799097590386,0.07784979309966,0.3091659989445705,32.128720744696764,29.976673051327598,-2.152047693369166,2.152047693369166
94.82265821082244,71.73488795708128,1.205019468171218,0.0867155017323593,0.2163832475604956,30.620563918177048,28.19651073536421,-2.4240531828128375,2.4240531828128375
106.9335201776094,119.1903862100156,1.957533777125924,0.0737030804640571,0.2266307549438414,15.195444260217926,11.256189462797787,-3.939254797420139,3.939254797420139
66.5954895295785,146.2261665137899,1.4235773934897056,0.0384434046755427,0.483274636340654,2.615206752682252,3.2565393922568675,0.6413326395746157,0.6413326395746157
111.40436069725637,142.15645757373449,1.6854893375661946,0.0365445431395777,0.4477516193822591,18.213426110671364,19.574256703974868,1.360830593303504,1.360830593303504
129.1310714312667,91.9602020934129,1.8534991162250445,0.049530234037567,0.2662636801804023,47.375304083225615,44.63925192321158,-2.736052160014033,2.736052160014033
73.40762039841152,122.646157140362,1.76409495128174,0.0358114281551397,0.4028480586816895,5.379012257001564,5.668862343645813,0.2898500866442486,0.2898500866442486
109.0230666869087,53.33436978589584,0.8821116529726598,0.040934340502802,0.5774351319218916,59.08023346777694,59.94296825763299,0.8627347898560487,0.8627347898560487
74.49390456936564,62.431930759565056,0.0608757246413552,0.0227273133492089,0.1610677932639402,12.14829333769756,12.937867799059575,0.7895744613620153,0.7895744613620153
128.66130612179018,130.6091857155932,1.0767638697718538,0.0241846807862058,0.2097550383199547,11.807765903196042,13.981255264731944,2.1734893615359017,2.1734893615359017
149.82689762040687,72.08403722847183,0.1919108242274311,0.0709403280173182,0.1128262399364472,78.71757804034948,77.64441645304201,-1.0731615873074674,1.0731615873074674
125.33781852589416,64.7202461097909,0.1901989872034779,0.0610565176660639,0.2056129586836505,61.36481415905579,61.22159476877767,-0.14321939027811936,0.14321939027811936
124.61148572032364,52.58411390720232,0.3346874241953932,0.072338137444028,0.4135914653108965,73.2856590812651,74.45111634469532,1.165457263430227,1.165457263430227
91.11443364799872,105.52030889142895,1.841640485545834,0.0510359392462577,0.5799986171508485,26.2361105201096,22.49859405112105,-3.7375164689885523,3.7375164689885523
117.36454174749078,75.78039169919693,0.849625351143872,0.089145463634107,0.1530178594901774,47.112227612293125,46.930413955324696,-0.18181365696842988,0.18181365696842988
149.7672263264659,57.43288606329371,1.0662194803587466,0.0609399437024086,0.2257180208857278,95.94743556558512,94.82794403736597,-1.1194915282191573,1.1194915282191573
106.37022194181915,92.54761067017772,0.983154280233184,0.0153171685942036,0.1115756048681004,15.609877051793717,19.230086412192676,3.6202093603989596,3.6202093603989596
66.03654061197432,64.58555588835046,1.938266111632276,0.0783734835559418,0.4495269952836562,20.75657218403716,16.91664823346909,-3.839923950568071,3.839923950568071
67.4410543216415,137.70606825859971,0.1196592919379931,0.0291722682838464,0.4047578539046763,4.828257809265251e-07,0.018866747600906317,0.01886626477512539,0.01886626477512539
109.191440441907,111.94955829943495,1.6162078412755596,0.0737348692542579,0.5199547762964881,32.180718517288334,30.426833551419683,-1.7538849658686502,1.7538849658686502
133.5126163343204,102.59218260706707,1.3408682001875405,0.0875217901497649,0.1855496615837139,42.64182187156051,44.04291826869993,1.401096397139419,1.401096397139419
117.9393488112426,57.46132090189402,1.3746456945362957,0.0784300630353474,0.4271788210090608,67.1367150845478,66.52727983835011,-0.6094352461976911,0.6094352461976911
90.1785245162759,113.0073929696232,0.298037913984635,0.0463506021180109,0.1851872885927724,0.0663220725123183,0.26048832697925894,0.19416625446694064,0.19416625446694064
104.41986625037022,103.37003734151716,0.9282435801340646,0.0447527338472363,0.3969965535504149,18.20509845568004,20.62905797582275,2.4239595201427093,2.4239595201427093
87.24006660353561,51.20837455144288,1.8604767770133093,0.0435358225970823,0.2903580632435515,40.67099827606444,40.42722298558133,-0.2437752904831072,0.2437752904831072
149.88260595142484,86.70634418763643,1.8069557558616989,0.0594622511144099,0.375038977248662,74.44157502171471,71.89696053819121,-2.544614483523503,2.544614483523503
91.96722921572685,148.29892097249848,0.3393266990050014,0.062509054395489,0.4279932746885868,0.3776273633485578,0.9666593464541303,0.5890319831055726,0.5890319831055726
115.70304982341074,95.58683716019344,1.3932592259840095,0.0423137121880781,0.1914111169287629,27.1455452216059,29.745570562486513,2.600025340880613,2.600025340880613
144.44878798452436,114.75073798456974,1.971542490779272,0.0941614345861811,0.1369927067224801,49.26276024669248,45.21426227085355,-4.048497975838927,4.048497975838927
53.75286575318031,89.05476467244598,1.006241797529601,0.0886845789903065,0.369084174041419,1.5893011939985993,1.6901828175057,0.10088162350710084,0.10088162350710084
90.84555814084824,95.02986262437469,1.331237862648809,0.0375266532655021,0.1252032127748889,5.444343576508594,6.953956940621891,1.5096133641132976,1.5096133641132976
132.0981017299141,120.09928939891488,1.0295352891938814,0.0714142661353864,0.5724711316303015,39.22964942841841,35.45066040379703,-3.7789890246213815,3.7789890246213815
73.41686861966424,146.68947063899907,1.831695838396661,0.0916650019247692,0.2633704400819691,1.052946021113648,1.094148568824483,0.04120254771083487,0.04120254771083487
128.2984649576029,57.80453093519344,1.3129140559262122,0.088846500304682,0.1622704060454548,76.85829834503,74.37799252795404,-2.4803058170759584,2.4803058170759584
68.923531094927,142.41655652894624,1.6584029959536903,0.0532883735919657,0.4375052444861579,3.354699442122936,3.4415737224463365,0.08687428032340039,0.08687428032340039
149.86942530304435,109.96641612910857,1.533072957829822,0.031887661351895,0.3501633250695942,51.28919638683847,49.20260546980164,-2.0865909170368298,2.0865909170368298
61.6878760590939,82.6799504799474,0.088267002334869,0.0996362451574595,0.1507634424362927,5.4179324350783676e-11,0.13346946741408983,0.1334694673599105,0.1334694673599105
140.24032761106747,94.46444143253616,0.5962152082053358,0.0700862015235506,0.3812301456366542,50.6418680594636,51.50075939087269,0.8588913314090902,0.8588913314090902
74.21834455937677,143.40437926474934,0.1453917997416078,0.0387544900028184,0.2205321163909746,4.3762414685284644e-15,0.02266592000072094,0.022665920000716565,0.022665920000716565
121.33217295012724,72.22004130760848,0.8931804295649013,0.0888691321564267,0.4258683872655844,55.70208525064286,55.068112013436924,-0.6339732372059359,0.6339732372059359
75.43400875776041,140.8652198783399,1.187075177646135,0.0483643432690481,0.4854632157817692,3.753433833012061,4.45201734624865,0.698583513236589,0.698583513236589
74.1671225972601,65.16265293542287,0.2708146191847524,0.0185005354929955,0.4649546893306245,12.358259653284447,12.87373546834931,0.5154758150648622,0.5154758150648622
120.62422271564962,66.58299760394938,1.991865329933252,0.097432291543628,0.3887853105479096,67.25531118231868,65.17245833919435,-2.0828528431243285,2.0828528431243285
66.09554874567291,86.77761326518467,1.4607216632819375,0.0510315218785471,0.218459513332347,2.5194359963624446,2.9920259687516877,0.47258997238924305,0.47258997238924305
118.86316293078757,137.31840920006323,1.1710404354143031,0.0561062135285241,0.1295934067222363,3.1118968581060216,4.915941305485063,1.8040444473790416,1.8040444473790416
81.38780765150273,140.16738252269852,0.6213333784165426,0.0381516303885664,0.2208365762835304,0.0073344496534873,0.08094334063283934,0.07360889097935204,0.07360889097935204
96.1033568097812,64.838536349964,1.517698271125531,0.0895483914954572,0.536442130919209,45.1668118468699,42.64486922568336,-2.5219426211865397,2.5219426211865397
67.11847438351253,88.31531559780703,1.1495508083525017,0.0882126347212718,0.1977067882363992,1.8055981422921563,1.7281440113072548,-0.0774541309849015,0.0774541309849015
91.41297525289268,60.49342185144043,1.7615578365092563,0.0132498161874076,0.5934638163431228,42.41684068878216,40.352878097229734,-2.063962591552425,2.063962591552425
70.63337184057926,51.65227297865266,1.1038539719130571,0.0595345482223653,0.4126549077153622,24.89988795744827,24.687274206414497,-0.2126137510337749,0.2126137510337749
128.0338247625157,73.88221031296975,0.6295970924795307,0.0415314351413945,0.1871654812257752,56.05862607623274,56.210967579943485,0.15234150371074406,0.15234150371074406
86.64566463399797,117.44668799869838,0.2633488454905886,0.0287774275221041,0.168361857473869,0.0006618457166452,0.052346695890026246,0.05168485017338104,0.05168485017338104
119.67136003530284,103.26226331674252,1.7967701171514014,0.0744716686012389,0.4268484774368825,41.01870038279685,37.39987136900835,-3.618829013788499,3.618829013788499
144.16948315016597,142.87572878882364,0.7297983034652,0.0736984513793752,0.4654431090563915,26.686142501354997,26.715763207268395,0.029620705913398382,0.029620705913398382
125.97116603389674,110.83444456294647,1.948834580540216,0.0593011768033654,0.4302836005912758,42.216234892014775,42.31735101836803,0.10111612635325429,0.10111612635325429
75.46268666528954,85.59267096208225,0.1083840017352333,0.035404965888722,0.2067160959240615,0.0789793559286966,0.8174057028617362,0.7384263469330395,0.7384263469330395
117.42935737000246,59.63910724944334,1.3020364992175224,0.039439506432257,0.1799965884148039,60.77631544308052,62.17831032845907,1.4019948853785493,1.4019948853785493
113.95538263773112,144.82283332893206,1.8758526289410369,0.0682936160291623,0.3641587641793913,17.618932487525434,17.22331069232043,-0.3956217952050025,0.3956217952050025
85.00068684731787,56.9004839200402,1.866552631623522,0.0982877150424132,0.4825177785428012,41.79849275612089,40.56956117583847,-1.2289315802824206,1.2289315802824206
97.02962226915749,83.5247900931225,1.0255413455548386,0.0352864188744324,0.2993900935571909,20.86747613252676,21.659505871676746,0.7920297391499851,0.7920297391499851
84.58900755820233,76.48849425826519,1.7106533360316232,0.0786649149716176,0.4044135531344426,26.152662716756566,26.990798100195683,0.8381353834391163,0.8381353834391163
103.3480208744783,143.69837148359625,1.7522917422706543,0.0554749784177053,0.464718518143244,16.634298173120598,17.709513776072413,1.0752156029518147,1.0752156029518147
72.78007557128562,71.23215339935346,0.1431559173027145,0.0164693488160842,0.2860964849208396,4.037244671357385,5.455124812649054,1.4178801412916693,1.4178801412916693
69.72058972310008,114.8558014467041,1.3465362003818715,0.0792864044661816,0.3042212576353921,1.9878638789473813,1.9811264509549986,-0.0067374279923826386,0.0067374279923826386
128.8686429231424,141.29036483443429,0.1782530449462993,0.0390425423350331,0.3724817734238144,3.915706599949559,4.504945484053872,0.5892388841043128,0.5892388841043128
98.30662451933026,138.45314396280023,0.514962995354186,0.0469932299943743,0.2283459801283769,0.1865266919761454,0.22139943213842922,0.03487274016228381,0.03487274016228381
93.91349085702184,76.04352334235026,0.4661044798096636,0.0981955379369353,0.5790383677090031,26.29334444718026,22.54795815332436,-3.7453862938559013,3.7453862938559013
125.13750860290456,73.53850069533078,0.6662581382676962,0.0390686017106572,0.3765647675332894,53.88574578049486,54.81685397977651,0.9311081992816526,0.9311081992816526
103.93422419156508,85.73486916645925,1.9184006216611125,0.0175545154259346,0.4475788576731514,34.69923550668036,33.811683264897255,-0.887552241783105,0.887552241783105
143.57998315292912,73.67582345998301,0.3759452458882458,0.0912289262006991,0.114732437291385,72.38818449504316,72.62868285256071,0.2404983575175521,0.2404983575175521
94.4385026638056,138.47962030441727,0.6977897496196886,0.0484388835615777,0.1706958485273723,0.0376939367032954,0.2859477916643043,0.24825385496100888,0.24825385496100888
90.6172012911486,95.25900255395509,1.06115023810743,0.0153408433772604,0.2348029726648994,7.405769648814783,9.17616731503249,1.7703976662177077,1.7703976662177077
99.02028542056284,58.68308301374162,0.92419417680902,0.0794473505748189,0.1338999214736979,44.49161364760618,44.52962515117892,0.03801150357273997,0.03801150357273997
99.27813458649555,122.43274008140212,0.9121796723122269,0.0517908495719989,0.5623103833478017,15.128361737866506,14.537669689524494,-0.5906920483420119,0.5906920483420119
130.66650530268163,73.07839225136752,1.541653695663089,0.0115941430069268,0.4920853394588855,63.85186416393756,63.96466125988776,0.11279709595019938,0.11279709595019938
59.0318560299073,94.8380239903278,0.8501810192866229,0.0888189049457617,0.4689476169452873,2.9627513592032084,2.9730936010524633,0.010342241849254918,0.010342241849254918
106.83550459866208,104.29917728080906,0.0524499938339107,0.0115964092702054,0.4717519671389986,5.964009828709088,11.887423286711716,5.923413458002628,5.923413458002628
77.70254488696243,113.63108155392564,0.7359272561106476,0.0866345004634362,0.1869066855461686,0.1329174610443182,0.22468451391536032,0.09176705287104212,0.09176705287104212
107.26072328820224,108.5882244989592,1.4858556417659563,0.0705231974317293,0.2632101583364054,18.338333871211816,17.28296892134561,-1.055364949866206,1.055364949866206
134.8736992593174,62.63053804406141,1.8495420192341576,0.0110991604204174,0.2692788344060209,73.7003937229687,75.97747613985018,2.277082416881484,2.277082416881484
136.07305832563435,57.06587926743863,0.9710767538606632,0.0116880318493739,0.4519496059657767,79.99707299471834,81.73081838228421,1.7337453875658753,1.7337453875658753
84.6495063176825,112.545061855895,1.4707535190886551,0.0868234758194026,0.5130187419121143,15.921195210902583,13.030751617827104,-2.8904435930754797,2.8904435930754797
103.65546710107994,141.07742441373549,1.315279049660185,0.0601796163877312,0.3096053158630297,6.408224220721969,6.437328363021255,0.029104142299285485,0.029104142299285485
125.2310970673456,104.95324571892245,0.9761854553521956,0.0190708601603645,0.3689862118875937,29.891816977814717,30.911732396012958,1.0199154181982415,1.0199154181982415
121.8909815325211,75.18103504538793,1.3536525584317536,0.0791076725489457,0.3449364046063302,55.46818914866749,56.197355580103114,0.7291664314356225,0.7291664314356225
127.00393156821232,55.05633241059724,0.8636450379899638,0.0164918220187445,0.1458858759282363,72.72621282767447,74.3090189264981,1.5828060988236246,1.5828060988236246
64.46549020069769,98.58000651009556,1.7733431513179736,0.024242647654963,0.1076123627238418,0.0133019916480842,0.4167242207417275,0.4034222290936433,0.4034222290936433
77.10962537640657,126.48895286111438,1.0698941617838689,0.0971598313816274,0.2790753230836011,1.0883217005253505,0.9072393872617651,-0.18108231326358537,0.18108231326358537
132.24223736682785,95.80688623688062,0.8912863531340307,0.0711538571206278,0.5603418342440104,50.01047957194864,47.27832100194399,-2.73215857000465,2.73215857000465
64.87959694051156,53.68358171033033,0.9336930699179478,0.0240146736799453,0.2417072946149649,13.731956658071176,14.390988411264052,0.6590317531928758,0.6590317531928758
65.6206568686622,74.93546301253454,0.9965191965401672,0.0987874453450722,0.1621991055295499,3.259382480201637,2.881234131503152,-0.3781483486984851,0.3781483486984851
111.96641516197089,65.91667730857267,1.1570786646556963,0.0962548939032761,0.3507493851141375,53.551102423802334,52.781221618542844,-0.7698808052594899,0.7698808052594899
72.52071002162016,86.21121809808733,0.321457700489264,0.0834891516064055,0.5368653594376646,4.817549906449969,3.9105906107859574,-0.9069592956640116,0.9069592956640116
125.00840749486622,147.686710296433,1.932217567997375,0.0713652202782659,0.2511474854960286,15.807244574127225,16.52477469004942,0.7175301159221945,0.7175301159221945
143.17314247538246,116.5386623785032,1.2814612730700772,0.0160253721417061,0.1237725098532627,29.40383414807519,31.78769175326289,2.3838576051877,2.3838576051877
105.90612877652516,76.36443132783143,1.841269566313596,0.046894898131218,0.4600471834126164,43.8270163925729,42.77632084901005,-1.0506955435628527,1.0506955435628527
61.31590065896763,97.50859085606945,0.6721329111521851,0.0563376159683617,0.510734762965883,2.5244472475751625,3.0056035130774728,0.4811562655023103,0.4811562655023103
149.98051441338015,145.17854628522082,0.4088428891387677,0.0901791519478417,0.4770908034779639,23.05018404891489,20.98637032991617,-2.06381371899872,2.06381371899872
110.6715046382856,78.21116061035977,0.1072210749077533,0.0253859271060366,0.4187680074867319,32.69463588687884,33.68460202891979,0.9899661420409487,0.9899661420409487
102.77011090863,93.82274945491,1.507897090103174,0.0676365969895738,0.2934467216138996,24.27845460560033,22.630878980538757,-1.6475756250615738,1.6475756250615738
114.02509149522764,107.38692169072056,0.1488661928325878,0.0383734821681125,0.1316631273411368,7.50874007090745,9.830471046272343,2.3217309753648934,2.3217309753648934
112.25753978327816,60.24386897660806,0.5726935659452697,0.0199595080745591,0.5255576669926436,53.4545615706861,54.72067445412952,1.2661128834434194,1.2661128834434194
147.4272240527946,66.57104870716265,1.8639618509837532,0.0801423143168925,0.3893792017716532,90.81388445761206,88.05371225140321,-2.76017220620885,2.76017220620885
123.59204063739487,82.39669328305402,1.653027551011931,0.0327443941514658,0.1936797797745441,45.84593676852343,49.02783830462842,3.181901536104988,3.181901536104988
103.2398687226913,68.64539213110544,1.042692474726314,0.0929435621651377,0.1733126233409282,40.943802260951216,40.43004510779424,-0.5137571531569733,0.5137571531569733
133.17853001851591,124.93987943269136,1.3377137489711708,0.0350995184174076,0.2397750751389009,21.9896723829319,22.169196930956783,0.17952454802488305,0.17952454802488305
134.221008021026,61.95821067648558,0.8198918568805129,0.0490051355204892,0.1492403097092815,74.70286297268771,75.30158135569616,0.5987183830084462,0.5987183830084462
83.419271417311,60.02969669278893,1.875039717972455,0.0436801007363751,0.2208809630653906,28.92814909787357,29.318397372017085,0.3902482741435165,0.3902482741435165
108.43143119231,133.71474313251173,1.8083331322753176,0.0928283395189242,0.5634835042656727,30.429780445461923,28.7378044893248,-1.6919759561371208,1.6919759561371208
110.102587748869,60.72909464919472,1.156290431980567,0.0403846292367286,0.2966293284086463,52.35166555680512,52.92849829083877,0.5768327340336441,0.5768327340336441
55.34657241256284,137.02005312278686,1.4284106615120518,0.0741919097700482,0.4596939204129164,1.4263630602711643,1.5512230381451693,0.12485997787400493,0.12485997787400493
63.721723161006594,147.65750318871625,0.1075204669126354,0.0602916947808395,0.2172721378987109,3.4989089469667264e-32,7.823014743929158e-05,7.823014743929158e-05,7.823014743929158e-05
120.2627106323652,85.39066240102308,0.8415160273716515,0.0580140427278429,0.122217887392813,38.94135027193843,40.35053523406683,1.4091849621283998,1.4091849621283998
87.81539679503604,97.98710601102766,0.6115640213179422,0.0832954482632318,0.2906114782655085,5.802003422948239,5.4888913510631205,-0.3131120718851186,0.3131120718851186
114.78370386082264,70.04554613053799,0.4043196556983268,0.094405670922711,0.1479216848961349,47.361417532798015,47.74259754515497,0.38118001235695687,0.38118001235695687
91.29111895892132,88.04358028919819,1.4490757962904872,0.018518838025876,0.1923166215374065,11.244185895158154,10.798941289464773,-0.44524460569338054,0.44524460569338054
102.965972394562,50.692009558482674,1.425542263931188,0.0956008746228379,0.5126356831288346,60.262226832365904,57.23566019725655,-3.0265666351093543,3.0265666351093543
54.28373211889984,59.56062841392078,1.7300362252339505,0.0611183219111824,0.5098729606902729,14.516186724676809,13.557117591756018,-0.9590691329207903,0.9590691329207903
109.21072134710428,83.5545537639463,0.9857805568282582,0.0892095505649103,0.368225460294296,35.59036156581737,34.317678843956756,-1.2726827218606118,1.2726827218606118
82.88452882089896,69.44486967235002,1.1798801520224862,0.0180773014933254,0.2117476419505886,16.756088420282943,18.111494025950538,1.3554056056675954,1.3554056056675954
129.38181039080396,55.80296270942807,0.8076828284416009,0.0207258291412916,0.4504541862870617,74.71135918592906,76.2692062297543,1.557847043825248,1.557847043825248
53.65496678480949,101.54224480069132,1.5081781666699832,0.0597293642675037,0.3000045138639385,0.775381468814448,0.7977201879891586,0.02233871917471053,0.02233871917471053
93.15542899531071,143.55627737088332,1.8306144272478704,0.0858545458254421,0.338119259235061,8.11039875695451,8.42313619082229,0.3127374338677811,0.3127374338677811
84.30440057930102,126.63479638310558,1.0897991485975007,0.0625283946787713,0.2764894408558646,1.6949671681155305,1.8087560780592082,0.11378890994367774,0.11378890994367774
149.20159693968355,124.5350288312516,1.7472866830131504,0.0891698029442201,0.5187097951149278,59.47430497650467,55.92484988029762,-3.5494550962070477,3.5494550962070477
59.33281202698264,123.59034308719454,1.068839202524232,0.0217419647606682,0.1935532303870957,0.0008040870186328,0.005391005187363087,0.004586918168730286,0.004586918168730286
96.66931208844083,127.44809584543674,0.1781937847571301,0.0746061952755527,0.3001195624425535,0.0961389281559252,0.5961334525512918,0.4999945243953666,0.4999945243953666
149.4949986121942,65.73185939612702,0.1235654816439856,0.0149224536746136,0.5405596284193838,83.88425948066296,83.01357593268064,-0.8706835479823241,0.8706835479823241
118.44353610693076,85.41696785202572,1.4506959614360555,0.0406847346742239,0.3710649013198049,42.53665443495028,41.72531695004167,-0.8113374849086057,0.8113374849086057
131.37950197069486,98.59817845641028,0.923982039646496,0.0262131509322663,0.406529503938306,40.39577327034034,40.32514930427846,-0.0706239660618806,0.0706239660618806
130.7070903866703,80.39702759710055,1.8463567785229087,0.0202771067509072,0.186167948499819,53.44245141581787,54.31287903147848,0.8704276156606099,0.8704276156606099
129.2189938275245,95.702735502043,0.6118858426648501,0.0521359164921117,0.4821592058682371,40.76928806560912,38.36916094582511,-2.4001271197840097,2.4001271197840097
98.3593048104329,68.51834381011437,1.351182674818765,0.0805071675995728,0.4279406025672706,40.40631965751543,39.07033682240232,-1.3359828351131142,1.3359828351131142
127.04117870686436,53.04260282027112,0.2791925100470368,0.0641026422579246,0.2455179676889121,74.93943379123576,75.66295631327239,0.7235225220366317,0.7235225220366317
76.0849245962089,89.63306537361231,0.6816378740607497,0.0920228238745615,0.1090026117629808,0.4709631228803204,1.6115652028146783,1.140602079934358,1.140602079934358
125.33881149198358,88.65581687096312,1.4786308806075634,0.081816711683201,0.2532477456325707,47.63840358459959,46.58760483305741,-1.0507987515421746,1.0507987515421746
138.54387643623056,123.19816092736072,0.8972324157037099,0.0256175231647066,0.1617632790711325,20.07097943727291,21.783382449101975,1.712403011829064,1.712403011829064
135.14350378574747,60.54672618056525,0.1189990517634703,0.02715646044833,0.4346310428663467,74.79212426348991,75.54496879907312,0.7528445355832076,0.7528445355832076
145.99281205835015,135.98334808462408,1.208913478407173,0.0157993907332082,0.2769472596884872,23.92550960460005,24.247405694673045,0.32189609007299325,0.32189609007299325
63.97205669789541,56.82859837264201,1.9933484624819997,0.0838554876785015,0.5024811220135265,24.656185260679106,21.66461140888116,-2.991573851797945,2.991573851797945
104.38936964926413,91.58351224329314,0.3237829056013263,0.0841161203319385,0.4167383503591749,18.708919797481197,16.790275429019662,-1.9186443684615355,1.9186443684615355
73.36090320362368,100.99545060026142,0.0709678960459781,0.0182962891000712,0.3611154677095428,0.0010143520229376,0.2588439843399953,0.2578296323170577,0.2578296323170577
148.40181501963605,80.01107976252328,0.4784695200809643,0.0122960071223998,0.1544272013380021,68.86007962507408,69.23633310969902,0.37625348462493946,0.37625348462493946
57.09161914385695,123.34059449146072,0.5041550669306958,0.0732199930155954,0.22089406250166,3.728035495602228e-06,5.7767733055274886e-05,5.403969755967266e-05,5.403969755967266e-05
119.24454812415468,127.3645182455898,1.3796661174145106,0.07739218752855,0.4577277825308401,27.22467292112436,25.837341383782555,-1.3873315373418045,1.3873315373418045
129.65485540464985,103.90050448257506,1.8549588355608144,0.0673546024036921,0.3104574420633311,43.24390400968447,40.32244029899982,-2.921463710684648,2.921463710684648
56.65647279142229,98.58233671513008,1.1400296775808738,0.061189264877564,0.2900438489702716,0.5612063998376025,0.9976228913948211,0.4364164915572186,0.4364164915572186
135.1484449313994,80.55361467878869,0.578398474985402,0.0895352041661206,0.3992528296514684,59.02141285491568,57.632682127983344,-1.3887307269323372,1.3887307269323372
137.14605901877178,108.79422383882644,1.5712384324689268,0.0500091780475485,0.2093270293668147,38.35632143919783,38.39062275122829,0.034301312030464715,0.034301312030464715
123.5228518101596,66.35209511974588,0.0938611908426367,0.0144435355192797,0.2391074552620753,57.26064844630858,58.701391271544516,1.4407428252359367,1.4407428252359367
80.97724847240491,141.4452912837003,1.5034138613476968,0.0244642999303878,0.3808102032504992,3.2052037323757414,4.043101340817435,0.8378976084416934,0.8378976084416934
105.0944193840603,83.70637360119082,0.4427149662310228,0.084982777076073,0.1685507814983408,24.510037950511062,23.92250865370547,-0.5875292968055916,0.5875292968055916
90.95609272625092,107.84324380201994,1.5362518350604126,0.0129471965491748,0.4109801465534622,13.223704746861358,14.208969902440955,0.9852651555795973,0.9852651555795973
65.20248531286481,127.8579454135216,1.225315593641684,0.0128689952102753,0.2837264707437744,0.1852823258497489,0.46798502218940946,0.28270269633966055,0.28270269633966055
98.4425470834399,105.90203392948624,0.7415370107620708,0.0237265623750766,0.3211618845107163,8.550757344227428,9.014810404716368,0.4640530604889399,0.4640530604889399
108.07685836144216,64.77485784141143,1.8851463467773628,0.0343823788822509,0.4372473803417691,51.61013062601578,49.9795326425039,-1.6305979835118833,1.6305979835118833
85.61391620149682,141.42718511298546,0.8085023705032066,0.0905401097129774,0.1601401281096935,0.0063052913535067,0.11044337033141273,0.10413807897790603,0.10413807897790603
77.5767568251357,118.03521921518914,1.9353070307567124,0.083708164876527,0.2154235415046752,2.837406682219102,1.8408701933171687,-0.9965364889019335,0.9965364889019335
119.90274140420952,98.8105591868824,1.8810867170076728,0.0752955418208501,0.1156882874144108,34.24192931533453,34.656239236197074,0.4143099208625429,0.4143099208625429
58.12296348066727,64.51088171252982,0.2160475979998848,0.0309313220571039,0.4989042424423343,3.15047557650356,2.884799438321677,-0.2656761381818833,0.2656761381818833
69.75845858283182,118.27984501587862,1.8798222241286549,0.0591821443825772,0.501880306786248,9.571147558929074,8.642536527467012,-0.9286110314620615,0.9286110314620615
125.01548237949216,101.8254912104532,0.1260002472308735,0.0824486697846744,0.363570123648713,24.52655134703677,25.82357095739008,1.2970196103533098,1.2970196103533098
112.37721906508528,107.51693417575706,1.5219391724117377,0.0475983768747073,0.2142973006555353,18.41620841895792,20.005639180200138,1.5894307612422196,1.5894307612422196
83.92406611738363,114.94004673774934,1.3451726077195247,0.045099312647817,0.3464608140865536,6.064295616688334,6.286647902263494,0.22235228557515985,0.22235228557515985
98.20173397769324,80.69357437923523,1.5534821843519453,0.0993753656631445,0.150496083410691,29.235614827549867,28.62357686958151,-0.6120379579683579,0.6120379579683579
137.03037784998423,89.82292424679243,0.8762461686981355,0.0875643479528029,0.3734622243413015,55.11511640721282,53.33655199867029,-1.778564408542529,1.778564408542529
112.85039000835678,78.0477551642448,1.0885918243410022,0.0148975837638278,0.3668310798525795,38.959972896795385,40.47080243205665,1.5108295352612657,1.5108295352612657
131.93187623469646,123.48674669691331,1.816890346542945,0.0711590986902718,0.5339380112660351,46.67901724422104,44.7532209078875,-1.9257963363335406,1.9257963363335406
142.83725519807916,59.457448620831634,1.94925228600906,0.0117199146522945,0.1897265865003774,84.72483440624197,86.73771540874763,2.012881002505665,2.012881002505665
97.34717707805656,78.17525783417406,0.8768977635700747,0.0978928748251465,0.5283624794278814,32.27695398454974,30.40476003276958,-1.8721939517801616,1.8721939517801616
123.75012481097484,108.88779971403042,0.948126247341416,0.0512706778930657,0.3118315378517565,25.971350720455334,26.642428315740712,0.6710775952853787,0.6710775952853787
68.90170673345543,88.27411858643163,0.0716626103538421,0.049951458135878,0.4843423623899434,0.1163207276752391,0.9770089449299759,0.8606882172547368,0.8606882172547368
122.41359788326332,65.15087110560671,1.9050375923798284,0.0546008822411833,0.5245334375599231,68.46694772505559,65.3876837804085,-3.0792639446470957,3.0792639446470957
59.44624258010869,105.45607137627746,0.1723158763717722,0.0738866304828882,0.5812270615952851,0.0645661437644236,0.061139567844173896,-0.003426575920249704,0.003426575920249704
108.8688974336016,98.20549020049756,0.8118997421603065,0.0415026158415009,0.3080670242718548,19.535690327576752,17.852955975857444,-1.6827343517193079,1.6827343517193079
146.2648414677925,144.91321529166646,0.6492017438552049,0.082319281984174,0.3570388116232991,21.04769459674874,20.952228874533606,-0.09546572221513472,0.09546572221513472
142.71748377359887,138.41379632883147,0.3554838995434548,0.0961139815082898,0.1774983827890854,11.369044842753851,11.694338409025443,0.32529356627159167,0.32529356627159167
96.02066181566153,148.27149920671255,1.397679188670094,0.0592944838258505,0.4052256968553702,7.274772479222079,8.254653102003022,0.9798806227809429,0.9798806227809429
90.06992812432529,63.44391059278267,1.4806285388663236,0.0270997370227807,0.4471267335676202,34.59257834625649,35.77399515602098,1.1814168097644924,1.1814168097644924
76.77516655395416,105.59451565236488,1.0594572974870888,0.099101711982127,0.1278228603529314,0.2461371891889525,0.7449472546534435,0.49881006546449097,0.49881006546449097
106.32647205206206,103.55235107553732,0.7189373066947726,0.0736410517429448,0.1034650474733425,9.005782761483601,10.641625294938532,1.6358425334549302,1.6358425334549302
80.16035662971646,139.55921185013412,0.5051782113580552,0.0338589395440126,0.5426414655517584,1.4856713976861124,2.3443510007142194,0.858679603028107,0.858679603028107
104.66772648973117,73.64595760623557,0.4991036753182916,0.0483943552409867,0.2765496721687586,32.95514526098313,32.68096424773158,-0.27418101325154964,0.27418101325154964
94.82388465553964,65.31689154795266,0.8640051259817522,0.0314078339716947,0.3576567620007327,32.68171555013374,33.44941487718517,0.7676993270514316,0.7676993270514316
50.43595799565804,62.952612675421705,0.1826727561447151,0.0734717076876289,0.5513322456077556,1.3586486312407082,3.0707685967988945,1.7121199655581862,1.7121199655581862
105.19741952717796,114.12657532228862,1.3623759437951264,0.0556938920439293,0.2365840066579792,11.29209735880636,11.901277174626843,0.6091798158204824,0.6091798158204824
59.12866767861336,91.70352245131708,0.7356215301032377,0.0194682338812659,0.1588098024927172,0.0024996820713147,0.019022314281508846,0.016522632210194146,0.016522632210194146
115.87176387270222,132.1871354870846,0.7282072959623634,0.080819214005872,0.295129635633089,8.168274590013972,8.674510275962401,0.5062356859484289,0.5062356859484289
51.6947664889581,149.6910889297773,1.1075357531143908,0.0153446379177836,0.4592830617176162,0.2225072836500272,0.46960676885223024,0.24709948520220304,0.24709948520220304
64.20616094430622,105.874499716638,0.3941940669344838,0.0469577090901509,0.5105462092369787,0.7558506767106206,0.6180422917786709,-0.1378083849319497,0.1378083849319497
74.23536951367623,78.70566061191558,0.3063874222904717,0.0304659574184944,0.1068092587055748,0.5114899044747894,1.4561390812933375,0.9446491768185481,0.9446491768185481
138.50153245472586,138.9070925488164,0.2986490545950159,0.0532600738816274,0.2792243866002157,9.292306236142409,8.636140665324945,-0.6561655708174641,0.6561655708174641
119.28011986299089,77.26890400480637,0.1634061595978795,0.0960334286543628,0.4637398932242,43.262713607958986,45.43818762439421,2.175474016435224,2.175474016435224
104.11029164541512,112.76864344461144,1.1765064609839109,0.047009840048996,0.5276891600957461,22.469898371313235,22.34119846068474,-0.1286999106284945,0.1286999106284945
80.52643016074359,51.46311795052234,1.3408545122782785,0.0243701218624865,0.2884829183659789,31.423637105663104,32.41155770916513,0.987920603502026,0.987920603502026
146.61780248345366,130.70829198026206,1.399577526075637,0.0912702377932392,0.1641413985344043,32.857168810234626,31.533052643833884,-1.3241161664007421,1.3241161664007421
66.6432076662457,109.70591320788624,0.3827686950290166,0.0292140015932091,0.2176230638165316,0.0004134521791433,0.0005745838422041951,0.0001611316630608951,0.0001611316630608951
116.87532544498136,142.6803366439785,0.0991230628302273,0.0763841118229627,0.4807294930871507,0.9464847460379088,1.666692216385798,0.7202074703478892,0.7202074703478892
60.52184741418243,113.86640771596788,0.2370231034937082,0.0236701094361715,0.3413524143724475,0.000265900798971,0.004056453904891089,0.003790553105920089,0.003790553105920089
105.40583834602108,102.81071259750551,1.4924762429033418,0.0510727827084079,0.3622608759910224,23.090848875623017,24.82470608007475,1.7338572044517342,1.7338572044517342
70.24805601652375,115.28730929701598,1.7738348265908574,0.0659367041495793,0.5731722110908359,12.435005723941,11.057107493018675,-1.3778982309223249,1.3778982309223249
93.778147729962,99.1132889820484,1.987501664770137,0.0126677261928259,0.3695199519540313,18.16302954954265,18.88647573628844,0.7234461867457895,0.7234461867457895
72.71795570235149,127.92266510822552,0.4892827058738381,0.0924678814639796,0.4817444788082089,0.8369917002573208,1.1799619188124593,0.34297021855513843,0.34297021855513843
82.82550892773371,115.67870109644292,1.4257974945851748,0.0513914100491762,0.2916833879402085,4.2820028000870245,5.187761882025159,0.9057590819381343,0.9057590819381343
91.09329049627584,116.49810252380308,1.55896931480912,0.0357668144502933,0.3404855346143423,9.034123309879185,10.105028869876323,1.0709055599971382,1.0709055599971382
58.47661544263332,133.64763806164098,0.8697674478418064,0.0999657005578159,0.4020437388750698,0.2859378012391902,0.43494525872596207,0.14900745748677185,0.14900745748677185
128.77087308864188,118.00025915317676,1.4427957875038688,0.0339268207708367,0.2674171314772288,24.937913240062077,25.082498065051947,0.14458482498987024,0.14458482498987024
59.84241891013687,143.66882392848947,0.4291602953801005,0.0188226744429619,0.24330189368835,6.610109617641774e-08,0.0008381783630382637,0.0008381122619420873,0.0008381122619420873
127.98509888933498,113.3788198907292,0.6068583328177142,0.0655562244775501,0.4971387739162455,29.229824974856484,28.02936639991989,-1.2004585749365937,1.2004585749365937
105.8404249735805,146.8753442442803,1.8188457048271605,0.0245400428912096,0.3248740862595989,8.24663044003508,9.021075228875164,0.7744447888400838,0.7744447888400838
71.07931015500286,140.0339963874295,0.789726955616264,0.0164505689712651,0.2863661113749267,0.0351279672506443,0.11244371615158419,0.0773157489009399,0.0773157489009399
138.948999039953,99.28052557880903,0.0864854109701978,0.0981122380887874,0.3216432911988249,40.50769400697685,43.77756567273548,3.269871665758629,3.269871665758629
139.09953746442648,86.43227571975999,0.7414748756388997,0.0276713957927148,0.5528094431620415,58.31646964231983,56.810899676265315,-1.5055699660545159,1.5055699660545159
146.66548190436697,73.35118585932646,1.3060416442809992,0.0186966083276525,0.4569120894520438,77.11273422366042,77.47037618839772,0.35764196473729726,0.35764196473729726
62.308785340327056,70.62078973854511,0.9088980392305394,0.054234058869262,0.4299928098167963,8.23797484848112,7.860955356051346,-0.3770194924297732,0.3770194924297732
75.98132087450342,94.09753884464088,1.0488341478193666,0.0674290845780504,0.3173482837174167,5.714378885766269,5.790912708542344,0.07653382277607523,0.07653382277607523
99.78125080342905,112.40584427773489,0.9089343369957104,0.0197346555548276,0.2077268316754805,4.031306498714255,5.1763595959292354,1.1450530972149808,1.1450530972149808
83.59138451066895,102.91186810529796,0.7973749924806129,0.0884959001528636,0.4074775693754594,7.702197531181643,8.763714896060256,1.061517364878613,1.061517364878613
76.08351628039763,110.97036847616256,0.2934611602481434,0.0836138819689667,0.3587728136533675,0.2411626926097447,0.44732205253480156,0.20615935992505685,0.20615935992505685
75.217287749553,138.73655156029676,0.5171775823672868,0.0330919318091019,0.5555355539526139,1.1971580134506077,1.703634231537304,0.5064762180866964,0.5064762180866964
69.66535849529586,131.69005946848836,1.330253248722311,0.0872206826793179,0.2180082329827659,0.1582375884523823,0.24346655208533563,0.08522896363295332,0.08522896363295332
141.2895980306234,61.16415715383652,1.7347009809233345,0.0429248275840226,0.5671653023573385,87.94712000965463,86.59452342884174,-1.352596580812886,1.352596580812886
144.473202229141,82.96464967477249,0.1866032323545973,0.095204870024765,0.1688081291967429,62.96944883869759,63.92489765959423,0.9554488208966418,0.9554488208966418
85.16498723419053,132.05597309882023,1.33075200556139,0.0427023174510682,0.5998116080972169,12.600409351700996,11.349633758263433,-1.250775593437563,1.250775593437563
115.07243843338004,138.57272082369565,1.2776325267830748,0.0250450354961706,0.2721091082536876,7.513031130781698,9.5175958813254,2.004564750543702,2.004564750543702
66.09844316873748,111.26750567852208,0.5013176883135909,0.086661897029299,0.431879919085936,0.6478229298458738,0.8472895101732038,0.19946658032733,0.19946658032733
142.08861578301952,81.69942264430298,1.2160209394180594,0.0134795630634046,0.4371965686701121,64.6591533225724,66.79942518124157,2.1402718586691805,2.1402718586691805
149.55492647395693,141.41965360093008,1.060997767856286,0.0198672998986618,0.3723215645660205,27.876261028189504,29.984911676003733,2.1086506478142297,2.1086506478142297
103.21574849848356,149.37937966371214,0.8449508296848772,0.0410144814744931,0.3694366094498306,3.5102736249705693,5.976800796708613,2.4665271717380435,2.4665271717380435
67.4784987883366,73.41842958692882,1.6377307956226022,0.045328708097689,0.126259010491123,4.032142929688437,4.956870025492319,0.924727095803882,0.924727095803882
81.92110358872725,68.78218109946773,1.859756003111224,0.0196450989140662,0.4766044788283865,27.63970198760201,26.15649362264727,-1.4832083649547378,1.4832083649547378
74.57503121858878,59.74559472447258,0.6726993608216189,0.0113787677387864,0.5614654570551989,21.27865546554147,20.286434275156463,-0.9922211903850062,0.9922211903850062
88.40150297271842,58.35987366319668,0.9301110779953258,0.0123318961123171,0.5999314436351298,36.11345222813263,35.25353760760814,-0.8599146205244921,0.8599146205244921
127.9820884010068,60.611346010363945,1.199044321513146,0.0266432303944556,0.3362366251701884,69.47087316276335,70.15197011561798,0.6810969528546309,0.6810969528546309
53.99225325637512,135.54328533030775,1.6312812401680274,0.0517171562636662,0.1574799911973409,5.78906575785308e-05,0.0012718628649634762,0.0012139722073849454,0.0012139722073849454
57.58716412240476,138.03644095245727,0.9801335079733292,0.0707754446769877,0.4396056213209924,0.463627795266671,0.7728566386195385,0.3092288433528675,0.3092288433528675
68.64138471663267,115.74865819203688,0.641531010162899,0.0824266061630875,0.5798918427767513,3.2326393682152528,2.8936677884123103,-0.33897157980294246,0.33897157980294246
106.54721315502503,77.69982800140546,1.5577442569222633,0.0699805386320449,0.3132474382391981,39.21711996300495,39.299530062328934,0.08241009932398669,0.08241009932398669
64.10247886003357,134.50172509668403,0.9273473995714084,0.0994111484224496,0.2635249710954783,0.0374855613703628,0.12035167197094826,0.08286611060058546,0.08286611060058546
124.99777984520708,145.5699558918872,1.1536390110928216,0.0232297735883918,0.3826909012011692,14.343617781206682,16.585439269944896,2.241821488738214,2.241821488738214
76.53240700646671,90.95732719687612,0.6913759122083883,0.0757330861348151,0.1383813857416107,0.7129888227307859,1.718092405600507,1.005103582869721,1.005103582869721
130.55842491436275,59.108077277068176,1.5178185655475778,0.0667853262494874,0.3078302061602146,77.24494861483933,76.96154653726279,-0.28340207757653957,0.28340207757653957
68.81841691679455,117.96347933662398,1.000854042775277,0.0284402239276864,0.4630644786006969,2.764490695115967,3.5848870671826867,0.8203963720667198,0.8203963720667198
121.89069446047904,128.7035842195276,1.8322717059238127,0.0614587900936102,0.4930730670391845,34.52226115644532,32.836406748880094,-1.6858544075652233,1.6858544075652233
57.22293482724778,101.37451444804616,0.4265845485821103,0.0866925041818499,0.2208077944241907,0.0002687254566651,0.031373494275567966,0.031104768818902867,0.031104768818902867
57.89691621908286,129.32396998405684,1.6513011372183763,0.0894809100295667,0.4272180555523092,2.439578155355206,2.422405062715432,-0.01717309263977418,0.01717309263977418
131.32623013506543,141.48086592534844,1.569310698098452,0.0944736651513787,0.5804348581495771,40.793761847052,38.83997385938303,-1.9537879876689672,1.9537879876689672
88.50977286019253,88.16092179827253,0.5014465366674212,0.0996008411671134,0.1783859665597692,7.050953758122851,6.541000476114322,-0.5099532820085297,0.5099532820085297
117.73039592981412,103.9913296861959,1.2352718994809335,0.0894851685719778,0.5028892506643337,37.46660783993833,34.96036900589987,-2.506238834038456,2.506238834038456
128.5063921046431,123.05001678916022,0.922065822249461,0.0572316431185829,0.4492915898660532,27.341791453193515,27.640202519901084,0.298411066707569,0.298411066707569
87.39387136037746,68.5545400077953,0.0676507014239329,0.0585549590766438,0.2732948070001145,19.110717719791765,20.215506744325495,1.10478902453373,1.10478902453373
50.135362571546814,55.47637775258255,0.5944572336072339,0.0542473354581299,0.3997264454529688,4.72617270405453,5.922737255431198,1.1965645513766674,1.1965645513766674
117.76737747680468,98.4809897870627,1.6673606632568074,0.0721539593004366,0.5230881409738775,44.83539995874359,43.482830764387884,-1.352569194355702,1.352569194355702
144.90693936454213,131.33694863130555,1.2485630635283929,0.0868940843128667,0.599996021151483,49.58741162493762,43.80784411764481,-5.7795675072928105,5.7795675072928105
106.56448823847886,139.035750345491,1.185301504348773,0.0815904839687641,0.5710096438265663,19.590988742437524,18.10276465851443,-1.4882240839230931,1.4882240839230931
84.8505799831591,53.61886040153577,1.3970555169322527,0.0162244058877769,0.3722009725626339,34.43533606896224,35.58433310773608,1.1489970387738353,1.1489970387738353
105.43540525114008,62.24108066865669,1.6300639989893406,0.0676466373075432,0.1728383757419479,49.70217243472205,50.45581268409939,0.7536402493773409,0.7536402493773409
147.72838231769293,107.45043275013978,1.5461551526531805,0.0768285287425576,0.1355530337738934,52.34272404151456,52.14321911257878,-0.19950492893578087,0.19950492893578087
77.96014326451318,114.4760715227088,0.2079518512951682,0.0441266982344324,0.5347620636091087,0.6130085821041584,1.0152240998948667,0.4022155177907083,0.4022155177907083
139.6256716471579,132.4306908819207,0.7003481639696806,0.0165637749031261,0.5329979319636852,28.47811821720476,28.500325284936547,0.022207067731788044,0.022207067731788044
133.629131310246,106.15290730544427,0.8193676337454965,0.0802707928936245,0.2888977173619758,36.16400123334198,36.74230193806286,0.5783007047208812,0.5783007047208812
107.13200154331028,72.85720769879102,1.6935690171040187,0.0252595598375558,0.1547026976899757,37.42971126866984,39.001343518048124,1.5716322493782826,1.5716322493782826
82.52906183617478,133.7285777849761,0.5256347485733195,0.0504406797634874,0.3500098897730853,0.3755532279062739,0.6111554597853218,0.23560223187904794,0.23560223187904794
115.0178125961012,149.138147485059,1.9799565138412132,0.0918227957716382,0.3605775044548023,19.57997621015633,17.622818534308816,-1.9571576758475153,1.9571576758475153
103.46667548928824,81.12051739242816,1.7593215309975647,0.0547889642616902,0.3188575478611972,34.155970578983094,34.48903691436768,0.3330663353845864,0.3330663353845864
84.09358803141956,114.00719244871549,0.2270211689582111,0.0909409055786485,0.3117889869231045,0.1548849441482369,0.37482974723540735,0.21994480308717046,0.21994480308717046
118.02282424312914,52.23228728977176,0.3351885951797559,0.0362195023000225,0.5397910054174161,66.45118954287251,66.97420845052184,0.5230189076493303,0.5230189076493303
126.44407280755044,66.76973229122936,0.4010749690932806,0.0543837760899929,0.4030648650013871,61.15010693508199,62.62374851168271,1.4736415766007198,1.4736415766007198
83.42463741571314,138.11344139481187,1.65460355220594,0.0189127460761248,0.3594458380469039,3.8321247109359824,4.4187102892068335,0.5865855782708511,0.5865855782708511
104.10709207986164,136.5161273376546,0.4388576368094629,0.018317880590506,0.3191569836844846,1.2815114041816713,1.5570219816278992,0.27551057744622787,0.27551057744622787
64.25941440819088,66.33640219009105,1.1419861730987475,0.0139740030924329,0.2697357350237648,6.920594394908878,6.631046672303965,-0.28954772260491346,0.28954772260491346
134.24664072126257,53.5657643836702,0.8287632505755095,0.0974847583064761,0.4117936454222869,84.8739288538988,83.73325935005063,-1.140669503848173,1.140669503848173
57.91446682782095,136.37528500700847,1.652314909860058,0.0700671097884107,0.377819782366561,1.103268296174492,0.9301651096783052,-0.17310318649618672,0.17310318649618672
114.8030318055214,59.752599029680894,0.8277888572892069,0.0990069865977975,0.4446687646384267,60.1856889352336,60.09288580793114,-0.0928031273024601,0.0928031273024601
140.83825473712642,115.82179935580488,1.6002542724259317,0.0403336400870223,0.2676709531948438,37.533860505744826,39.12726670487651,1.5934061991316852,1.5934061991316852
64.0802948892676,111.16473327375984,0.8169877446379468,0.0751549371435769,0.2488068703159406,0.0956621667946839,0.04742460589495454,-0.04823756089972935,0.04823756089972935
58.81344309766915,55.15152259393052,1.4369421671550815,0.0245050322781694,0.4345069479558581,14.50149006794884,14.803994324283154,0.30250425633431455,0.30250425633431455
103.54997154223736,101.2973472810292,1.6617682234436886,0.0859312984470598,0.1740731486586504,18.60526989249506,17.603383566713834,-1.001886325781225,1.001886325781225
87.08340845939895,69.00984679404768,0.939897881866502,0.0454956026033412,0.1468450007971385,21.07126576567407,22.383953068781167,1.3126873031070971,1.3126873031070971
122.72924772395685,141.76532959148665,1.82878783272929,0.0268879854671187,0.5525762811632973,31.707740922238276,33.421470013173945,1.7137290909356686,1.7137290909356686
121.4718833502036,110.86901292003547,0.7365367154068644,0.0295447341057107,0.2657936402707812,18.185665690501907,19.844721219571205,1.659055529069299,1.659055529069299
127.56118509253275,91.67232811360007,1.709915326970945,0.0944031024188912,0.1871878471989606,49.75521014055106,47.654911819085385,-2.1002983214656723,2.1002983214656723
114.47567265900928,119.48560797893197,0.4657047530866732,0.0926738217477588,0.5639301323071894,17.483260121319994,17.313828271668992,-0.16943184965100144,0.16943184965100144
124.33329135656568,51.43987725328195,0.9858124949225436,0.053888952161418,0.5230285989090425,76.11495090057832,75.57972776256564,-0.5352231380126824,0.5352231380126824
102.95630936483371,80.42027676381312,1.7287439314265631,0.0305744040800331,0.4558843413638748,36.94075635351485,36.910047251505596,-0.030709102009254252,0.030709102009254252
106.45940812903214,130.25719052950282,1.0935781928381196,0.0998645389271005,0.5589985949286824,20.8156786132352,18.318623257587856,-2.497055355647344,2.497055355647344
79.63576135132884,80.80253518019373,0.7555430319002371,0.0468937429425175,0.2594224358088361,7.928141531014852,8.173073554326251,0.2449320233113994,0.2449320233113994
103.02475263662429,58.64563150952237,0.8809895352198005,0.0759478776103503,0.5352029468338466,50.0254311849302,48.229730678968174,-1.7957005059620244,1.7957005059620244
56.53661575643852,106.63818006102072,0.1477134061300817,0.0376489104896712,0.4491357319572391,0.000435556222533,0.013343084859228922,0.012907528636695923,0.012907528636695923
57.31959237684436,145.18838057611305,1.4338505516894051,0.0442190593939274,0.1151825509922566,3.1561402532863627e-10,0.0004585945384107208,0.0004585942227966955,0.0004585942227966955
122.15117798434235,136.304804344133,0.0749885686475768,0.0951555754927548,0.4702392669963413,2.001923243045681,2.832201561167979,0.8302783181222981,0.8302783181222981
108.14248948690872,99.67621494781037,0.1422482735694137,0.0165615260839959,0.2052966451531636,9.26996882820275,10.82160211272411,1.55163328452136,1.55163328452136
121.47532764439458,133.16534876101952,1.9411697473138432,0.0565140873047677,0.1373206549712578,10.288548665262027,9.893660222473885,-0.39488844278814206,0.39488844278814206
52.60295498171349,90.6418944757653,1.2926403290436854,0.0703934159290531,0.2454153834188388,0.4012895480927834,0.7645650612571785,0.3632755131643951,0.3632755131643951
105.90030700748306,100.01973458645035,1.4618089874099474,0.0102232366466982,0.37874263435974,22.418547979266428,25.46849620885164,3.049948229585212,3.049948229585212
135.2069837828557,56.13464098951195,0.5658164841175474,0.0182015401369403,0.1384067833355032,79.64749165035792,80.5660411392268,0.9185494888688766,0.9185494888688766
111.26612471519992,124.60333144297888,1.5836246036364263,0.0417755078162394,0.183917675749582,8.03252488197679,6.782060812747886,-1.2504640692289044,1.2504640692289044
111.91727353658368,146.23717543033817,1.5282302271854695,0.0962495682595846,0.5186922775920034,23.29584222409093,24.286450755390533,0.9906085312996034,0.9906085312996034
145.55236959549347,67.09037951765279,1.3571392008066103,0.0555502743896039,0.5630963548877078,86.09840965236799,84.7391359251892,-1.3592737271787882,1.3592737271787882
131.11237699334708,89.83100570133833,1.0977119631014949,0.0487406191582512,0.3487008926908693,48.18572425741142,49.045856200489105,0.8601319430776826,0.8601319430776826
68.3912051232825,106.19879451183826,0.2014091584468529,0.0610925875236731,0.2164162744675745,9.075157997849278e-06,0.010986363984296902,0.010977288826299052,0.010977288826299052
100.15179603501664,128.28967686723345,1.34059187043391,0.0247346688746038,0.5736259487004389,18.64212145498705,17.299988355711946,-1.3421330992751024,1.3421330992751024
125.24092332120092,55.809665399019,0.53435378811741,0.0379632083669948,0.1664075700305622,70.5519948045866,71.87981278195436,1.3278179773677579,1.3278179773677579
117.86699566725648,64.12295245972422,1.0014362211458434,0.0806038852015604,0.1161295846716791,58.71663296667597,58.700919957719805,-0.0157130089561619,0.0157130089561619
122.27069576982284,127.2322045226366,0.5822501798442458,0.0807069188934543,0.4587329840910578,17.369711852831124,17.959712840432417,0.590000987601293,0.590000987601293
62.42972234855447,130.46224415404043,1.0329627394329977,0.0223256726844983,0.4036475686487027,0.5966547456244244,1.348859084125329,0.7522043385009045,0.7522043385009045
147.17820827209607,82.16840466670345,1.6447739185458743,0.0129767147976821,0.4581076050308373,71.65145009361888,72.44295095707581,0.7915008634569318,0.7915008634569318
107.39114060333978,134.7486857330783,1.020997300340667,0.0759128640703527,0.1519362988287055,1.554050442731132,2.2818887939760737,0.7278383512449418,0.7278383512449418
84.94744959581692,134.81653934794943,0.1764208899135766,0.0985033106586659,0.1722089404060478,4.744862224163241e-10,0.018454047694656382,0.01845404722017016,0.01845404722017016
94.0441350312424,140.41407489043002,0.2503830441113887,0.0259789903703618,0.3053047642805337,0.027125708363609,0.3666841650357238,0.3395584566721148,0.3395584566721148
88.7223141210207,130.6744743472252,1.5207563333238912,0.0482278841419499,0.2652662326771199,3.028829873037502,4.002709148256008,0.9738792752185059,0.9738792752185059
53.6671426933543,59.43240966517722,0.4362911959694406,0.0823801712856819,0.5432880621301186,6.201820177488564,6.3150230937886365,0.11320291630007251,0.11320291630007251
141.06777399183045,145.4539725603318,1.071587518996671,0.0301492541139345,0.4949897949644447,28.61954655498539,31.086936658185877,2.4673901032004864,2.4673901032004864
80.62536207866117,133.85603633980176,1.949410980096796,0.0765883603634072,0.1314967281075097,0.1720027959700556,0.19930023548861459,0.02729743951855898,0.02729743951855898
95.37537602503537,136.87327966579835,1.782625879006336,0.0715620458240919,0.5586757890433897,20.28494857522186,19.88217755327716,-0.4027710219447016,0.4027710219447016
133.45717902556277,68.07403065392216,0.1954877017092455,0.0827506879364931,0.1005109875927623,66.47550518056732,68.08616790730376,1.610662726736436,1.610662726736436
136.07948898601703,53.30353372308794,0.7026781668358046,0.0472056734091712,0.1809989966096125,84.51505187203435,84.35847678888886,-0.15657508314548352,0.15657508314548352
102.85151711597604,57.4028376373311,1.3986344074783938,0.076108188241027,0.5308603352775558,54.29343549165499,53.00749603007081,-1.285939461584178,1.285939461584178
112.8905144923615,134.50487128674308,0.6286497524113708,0.0965260121524348,0.1037855736176899,0.3673308316476316,1.7688014192267811,1.4014705875791496,1.4014705875791496
143.3413320449555,84.93652026597553,1.8458157933959771,0.0654267583875794,0.2526193267649864,68.48096168221751,69.89972873345255,1.4187670512350365,1.4187670512350365
98.01734418595896,114.36982369843072,0.0900206701092967,0.0905075033212391,0.17918888861928,0.0056576361622027,0.5746797495222941,0.5690221133600913,0.5690221133600913
132.06481800493822,111.38560694206748,1.0242880834855423,0.0531220056503166,0.4921042952266696,38.925031267532944,42.74403829314216,3.819007025609217,3.819007025609217
116.76072297270032,108.54640945929422,0.1419509890015132,0.014294484046788,0.2124908247261021,9.279214827000756,9.863333870088628,0.5841190430878722,0.5841190430878722
118.25324595377216,113.02102623992847,1.6933684513379192,0.0443275405118435,0.3219008674207927,25.95475212976793,26.98256172885971,1.027809599091782,1.027809599091782
101.67360449400644,53.95507293362552,0.4468412409698988,0.061008262253159,0.398820324836832,49.21088861346028,49.72714337780665,0.5162547643463711,0.5162547643463711
62.61376580161521,109.95098294218944,1.696571445036815,0.0591980854707246,0.4470552644666824,5.440329138957139,5.966800290029641,0.526471151072502,0.526471151072502
120.26337730855164,131.31846701995957,1.600364543250975,0.0123541919611943,0.2439504792373595,11.393989583263796,13.302587811834595,1.9085982285707992,1.9085982285707992
98.0890146603009,128.1030704333919,1.175016596223751,0.0593285708569997,0.3138946898442364,6.371317065541856,6.521015223343115,0.14969815780125906,0.14969815780125906
66.65455885938013,84.09822690640908,0.5664792149016283,0.0211987558368656,0.2256026748297488,0.5759539942414271,0.3941941465749847,-0.18175984766644243,0.18175984766644243
108.63641413229526,72.81980639452087,0.0589098807576044,0.0696902847912859,0.3801520284357534,36.11496286478736,36.89446624558785,0.7795033808004916,0.7795033808004916
91.03375943357707,101.7912942707882,1.9197403931861148,0.0782064109587623,0.2191669123367015,12.58105147815202,10.04813297793748,-2.5329185002145405,2.5329185002145405
94.73324266661878,100.78448532241586,1.5882514533066512,0.0512283566867839,0.1022647457841237,5.787324607476485,8.394837939224846,2.607513331748361,2.607513331748361
120.41223542324346,90.75995301820214,1.3317322764433648,0.0838893297062234,0.1754914164084277,39.440571251623965,40.722020428329465,1.2814491767055003,1.2814491767055003
93.67771693233198,92.60789918642882,0.1931293333634754,0.0428110548510862,0.5588420649696773,10.011027480212334,10.230395331814226,0.21936785160189132,0.21936785160189132
57.84558163171239,137.598733170741,0.2280013674467257,0.0356693179201314,0.1622549132105616,4.7940030685290366e-29,1.9300390056812213e-05,1.9300390056812213e-05,1.9300390056812213e-05
76.23158501655345,54.60091978297269,1.7787909757926634,0.0268434075555705,0.3812132270709473,28.29782494046465,29.508132777092264,1.2103078366276137,1.2103078366276137
67.60670360376577,88.27464254386885,0.0898593618862596,0.0843623710479921,0.2496706853568163,0.0003900841780209,0.32070991011695793,0.32031982593893704,0.32031982593893704
94.4382362301065,94.2038661948906,1.0076859366588289,0.0574203810395685,0.267605918471092,12.804807886526817,14.298298711806074,1.4934908252792578,1.4934908252792578
101.38544642067676,113.38838402196114,0.4493175711544428,0.0823938728569109,0.3843533316689506,7.304726588929981,7.037198646787016,-0.2675279421429648,0.2675279421429648
116.97458074256392,92.8851609416837,1.6808092018847487,0.0771366086566734,0.4204341557680335,43.34365666938264,40.666371823982345,-2.677284845400294,2.677284845400294
105.38309158678234,146.70879097781136,1.772301540988559,0.0741129844591833,0.2034437783853792,4.210964382740144,4.795721731998353,0.5847573492582088,0.5847573492582088
139.63645620810968,92.00655988669486,1.7831643007834712,0.0566486551593153,0.1546491502682215,56.512981933648405,53.826556863167895,-2.68642507048051,2.68642507048051
144.9112456888247,73.86259487126054,1.8333319258437464,0.0105111156281623,0.5447029401878174,79.21818352321162,77.8946299239515,-1.3235535992601228,1.3235535992601228
106.50737914801051,149.24483202994094,0.2531910587930192,0.0846066121256576,0.4940694641816047,1.49352805423991,2.8509053266466515,1.3573772724067414,1.3573772724067414
76.36982554510669,130.37254973160873,1.509499543927293,0.0218524900490541,0.5580821017168587,8.806399835321638,10.415774480017689,1.6093746446960502,1.6093746446960502
74.8976899161365,119.02553594121204,0.465728887225352,0.0331065144333821,0.2787126534552038,0.0553875312994607,0.1426063200325152,0.0872187887330545,0.0872187887330545
69.74037337305425,76.43436626381748,1.8031328135773337,0.0548779732751938,0.2573515275406159,9.78797021575047,10.971327744206596,1.183357528456126,1.183357528456126
89.80548406789377,56.34213245803306,1.9669577167471088,0.0752184193029621,0.1720596638433419,41.239507752671,39.70831791276469,-1.531189839906311,1.531189839906311
114.78174459905284,101.76836525300745,1.3850874517843683,0.0898436940713287,0.3504104565675009,31.979385391269865,30.49456394532725,-1.4848214459426146,1.4848214459426146
54.86948483999298,143.8431815412743,1.2880434519571686,0.0549398465520263,0.1053917918748149,5.4873002047572787e-14,0.00011136101842086063,0.00011136101836598762,0.00011136101836598762
92.35858268790788,64.17845103978394,0.0749722882199363,0.0848695797394383,0.4956946797108873,28.597219934166997,32.33752734360516,3.740307409438163,3.740307409438163
116.01194442631304,117.482457582074,1.2845528078384847,0.0157403866619943,0.1422742635551256,7.875449210116216,10.141552736719976,2.266103526603761,2.266103526603761
114.55343564105225,137.03539993056498,0.9395545512563602,0.0381240624823135,0.1992077780815321,3.148928790820328,5.117365398643961,1.9684366078236328,1.9684366078236328
149.8617319164385,81.02526862504908,1.7185971669088878,0.0856778947858016,0.1542927215258614,79.93069733087246,79.16158122951016,-0.7691161013623002,0.7691161013623002
131.79634943491536,91.84197837673275,1.554514391173236,0.0817468056229525,0.4279419719323767,56.17868045334129,54.971020700978116,-1.2076597523631776,1.2076597523631776
143.1922435685587,106.44629183945906,0.643266553564648,0.0868245029187735,0.4390224928926854,46.0104161089011,43.21635635675141,-2.7940597521496855,2.7940597521496855
58.9289524525573,114.1711482284288,0.1110404977526005,0.0728153082808708,0.350947040383369,1.8709066427980536e-08,0.009204415842123559,0.00920439713305713,0.00920439713305713
143.6565611658006,68.59078353539539,0.1139844782429181,0.0597281259056846,0.3187961266535617,75.53116313351134,77.07223797473624,1.5410748412248978,1.5410748412248978
108.52203293909552,117.63168034302149,0.0969266575865337,0.0492432280848945,0.1437384288678407,0.0934549551053383,1.1762407679129077,1.0827858128075694,1.0827858128075694
64.93993884537723,103.40900607237646,1.5537705179548849,0.0843758108026185,0.4981326201234656,8.658142434893715,8.450661176008362,-0.20748125888535363,0.20748125888535363
83.96763385456688,85.39240898426266,1.0909309207812752,0.0708404667843055,0.5394883272080393,20.64667339796398,17.389412494332632,-3.257260903631348,3.257260903631348
141.17851123817712,77.3163056080227,0.3139151454792496,0.0900002381509396,0.1581215721517377,66.01601135599353,65.64257304089837,-0.37343831509515724,0.37343831509515724
134.50396488966425,141.2474985719349,1.2016140094752688,0.08090295900096,0.1714470226605539,13.324904896686434,13.3697281505047,0.044823253818266906,0.044823253818266906
64.58691269538961,68.54511387052112,1.433568170340524,0.0250767969389488,0.5831144134775227,17.081359877326694,16.441210313754343,-0.6401495635723506,0.6401495635723506
133.39907620990965,124.32202504026064,0.4994095724358305,0.064072860245281,0.2953092388890181,18.28286645828329,16.878368803974652,-1.4044976543086385,1.4044976543086385
143.23518979012437,144.78261116537416,1.1350068114752938,0.0401637283074675,0.3102873967694459,21.03588265290521,22.162133352342906,1.1262506994376942,1.1262506994376942
127.4653531181182,60.36691354822368,1.314355588288376,0.0179953161404519,0.2626821494286516,68.55242092590676,70.25863802829281,1.7062171023860486,1.7062171023860486
50.92423145810782,122.9598458235266,1.9267917443417544,0.0733379231743412,0.4944489460203137,3.486865493790214,3.4551677323438064,-0.03169776144640757,0.03169776144640757
80.73251809877496,126.29089177629032,1.833295160111692,0.0846052149594009,0.5168954150427707,14.247134113328704,12.452058889037826,-1.795075224290878,1.795075224290878
87.24236961750071,143.0526000708333,1.896149248974514,0.0140704519680087,0.477850944587238,9.864979771790534,11.097468671481835,1.232488899691301,1.232488899691301
141.59430039540524,59.0674650612949,0.9298040102149676,0.0700217889421561,0.1439606818113465,86.24999744734586,86.16223019031841,-0.08776725702745125,0.08776725702745125
60.57352679264505,86.21991408697644,0.6911272368685428,0.0548704828687231,0.4081742089135608,2.271970693884464,2.84475201543978,0.5727813215553157,0.5727813215553157
56.98619206846617,130.31459261575446,0.3668577583272632,0.0903318766871295,0.2016172791107586,6.03029705282885e-11,5.20727826673131e-05,5.207272236434257e-05,5.207272236434257e-05
119.60798615670392,60.52730622063385,0.9186111276481465,0.0776607164199613,0.5900856504388907,65.17470895894982,63.092775871903065,-2.0819330870467567,2.0819330870467567
143.21617192136324,126.63857500825571,0.5485070321383252,0.0999807794836002,0.578433492095257,35.84009323670179,32.61091900344448,-3.229174233257311,3.229174233257311
115.84518346584257,127.38986689668228,1.8008299372455456,0.0882713838160559,0.569599931244138,37.1164277245384,34.03971138455422,-3.0767163399841806,3.0767163399841806
82.31452172794172,123.95563750993044,0.9663754609963306,0.0691224865164055,0.2063140710846196,0.3706483577285056,0.3425305635237784,-0.028117794204727153,0.028117794204727153
130.8799444501151,116.37058197957714,1.5491730563986643,0.0315504146842936,0.5032184869856792,40.7462956097087,41.3515904535751,0.6052948438663961,0.6052948438663961
99.65154222306047,128.7425739338183,1.9672393034049016,0.0288917999387171,0.4071348050242656,15.331036895480056,16.182642921290267,0.8516060258102112,0.8516060258102112
75.42250300825091,143.10721720526612,1.9363433367886576,0.0787066822888511,0.2719001301768342,1.673062858653564,1.9981818949180399,0.3251190362644758,0.3251190362644758
117.6820043630047,87.32247432216478,0.1833458280280758,0.0599422562092743,0.2124232472739561,31.31475402837997,32.904165698855245,1.5894116704752754,1.5894116704752754
146.48231254722478,149.2418701883176,1.5770459444484843,0.0854111624078763,0.1127061014744082,18.31519023445489,19.158545260609927,0.843355026155038,0.843355026155038
91.8255553256048,115.27647298718772,0.8846067046865994,0.0910924031446522,0.300197187416043,5.320061318989364,4.249389812457544,-1.07067150653182,1.07067150653182
103.64295458983578,78.55695665296224,1.631742950928865,0.0746045129668043,0.5254624067624246,43.505007766734565,41.636224624838455,-1.8687831418961096,1.8687831418961096
55.755876001664426,142.66419675334453,0.2665959860567832,0.0119914872492429,0.370230594266694,1.5577584317691214e-06,0.009250759477064118,0.009249201718632348,0.009249201718632348
120.44936364116847,88.37038995637096,1.4553130634206677,0.0341638773098347,0.1168740842784764,36.3895796920105,41.429536121640005,5.039956429629505,5.039956429629505
78.42258506375424,74.80918060017935,1.347889278695236,0.0451440044506755,0.4980166403977777,21.22808771901197,22.00871501099981,0.780627291987841,0.780627291987841
140.55821375731324,139.9334456733135,0.812039376813503,0.073083168994862,0.2410521943181211,16.627128345846174,17.77239765645943,1.145269310613255,1.145269310613255
52.85184939112926,73.58817023438064,1.3706424200833969,0.0799378260620652,0.2551108482818093,2.3325675303726428,2.7879209175612836,0.4553533871886408,0.4553533871886408
135.76559882418275,145.2275450346583,1.26376814195727,0.0634956877748142,0.5557793046289351,33.960017647160235,35.14874530057728,1.1887276534170468,1.1887276534170468
135.35502279583167,60.91801788841485,0.618019990316683,0.0228430157132967,0.1988244651330375,75.29096956732664,75.95388137861148,0.6629118112848431,0.6629118112848431
114.28819100587076,54.74942246823223,1.772147154220118,0.0385052046230303,0.2061968470549766,63.160258540969096,66.31341022500484,3.1531516840357483,3.1531516840357483
102.72551499506773,55.23068535096857,1.4534416372155452,0.0192341640856035,0.4969380369016172,52.08758316994031,54.281987699214824,2.1944045292745145,2.1944045292745145
138.85992804371523,138.79852990466668,0.6483281018797427,0.076903932160347,0.3486207510787593,18.76566231192996,17.37301511645328,-1.3926471954766804,1.3926471954766804
149.5421512925456,138.9388092423232,1.0364192522101303,0.049483010019521,0.3418069139171469,29.44151219061834,26.25195732831368,-3.189554862304661,3.189554862304661
107.44337572963585,115.37164983321676,0.5126485826559917,0.0581916044168137,0.4453255063932131,11.743898326892976,12.549369513261421,0.805471186368445,0.805471186368445
56.76125635922149,98.96558578716984,1.6343577183381264,0.0539347793903646,0.4559961682788338,4.880603202862874,4.88994856691433,0.00934536405145625,0.00934536405145625
109.90445871503816,83.44144513546124,0.2276545147817628,0.0872739657920006,0.5201308557945432,29.444854545687463,27.649775657131485,-1.7950788885559774,1.7950788885559774
56.57767034111446,71.37445086108201,0.8392429150394618,0.0931308171510891,0.2730018315487669,2.4991713240156503,2.6965255601799503,0.19735423616429992,0.19735423616429992
53.17437653729886,123.63458626893268,1.3598550302501708,0.0846372346166734,0.2921048620751313,0.1495340635663118,0.26313535273739164,0.11360128917107984,0.11360128917107984
69.62457167061656,64.9097894469395,1.7112885774266342,0.0820988524045595,0.5088835530705931,23.824483417207183,22.527615916238812,-1.2968675009683714,1.2968675009683714
126.98580056788936,110.7189883377071,1.299486677638225,0.0872775222977636,0.5459793195312862,43.78086965227101,40.67228668796875,-3.108582964302258,3.108582964302258
135.2907087725415,108.28224555057548,1.0697789460249023,0.0976339186375668,0.5468525053101941,48.85918381210532,47.132375711697414,-1.7268081004079079,1.7268081004079079
114.13668192253024,132.43874848498837,0.2131745874649708,0.0748784936440327,0.4122286165922691,3.322245385938487,4.651547547655425,1.3293021617169378,1.3293021617169378
147.73079079915038,104.11738301381054,0.985599096609061,0.0947955049664047,0.5467367672594208,60.2363146886194,57.78202116972855,-2.45429351889085,2.45429351889085
69.4053880245605,82.85695284818308,0.6384709021930567,0.0125683848599132,0.2150521525483243,1.1115979339665074,2.5570508032375794,1.445452869271072,1.445452869271072
85.69818058777577,76.17665177292132,1.550289917805764,0.0755639237589269,0.1822944765466614,19.284359104012,19.352446578116375,0.06808747410437377,0.06808747410437377
122.01113335149458,50.60426968580669,1.0658719251272502,0.0191243799445655,0.5991868505995425,73.93449639518946,72.90133427917159,-1.0331621160178628,1.0331621160178628
84.61072407823951,98.23185800675972,1.3521861161194857,0.0177550304787513,0.1086589948597827,0.9627561723349328,3.144582519763145,2.1818263474282125,2.1818263474282125
79.18671770363997,105.71731665549405,1.9039123986975528,0.0686499466642237,0.4070842337063326,12.955196507275977,13.26650578421387,0.3113092769378927,0.3113092769378927
90.90077367362731,106.64875578268196,1.400998141861939,0.060577569311268,0.1172784354769649,2.4316448689816355,3.761542711794767,1.3298978428131316,1.3298978428131316
77.06439419817656,67.71654212647726,1.1297252895177146,0.0209607198192833,0.1086137542068602,11.28764872790505,14.064495951716086,2.7768472238110355,2.7768472238110355
123.08703457761604,79.79404587290391,0.7288912279115788,0.0597384712309221,0.4534011117949353,48.63838841857803,48.53613759623385,-0.10225082234418181,0.10225082234418181
111.23133848469224,119.25870022556887,1.3207656117367257,0.0329891030823999,0.1277428205378361,5.227318238083555,5.858542662806941,0.6312244247233858,0.6312244247233858
119.22553895959048,64.36911973940525,0.7608606516914557,0.025219038457078,0.1724828275390456,56.07980423875826,56.82774888314097,0.7479446443827129,0.7479446443827129
146.7761465269562,82.64507704175031,1.8140244553103195,0.0389129874403733,0.2473590298470814,70.11648441687534,71.61685314251302,1.500368725637685,1.500368725637685
143.48964485175742,149.5465238510592,1.400365928669987,0.0603007758633568,0.230233605330592,18.435442690021038,19.09402207547378,0.6585793854527431,0.6585793854527431
95.31734118938824,139.0244312448413,0.6939224515831116,0.0754715840513577,0.1612098328528782,0.038422445595192,0.19950980688097278,0.16108736128578077,0.16108736128578077
120.56459363630132,143.10988219059294,1.1897116472554206,0.0295593510993147,0.5448499273332224,22.191767114919173,23.097933796091485,0.9061666811723121,0.9061666811723121
91.10210752655458,70.48872286917754,0.8051087499113764,0.0100243110121055,0.5745770625687202,29.017529833041657,28.60023265407797,-0.4172971789636861,0.4172971789636861
75.03730507069777,113.6326226019728,1.2696680829826603,0.0469714529482777,0.5158401655827786,8.431415635247891,9.432967686382481,1.0015520511345901,1.0015520511345901
108.47568083373048,87.25766764580291,1.834077967259805,0.0836669479118287,0.1836820402773571,34.29653600542055,30.37372411086323,-3.92281189455732,3.92281189455732
56.23940685982773,86.69763733964501,0.8604450313716903,0.0189364701348631,0.1363610397336424,0.001143388333134,0.05186099486570837,0.050717606532574365,0.050717606532574365
89.85437143653826,140.55785009726202,1.7966025462163524,0.0631277696633285,0.4624981294701027,11.9476854975066,11.809276259982203,-0.13840923752439593,0.13840923752439593
86.3189123716225,64.78337945687827,1.98304685903996,0.0889039827451772,0.4120462549794229,36.67842211899822,34.113618993643115,-2.5648031253551054,2.5648031253551054
121.80141781270017,86.53336135474854,0.0593764415115714,0.087650414190956,0.2284378973510206,35.71723819353954,38.44191773673175,2.7246795431922095,2.7246795431922095
90.60821325597708,130.22432179898482,1.0994984522039997,0.0617650022012269,0.4484625350841451,7.850522066281123,8.11322838248144,0.26270631620031715,0.26270631620031715
54.55851579486688,60.37501769205339,1.086068618546029,0.0399810315235302,0.2950517702047349,5.359786549936654,6.111171732527429,0.7513851825907745,0.7513851825907745
107.50605734588146,90.94684483426194,0.4405760747590712,0.0137878292484412,0.5494508655869587,24.437654990083267,22.65706429355016,-1.7805906965331069,1.7805906965331069
97.870168189035,91.3551559234888,1.2862543246071163,0.0184072113539469,0.5302774542238916,26.6895206022918,27.08947879513898,0.3999581928471798,0.3999581928471798
143.90676985128962,105.78763158688504,1.988380832406496,0.0524345101763862,0.1954150029969099,49.542834290128056,47.72433229776775,-1.8185019923603036,1.8185019923603036
121.20634214091707,86.23676595170363,1.2011119614319197,0.0590219818169151,0.2937996405933626,42.37562916084356,45.89304958244431,3.517420421600754,3.517420421600754
81.2091915907082,58.524313707906494,1.7667009284569346,0.0754496809728709,0.2712638789978485,31.084712284702007,29.38289798688571,-1.7018142978162984,1.7018142978162984
85.78140841135489,97.37062076893083,1.8282981723113272,0.0106382920964247,0.5161110272828902,20.154094566860312,21.585488112780293,1.4313935459199811,1.4313935459199811
129.63001859676638,127.54396297266732,1.64140182590368,0.0576765269207392,0.2656874426987122,24.266290283454964,24.062279879778572,-0.20401040367639212,0.20401040367639212
123.08517731854666,60.73492161556473,1.0264889688539685,0.0957270609137929,0.3253478395890233,68.098859033145,66.82465453052356,-1.2742045026214441,1.2742045026214441
135.24388856418733,103.2719071283299,0.3651834267097951,0.0577388292008233,0.2012186060948655,34.16632709427631,35.43681870531894,1.2704916110426296,1.2704916110426296
56.490669621466985,144.43008198998163,1.9411539033234384,0.0698124798283824,0.5138699671691566,3.806857031347702,3.9791900865922107,0.1723330552445086,0.1723330552445086
103.47868754331152,115.22836517021848,1.1646471398269431,0.0587161601930809,0.2315390783872141,8.55532029207135,10.179230279760645,1.623909987689295,1.623909987689295
71.9634928594569,143.19792195573814,1.956787325827319,0.0210802826091995,0.3062851140201011,1.201204131882701,1.4457682599374624,0.24456412805476146,0.24456412805476146
99.49323243392362,84.05366115735896,0.7455665018071852,0.0489505071378726,0.1029045640512455,18.480341745038643,18.015405117391307,-0.46493662764733656,0.46493662764733656
140.28949951919873,68.31234597845177,0.6548634356044782,0.0583819282572826,0.3147864679035416,74.54972572956373,75.26252559741637,0.7127998678526382,0.7127998678526382
66.5749779820156,94.69380373650884,1.4418852856866111,0.0549866523646811,0.4880687517732729,9.12905257978947,9.154445905008222,0.025393325218752594,0.025393325218752594
148.48659403448426,126.99070330116626,0.6196114786939826,0.0567348862965732,0.2430742044334899,28.02296252701076,27.34522786977114,-0.6777346572396183,0.6777346572396183
89.6923276201596,145.67682172148503,1.4729127269062745,0.0292099822969361,0.4976461715971587,8.909308742157016,10.199783106745734,1.290474364588718,1.290474364588718
138.4194471228369,116.03356509573663,1.3869694669948909,0.0171034784069665,0.4320060751386605,39.70876597022874,40.61179073670684,0.9030247664780973,0.9030247664780973
135.83416767991207,77.85851728470656,1.123740226027421,0.0970816923588302,0.2093906092237545,66.03092311539392,66.07954454904254,0.04862143364861993,0.04862143364861993
55.33479969888977,68.20676122780246,0.7851269496360378,0.057272872423358,0.5224142165864544,6.7678309287225495,6.304021335581046,-0.4638095931415034,0.4638095931415034
77.15334829085026,105.70190766436605,1.4267165668969315,0.0576160593871402,0.1894577236054055,1.5425774353244537,1.5800366723027777,0.037459236978323984,0.037459236978323984
66.0309039515569,113.11432892894356,1.4125694476977206,0.0703491680217712,0.5478341828644202,7.759336569228907,6.922348013350407,-0.8369885558784995,0.8369885558784995
77.63191084658536,125.00221903877808,0.6926811331825441,0.0166291379239658,0.322065354811583,0.4385884617065274,0.5421960673439421,0.10360760563741472,0.10360760563741472
142.34760378183836,90.9828515254387,1.6329749185096032,0.0492566481347043,0.5242165529065445,67.09258446124204,66.49019660893109,-0.6023878523109545,0.6023878523109545
56.224372615878096,75.00774726557168,1.1636670994236538,0.0582166286069743,0.1383090737481426,0.2880677738127222,0.42463511026994133,0.13656733645721914,0.13656733645721914
76.83783652771477,104.43899118738535,0.3758205538853915,0.0332541721232869,0.4786843791764111,2.1483689398102914,2.951506943975028,0.8031380041647367,0.8031380041647367
88.78985289517298,67.49335627507892,1.7768591096724973,0.0709620885664459,0.13234660189922,29.34323418748756,28.197474436518725,-1.1457597509688355,1.1457597509688355
79.00455319624369,125.55707030995242,0.6642042608183891,0.0899212016170927,0.2335862356697906,0.1123010561964783,0.2357793176259267,0.12347826142944839,0.12347826142944839
78.68466456472,87.53093106356913,1.188577847274935,0.0694604613494603,0.1802776126967218,5.325617206768513,5.8638394064380455,0.5382221996695327,0.5382221996695327
113.13075530919888,105.01396748253168,0.3345796707321831,0.0641129926203172,0.4689378493401676,17.53471050004582,17.451264378586334,-0.0834461214594846,0.0834461214594846
76.85000761974953,54.19735682762371,1.867308589289,0.0283352824530953,0.2122956002295773,26.129823790682323,26.558363275683742,0.42853948500141925,0.42853948500141925
137.50345312452583,148.51693310515356,1.2879504982619143,0.0660513754327449,0.1426423313884162,9.395126749758305,11.81484320269307,2.4197164529347646,2.4197164529347646
78.56259885622431,62.56409771095964,1.5180332958233596,0.0503187066109537,0.3101730696459623,23.68962102988246,24.15988607153002,0.47026504164756133,0.47026504164756133
109.850341405168,144.02833470822384,0.3163405304370446,0.0549263814470077,0.2066459442443371,0.0746005853656903,0.20033066457238377,0.1257300792066935,0.1257300792066935
83.69831224412506,132.76633424845312,1.7072074050614634,0.0701080967505599,0.1460808650678151,0.2763740971923036,0.22609121406447452,-0.05028288312782908,0.05028288312782908
117.70378148820102,134.30785202598565,1.40914477571425,0.0621858950693754,0.4962517818033765,25.29379839568129,25.466016516138748,0.1722181204574582,0.1722181204574582
130.9281264371433,116.92500643838277,0.1749018006899759,0.0970340166526974,0.1741660995587879,16.102835708718587,15.672024986111428,-0.43081072260715914,0.43081072260715914
91.8993685310231,63.93552582606905,0.8416252734836839,0.0803435114704816,0.3293483509261125,32.915407030667595,32.942870701731614,0.02746367106401948,0.02746367106401948
122.3447817850001,132.83690072301977,0.5749271698765147,0.0838819072844394,0.3857973785669608,12.451734666920416,12.487699500360096,0.03596483343967982,0.03596483343967982
106.83086033354716,136.23416119638762,1.4988251468748652,0.0277533109075627,0.2634662322074068,6.129491705391889,7.614769152313379,1.48527744692149,1.48527744692149
64.46283381234474,144.39911714315463,0.9020620118661123,0.0839384329677461,0.4800714829784378,0.9595698547577296,1.1465111891264548,0.18694133436872518,0.18694133436872518
79.04816056089436,100.1182847245164,0.5748481441178334,0.0813270296253927,0.1103562134842618,0.0294323363938751,0.7528459719926061,0.723413635598731,0.723413635598731
70.53329387067998,124.3883110942502,0.5823230337577925,0.075189130111203,0.2555416425158976,0.0198302976783843,0.018896395346716,-0.0009339023316683008,0.0009339023316683008
109.52297327194016,91.40006828847248,1.027109027427728,0.0750890295047235,0.404857043429749,31.190154969442744,31.953891666069662,0.7637366966269177,0.7637366966269177
127.9095255812996,84.75529390761123,1.0425510675350735,0.071284991531362,0.3546144910627322,50.71938019561617,50.689391006984614,-0.02998918863155353,0.02998918863155353
53.31741577557738,141.28906154821112,0.5877981198235219,0.0493746224486544,0.3576451197894158,0.0016688884501168,0.012309665830927725,0.010640777380810925,0.010640777380810925
104.8733789366586,72.07035205509057,1.6296678632636117,0.0544267666855417,0.2644718036464952,39.9998917681223,40.86011399215438,0.8602222240320785,0.8602222240320785
64.77235283971316,107.91911163653384,0.9449208599720016,0.0492847612212858,0.1864669651953886,0.0245550318042661,0.015316501423450963,-0.009238530380815136,0.009238530380815136
137.66507618282006,75.35386625191754,0.0659336301950422,0.0370375021645813,0.2968116478794693,62.49500084951845,63.78169970368737,1.2866988541689253,1.2866988541689253
148.62107444796027,78.96960205987719,0.9028710594649144,0.0684418204630456,0.4735736938446241,75.61692093625925,74.67574562730802,-0.9411753089512302,0.9411753089512302
109.7312378330712,145.183854696666,1.713825396675512,0.0361392914322326,0.5951216295007496,25.320732264969585,25.95755817321531,0.6368259082457257,0.6368259082457257
130.87422290211197,123.77566978116708,1.7299403800136983,0.0102274585155993,0.4778384970839869,35.97884159991139,36.26597864529838,0.2871370453869915,0.2871370453869915
79.23474242151515,116.0420083343875,0.6629612613677558,0.097330933537649,0.5239091889388706,5.188363251274151,4.708647414063606,-0.479715837210545,0.479715837210545
62.35724905994905,66.29026932929885,0.8297126456875439,0.0174482330437898,0.5995047579850186,12.297334729818338,10.296575752536116,-2.0007589772822225,2.0007589772822225
101.22847430502132,127.2117097782114,1.181807725522365,0.0822779189130644,0.2685439254995669,6.711926412780809,8.180958147714948,1.4690317349341395,1.4690317349341395
84.10663510502584,143.15393301575324,0.642486649599018,0.0853960983062443,0.3306307132362288,0.4014409299719972,0.7899119443191456,0.38847101434714837,0.38847101434714837
123.94835856213275,113.97379973783744,0.6520222930629558,0.0681202055106675,0.4739514157712452,26.11047303585453,25.69621030781041,-0.41426272804411823,0.41426272804411823
128.9438398815455,125.06920585755005,1.7979000110920922,0.0544338515680564,0.5329381712195002,42.11216766702954,40.338387800372146,-1.7737798666573923,1.7737798666573923
115.4306321534056,52.66577249330274,0.1605723460090837,0.0529819703766975,0.5547774956501986,63.21177408872029,63.15780027434122,-0.053973814379070006,0.053973814379070006
138.2142314225861,106.28398170087364,1.091003346195623,0.0178945295904577,0.2362749452690799,35.83940537321992,37.6195094403989,1.780104067178982,1.780104067178982
97.02489856599762,67.77023642767156,0.3382186853214187,0.056292532548958,0.1274848226266094,30.53274703323919,30.750585361040727,0.21783832780153745,0.21783832780153745
88.62363952990896,127.85972795073774,0.7828708330536727,0.0770086154582471,0.1216137930883235,0.0072312327351672,0.1112794404889852,0.10404820775381801,0.10404820775381801
66.00249364631941,52.36543730983128,1.798981079475115,0.0517159299010097,0.1318073934253293,18.418256522167567,18.936187165852402,0.517930643684835,0.517930643684835
77.33123586537197,143.00561945885084,0.1284880481222429,0.0741576956403292,0.5713857184666968,0.0095463756130187,0.09755478043569964,0.08800840482268094,0.08800840482268094
149.01984904623572,104.326086932588,1.2198920378566571,0.040392346213828,0.3580385046765971,53.47403254220086,50.654078943981894,-2.819953598218966,2.819953598218966
90.72464172620704,75.52642579959164,1.6185569227854606,0.0895513891315475,0.1754349139030054,25.924524136694707,24.42761399421014,-1.496910142484566,1.496910142484566
144.66387272149524,65.46132440198339,1.3823071741977389,0.0578394255392658,0.1364705518810762,84.23254465403915,86.18159105089408,1.9490463968549392,1.9490463968549392
78.57120862818607,75.85247385449546,0.8869954024892597,0.0290897802826691,0.3911187097414444,13.617717001126714,13.920919407044202,0.3032024059174887,0.3032024059174887
117.0719525707048,58.29755943903778,0.7938392974512889,0.0758828022384986,0.2004340176549411,62.182519151965415,61.761857457613935,-0.42066169435148026,0.42066169435148026
82.53303307632643,116.89530774573036,0.6344375606097321,0.0778186117438146,0.545399993246611,5.993973787459968,5.025220879359713,-0.9687529081002548,0.9687529081002548
62.55497898984771,148.16488762882668,0.0948823531413375,0.0975787270861102,0.476711093931788,7.1913894326515755e-09,0.03636450302444299,0.03636449583305355,0.03636449583305355
110.74783945031182,72.8394338085652,1.0128350990930854,0.0874701085815444,0.2430206013815438,44.22845512150619,41.81582158762541,-2.412633533880779,2.412633533880779
90.3646694493478,129.3419527188633,0.2927855170079481,0.0535125521880704,0.4591766329339198,1.0149921240712525,1.367809852668114,0.35281772859686145,0.35281772859686145
73.19470961159755,143.0019058819496,0.6782594132517116,0.0750769788711809,0.5385037246494606,1.6104975669838115,1.8254095848868475,0.21491201790303593,0.21491201790303593
70.78238414588358,53.92820388434101,0.478947348806964,0.0676861086376009,0.2134228939043679,18.63894308833196,19.511642849934724,0.8726997616027639,0.8726997616027639
82.47928707883158,52.85047989205752,1.483805745996733,0.0932353781639672,0.1835155959255955,36.476533551582776,35.54558660530155,-0.9309469462812245,0.9309469462812245
78.02653001744284,61.26911668437488,1.0323070719142615,0.0699526308218112,0.331041420580769,23.125052833991678,22.157948180728997,-0.9671046532626804,0.9671046532626804
122.69798713458154,130.5998454556707,1.3699017000034917,0.0399576342757543,0.3376826427568039,18.82626792480464,18.152895911925214,-0.673372012879426,0.673372012879426
127.39913781527623,89.6406153725656,0.3850849339227404,0.0115258723683808,0.451805970318436,39.59721693249887,41.01734316936892,1.420126236870054,1.420126236870054
73.10808528744963,136.1667258678253,0.1275346824078922,0.0943253640140597,0.4491109998136163,0.0002668634146467,0.0725704657170411,0.0723036023023944,0.0723036023023944
92.11913798253909,99.77799119710532,1.9430737370532531,0.0175493302736725,0.5874429401730088,27.846000115766337,23.875293269718558,-3.9707068460477792,3.9707068460477792
111.71059444286564,145.27466009925385,0.7959156381612309,0.0880896546233807,0.1166619095448577,0.160592201937876,1.967189526061553,1.806597324123677,1.806597324123677
65.95772327867135,77.46739275048475,0.2968922726774293,0.02888517517181,0.5350333346867792,3.941529026844957,3.745279464378559,-0.1962495624663978,0.1962495624663978
57.691063873533466,115.99183331425894,1.972403769968032,0.0327561140697562,0.1372021426593761,0.0020147469086377,0.02057066951913745,0.01855592261049975,0.01855592261049975
96.18064815620188,138.2291038951338,0.6424055087718793,0.0854186781386474,0.1838012239611322,0.1098183704457913,0.09860807596613978,-0.011210294479651522,0.011210294479651522
123.44439320755914,109.67222893673625,1.5337402767670814,0.0292454316157343,0.2083184692359796,23.25686389934364,24.33610226660224,1.0792383672586006,1.0792383672586006
93.95077804475518,141.45736799875937,1.74512863812384,0.0129701275350205,0.2459560148708782,2.102808947462396,3.62369181903374,1.5208828715713438,1.5208828715713438
95.87288242002408,53.10946138246643,0.3118711561159198,0.053334640842688,0.4686870509065172,43.70297220245092,44.1847096966145,0.4817374941635748,0.4817374941635748
116.14408384507747,84.0132210843451,0.6511354561363245,0.0649678525747454,0.2959026522916926,36.234218263501845,34.94045690191726,-1.2937613615845862,1.2937613615845862
117.81225015366464,62.4308349905463,0.3776963306191712,0.0411762026141202,0.4082245571875582,56.37656270893905,57.06267368819515,0.6861109792560995,0.6861109792560995
88.93897796668735,122.76731823078336,0.5428501325305232,0.0139444825512173,0.472048301322252,3.56937474026369,3.6754609067361312,0.10608616647244107,0.10608616647244107
56.66220873674615,119.40622919770036,1.3593909321497288,0.0146999994830145,0.1362907356063293,6.496106755623208e-06,0.0008999479927149364,0.0008934518859593133,0.0008934518859593133
63.64511182704585,139.32691154176985,0.426082037471689,0.0684220464040309,0.3921847374049002,0.010869786699216,0.031789621928665295,0.020919835229449294,0.020919835229449294
110.82113767664468,60.76424218334638,1.8555402729099928,0.0639115654098495,0.1780305521304415,56.860073712073294,55.78802736191855,-1.0720463501547428,1.0720463501547428
147.9419873137852,55.05151179702433,0.3940905122689868,0.0326169862012148,0.1979329959035619,93.59358155652846,94.19067892005512,0.5970973635266574,0.5970973635266574
103.39565469349338,116.25091360021815,1.9036084403985505,0.0999887589227164,0.4516163612046219,28.20962541839819,24.28961954761042,-3.9200058707877687,3.9200058707877687
122.90134212929686,146.32783170718716,0.7927625058815019,0.0328798710827324,0.3733928365851794,9.3907132411427,12.882646986306865,3.4919337451641645,3.4919337451641645
130.78314518266222,137.6020832290874,1.0089830402958142,0.068841230151553,0.4922692724571165,26.52786305773786,26.637181293766435,0.10931823602857449,0.10931823602857449
114.47452485768186,110.16357358233364,0.5444926424223118,0.0655193223790704,0.4190382347199888,18.032807241013018,18.49668634306094,0.4638791020479225,0.4638791020479225
50.41014504301671,103.222843075693,0.2743245958494436,0.0453038597443764,0.4772912020090635,0.0127853481529285,0.14159277028281245,0.12880742212988394,0.12880742212988394
79.78593983902113,85.99988094397729,1.6279677034271545,0.0798492883839432,0.552240062592709,23.58157607850507,19.99955410774885,-3.5820219707562195,3.5820219707562195
84.23951232958596,96.50066322123362,1.5717005216120836,0.080601391001393,0.1345035125462838,5.305314916611614,6.280410103013504,0.97509518640189,0.97509518640189
145.98343813988768,55.71923033813799,0.1864736949774755,0.023255146356082,0.5861384782338803,90.5056594499047,92.12186341828479,1.6162039683800913,1.6162039683800913
85.91099429675971,80.9860886522683,0.9182736101622254,0.05992505501336,0.2564814226132982,13.415795635001558,13.566575441055004,0.1507798060534462,0.1507798060534462
113.55934820081872,86.88703967009803,1.8972906990758052,0.0688574832647616,0.321683727020514,41.39948391077517,40.89045767989153,-0.5090262308836344,0.5090262308836344
69.85524035370929,115.64779838302422,0.5477075634603266,0.0459863378412398,0.4487835632962275,0.9751020164873864,1.0677125020754987,0.09261048558811236,0.09261048558811236
56.80102319524205,119.8859230529894,1.7209777116895757,0.0160498443914406,0.2148489707706623,0.0387302568505187,0.11555675525517707,0.07682649840465837,0.07682649840465837
53.47991998683501,88.2771655544029,1.8470934648385224,0.0496027062381514,0.1311281561632153,0.0429268589009946,0.15284437095328715,0.10991751205229255,0.10991751205229255
131.69833808090692,68.67506132549059,0.6865319738931702,0.0133664670137978,0.3599634709498577,63.78203403715084,65.14402395444834,1.3619899172975067,1.3619899172975067
60.45678403344002,91.43481084316268,0.1772313299818348,0.0717310450187488,0.2797685482109063,0.0007397184908553,0.05419168513807719,0.05345196664722189,0.05345196664722189
131.8542579905503,69.7679084235682,0.4100112066863522,0.0421470391437667,0.4331315886450941,63.36250582322535,63.864202842436534,0.5016970192111856,0.5016970192111856
108.07610919522531,128.28739297791955,0.9276172755033618,0.0411409132911032,0.128505290926984,1.0256619203326078,1.210858432015085,0.1851965116824772,0.1851965116824772
114.20316461542878,56.00363130023587,1.5866760001732374,0.0522858413912126,0.3547171537509374,63.16247455893207,63.08482715694103,-0.0776474019910367,0.0776474019910367
118.95267510315612,63.370268210967,0.7521738191279473,0.0684675465409063,0.1492711113175898,58.7633328587497,57.46850990073564,-1.2948229580140591,1.2948229580140591
147.1297460306592,91.89709503827788,1.763226530743766,0.0813946325010196,0.5127814015972847,74.63598096281484,71.95685903306986,-2.67912192974498,2.67912192974498
128.48829833877943,124.24142652825935,1.219039318987322,0.0925500097645439,0.3631203490799001,29.010444514600337,27.84325951735788,-1.1671849972424582,1.1671849972424582
94.15472888798304,69.64716508495319,1.7231473488197453,0.0141772534501987,0.4889091401919977,35.95938193418256,36.21521421245916,0.2558322782765998,0.2558322782765998
66.18956100523584,113.9743879483346,0.4986548341269172,0.0516467704370976,0.3909775279475693,0.2770643488315794,0.32108944201110473,0.044025093179525354,0.044025093179525354
148.0470797783071,114.02789452771724,1.5655503479877069,0.0952746458896628,0.2127549919100827,50.67021186687144,48.70552489639078,-1.9646869704806633,1.9646869704806633
83.48762934795337,60.8522403560097,1.42524322132441,0.018163365814171,0.1312089206279922,24.24666207152923,26.44038039994133,2.1937183284121,2.1937183284121
144.2334494935037,93.30106455903996,1.1550636078163885,0.0357637078389416,0.1825111623533586,54.76300117131389,55.72231773348919,0.959316562175303,0.959316562175303
52.212355152899725,136.31339625231612,1.2429704973277989,0.0484498850193749,0.5017331195762512,1.0149085929114592,1.2732625130727908,0.25835392016133163,0.25835392016133163
98.75653632789248,144.15514356898058,0.5737797147962216,0.0169364662020436,0.1980213912150625,0.0406790490295347,0.25839481473081805,0.21771576570128334,0.21771576570128334
96.62994129398189,94.50452833148654,0.6052442585545601,0.0438866934448921,0.1722562537937753,7.670530882889423,9.175993181136306,1.5054622982468828,1.5054622982468828
116.0532415436486,69.56157715000211,1.588171775559299,0.0512236710131431,0.2993329242144468,52.72289951887935,53.64417819079438,0.9212786719150259,0.9212786719150259
138.78181149649987,127.40613190499226,1.7889839115203725,0.0337720576562409,0.1523109443587285,22.486819373017557,23.335181866931666,0.8483624939141095,0.8483624939141095
128.6182669198213,90.48131591292162,0.6882635697805934,0.044122184073582,0.4449912919132535,43.86645436418621,44.51742293519792,0.6509685710117097,0.6509685710117097
145.14907101767872,112.82100771662478,1.9524816495442592,0.0158650214318345,0.4817308450890928,54.21402377275588,56.117461421308896,1.903437648553016,1.903437648553016
109.856299321776,56.60063358116679,0.3971165934676671,0.0902805890915261,0.351252963803632,55.25265154742779,55.94792474861731,0.6952732011895222,0.6952732011895222
107.0570709130388,86.01034468105172,0.3756443311395012,0.0978063954753227,0.4889914926164974,27.217221515586367,25.989064977181794,-1.2281565384045727,1.2281565384045727
57.33164521207655,109.99588030552331,1.3532833384304923,0.0544832522844919,0.2887226456651182,0.4424492841469738,0.6513979250311259,0.2089486408841521,0.2089486408841521
78.76327290436782,102.6659826111416,1.1723498810496542,0.0157468832071868,0.343171489640186,4.980705302448833,5.527042891968013,0.5463375895191804,0.5463375895191804
53.646105082561846,106.24706135286772,0.7151373611820682,0.0591519892455325,0.4115613677716662,0.3264385611197271,0.6855455642557613,0.3591070031360342,0.3591070031360342
141.26025217389008,80.14633544831065,0.7392225148080916,0.0480974530551859,0.5683936893099681,66.53974270936634,63.56080031144002,-2.9789423979263177,2.9789423979263177
139.18721448107345,144.05592607568448,1.6843241789090335,0.0329323031918719,0.260855707284832,20.001606649153977,21.42315963282364,1.4215529836696632,1.4215529836696632
91.35491015253515,61.060575194066445,0.6828099714761678,0.0779852541798141,0.4923624423203011,35.38127001164584,34.438438869991906,-0.942831141653933,0.942831141653933
116.01879974978584,148.55878408815013,1.2533493124904391,0.0850390180760857,0.5540625504970511,22.381230347394208,22.843748418002864,0.462518070608656,0.462518070608656
143.2554878419312,80.96228929261562,1.8351910830273117,0.0135565776979167,0.1087545662147808,64.28269497221721,67.39009295637412,3.107397984156904,3.107397984156904
52.02702056730526,146.82366859696407,1.6487009893684206,0.083925942755616,0.2444689404207987,0.015510428488123,0.1178055335176714,0.10229510502954839,0.10229510502954839
118.5854492401492,120.55060541932907,0.2677598615207477,0.0289487624000381,0.5434335424249559,12.806601739663703,13.255370743807557,0.4487690041438537,0.4487690041438537
105.66956708208532,128.28344633718626,0.5074825127868241,0.0576384189962815,0.4442738912614026,6.912975033589738,7.015034338086909,0.10205930449717027,0.10205930449717027
99.45862512026456,126.10199623959116,1.6501886174139198,0.0300441802638641,0.4077606652131539,13.802327191712436,15.177261085816193,1.3749338941037568,1.3749338941037568
141.45844352217478,132.3236439211073,0.1423470865438633,0.0273991480721531,0.4321450776028424,14.520960084004102,14.733592695031643,0.21263261102754072,0.21263261102754072
98.9894142130825,75.3186333332462,0.9946654289861372,0.0382314387688549,0.339517283029929,29.23687346498437,29.493737060528154,0.25686359554378413,0.25686359554378413
135.2048415804693,59.82652058133203,1.0491551084352946,0.0868621963921194,0.5113726092330207,81.33356641396995,79.4169187746976,-1.916647639272341,1.916647639272341
100.069662779531,121.6950745316716,0.5825772546834103,0.0630636284857649,0.4797488280375503,8.61525504611642,9.015981381897953,0.40072633578153294,0.40072633578153294
140.7838513883534,93.8501248274577,0.9818904363552228,0.010841931028383,0.5046680617088303,54.29890252818173,55.152102344006515,0.8531998158247873,0.8531998158247873
92.06822370409284,66.9281277542963,0.2302345791308506,0.055715426503548,0.1803308836722113,25.993240769105924,27.399189396100294,1.4059486269943697,1.4059486269943697
68.3947417847384,86.6152007235867,1.118185831739965,0.0698892405151414,0.4173157649909834,7.918826746120242,7.937830901693641,0.019004155573398407,0.019004155573398407
80.76790894779485,62.74155188015534,0.7675664256157418,0.0404518418280412,0.1538405345005841,20.004807878483987,20.73369307554087,0.7288851970568828,0.7288851970568828
109.06378339946376,116.57930951976158,1.5159882200794736,0.0298032168229959,0.4744129050283691,24.16413688126585,23.432508250910928,-0.7316286303549226,0.7316286303549226
66.70339460920752,137.0022527189172,0.1308807095524222,0.0506272490452779,0.2798111475374655,1.224858187177282e-12,0.007672457673162423,0.007672457671937565,0.007672457671937565
65.5860367587077,83.41192696484381,1.0542808671554162,0.0603885030159316,0.5966075074992682,11.657585569021006,10.819819543315031,-0.8377660257059745,0.8377660257059745
111.21498216133902,131.94675635889308,0.6764688998855021,0.0486254366566252,0.5284278096448392,13.327332740868812,11.467265022307833,-1.8600677185609786,1.8600677185609786
60.9863113740783,127.10442979389816,0.9007535877779176,0.0752624002130874,0.4507044801395802,0.9174688635289936,0.9772166954269037,0.05974783189791011,0.05974783189791011
119.40199458245654,141.9206633896617,1.339196490080902,0.0317121299850408,0.1203866832445659,1.6681100921504957,3.535984077230401,1.8678739850799055,1.8678739850799055
122.88705094885958,77.16668066830147,0.498314273438474,0.0420132088028967,0.2246257474641167,47.32371757041739,48.49170348722561,1.1679859168082203,1.1679859168082203
62.06884678462404,116.57250139157834,1.6829836336639006,0.0552415386416512,0.5804104299452554,8.200589489705713,7.6001043884860975,-0.6004851012196157,0.6004851012196157
69.22917232310797,135.24476678569937,0.8287332163595837,0.0826727162236101,0.2642727855842255,0.0449861982734361,0.06661263294369792,0.021626434670261818,0.021626434670261818
106.92064631294278,82.94328805654868,1.119635273246972,0.0476986928734943,0.5547567460067897,38.32535401695549,38.09620863185487,-0.22914538510061533,0.22914538510061533
54.70611978769474,110.48784807504404,1.7463206886498712,0.0181362553821372,0.434691573050658,2.558177091311533,3.4930321961874515,0.9348551048759184,0.9348551048759184
50.36467027846763,84.16580269871808,0.234548305216646,0.057763233776941,0.4264982277804739,0.0340117494458528,0.5935969818117791,0.5595852323659263,0.5595852323659263
69.49427689701598,67.94486628806044,1.2760434790351611,0.0797095992451841,0.5297126169822282,19.77088891097364,20.27022755004415,0.4993386390705119,0.4993386390705119
70.48024090562095,117.66856334286486,1.619658524542061,0.0276143726103415,0.4609610913328171,6.150790437398417,6.901235769386219,0.7504453319878026,0.7504453319878026
94.1506743289171,90.94342689522688,1.833206770778879,0.0380707180507417,0.4394296553491346,25.911034014675074,25.947452434722734,0.03641842004766005,0.03641842004766005
102.73935140878471,121.07463737786956,1.7559913064411548,0.0139578135690115,0.1767450069430079,4.361247113665666,5.069410491027393,0.7081633773617275,0.7081633773617275
116.42179722788823,72.64406203310816,0.5435722103460244,0.056479495141017,0.2032612068407882,45.97548226837087,46.032876738974196,0.05739447060332736,0.05739447060332736
71.29259504826013,81.606778996412,0.5268257837499123,0.0399822343594496,0.295799524286376,3.042726184916887,3.9114125861914446,0.8686864012745574,0.8686864012745574
111.52194382310108,54.54592255903845,0.3008385852030488,0.0118754714391849,0.2602055726250698,57.170544832961546,58.412294993567706,1.2417501606061592,1.2417501606061592
58.56503939154102,61.44608359247015,1.4812931231076312,0.0959807162777499,0.1663637900646923,7.618683838522323,8.168118825891415,0.5494349873690929,0.5494349873690929
106.85821806899978,110.008411190417,1.492099294107612,0.0239550608894847,0.4408983187107612,22.966941409363123,23.56710795039923,0.6001665410361063,0.6001665410361063
135.63740982148022,97.616011147694,0.6248421865744314,0.080501317582192,0.1639081966906596,42.81725623315688,41.277719379298446,-1.5395368538584364,1.5395368538584364
122.27377522388046,55.5580634484077,1.3830842331893545,0.083348673527733,0.4847262922948394,73.79903726137871,72.44748164877974,-1.3515556125989718,1.3515556125989718
131.1407502700656,135.66889039943297,0.7207590247932987,0.0187583940725785,0.3609953699889791,14.818797429594484,15.865127833529606,1.0463304039351211,1.0463304039351211
106.61806912250708,120.23514608651068,0.6147008596262806,0.0296842030734839,0.5738626811129863,14.775994000820376,13.478387524372557,-1.2976064764478181,1.2976064764478181
101.80153489085195,50.01948623373171,0.7319171617103682,0.011752779188767,0.1469993421687915,52.21047401386649,52.90084580151208,0.6903717876455886,0.6903717876455886
107.7657996066007,66.42340045162723,1.87809490406594,0.0197185269203748,0.5490397381054399,52.45019191618583,49.233147467144015,-3.217044449041815,3.217044449041815
71.546290727573,90.04538086817448,1.7944347199357795,0.0911079517007552,0.567620815698187,19.540298507545472,17.607137382151784,-1.9331611253936885,1.9331611253936885
69.0456997030046,104.0313267707632,0.2866993370414444,0.0277494948064644,0.2753758037427745,0.0120814509104117,0.02843789173342832,0.01635644082301662,0.01635644082301662
92.26866196574258,62.43365734394652,0.9734781146550026,0.0476888568364712,0.1738008310778313,32.689017463688295,33.961051583613774,1.272034119925479,1.272034119925479
123.88050500786863,134.08858171042203,1.122186660949616,0.0501879076289476,0.2198929044122616,10.24221350701584,11.587514601077482,1.3453010940616412,1.3453010940616412
100.60446924118366,79.82636930758984,1.284940927284604,0.0160315718236286,0.433090988999587,30.713290037721755,32.37633420370897,1.6630441659872162,1.6630441659872162
141.74858431319902,148.6789945570083,0.4203359132947392,0.0302658683913091,0.2080495557916122,5.491729161003697,8.840387169256305,3.348658008252608,3.348658008252608
105.74745489756538,120.2614409594139,1.2538376374197195,0.0205404357464619,0.371703389218867,13.198876789489423,13.885698531904366,0.6868217424149421,0.6868217424149421
51.857071876509885,113.17956208047733,0.6255221154042864,0.0282277377755217,0.1357193813558117,6.564191776043e-13,0.001834830644340956,0.0018348306436845368,0.0018348306436845368
59.89686234087068,88.93611644977847,1.7501506325752854,0.0626186156815928,0.4182692113469247,7.22814654138455,7.628849197226169,0.4007026558416191,0.4007026558416191
109.2474647563615,146.32044821977502,0.081125374010253,0.0908820140684883,0.3893337502717408,0.0225773071647741,0.5426159688851886,0.5200386617204145,0.5200386617204145
115.43933648305747,79.8294203059923,1.7571820107400842,0.0922562558748366,0.4251319705987603,52.07830769822989,49.964354890660836,-2.1139528075690563,2.1139528075690563
90.78600255909134,50.41131615890973,1.56488001605542,0.0315966049792241,0.5572789983236615,47.13860417089386,42.863038888150484,-4.275565282743379,4.275565282743379
57.86976751953991,71.66280875826806,0.4852059862528288,0.0968601360975283,0.5254064930243638,4.8357852055700725,5.04797922895915,0.21219402338907756,0.21219402338907756
61.61807750118909,94.25347781294708,1.3143048606462229,0.058250487579438,0.1433636468059606,0.0735272523193595,0.2275920042172843,0.1540647518979248,0.1540647518979248
98.52906340617152,125.49391648058904,1.706848912170354,0.0405998839562741,0.5442051019995207,21.50531938691852,21.265162905737753,-0.24015648118076527,0.24015648118076527
127.68313694482886,65.59671180178098,0.8251276848714787,0.0388074319084746,0.533066050585367,65.58162584814349,64.53965626382823,-1.0419695843152539,1.0419695843152539
93.7024076098673,125.11533681730988,0.916446772067202,0.0602962859729969,0.3237119875806601,4.217714749718809,5.604621418246615,1.3869066685278062,1.3869066685278062
99.74113794914264,146.60901250400778,0.8334263926152116,0.0119964606366381,0.3374473925813392,1.988275610354748,4.495121220490264,2.5068456101355165,2.5068456101355165
105.9648683486914,110.62660635323716,0.1060179106251691,0.0835495586048166,0.4913551803557157,5.18655764710504,6.157583278636961,0.971025631531921,0.971025631531921
78.1825003295472,53.73656601386111,1.7528086532933866,0.0736798741516024,0.1604887868186603,30.994358232557,30.53780419469898,-0.4565540378580195,0.4565540378580195
122.2433423022413,111.9243220382779,0.8002969306253359,0.0605444832286146,0.3635398589729611,23.86093876985376,24.11517995842373,0.2542411885699707,0.2542411885699707
83.47435317993623,133.4320712042389,1.4256285249107896,0.0513178965689458,0.2346020642192585,1.0077310600623308,0.9491800320583593,-0.058551028003971495,0.058551028003971495
133.5588608892925,100.94514539197756,0.549216946786599,0.0673411682359268,0.5074654561722709,41.00432363343998,38.14463748821478,-2.8596861452252043,2.8596861452252043
74.05315851801487,89.25020122702179,1.8154678478750532,0.0586062928423379,0.3830648445356162,12.801750294559708,10.366975510605805,-2.4347747839539036,2.4347747839539036
69.24110378871393,101.45078780784053,1.9306384772340568,0.0865437799451783,0.5314532201874986,14.92784967116543,13.13692286626504,-1.7909268049003888,1.7909268049003888
69.72426661670168,62.67948443366767,1.2974106708601925,0.097408903108433,0.1205355003083578,14.643013430163307,15.84173974114733,1.1987263109840232,1.1987263109840232
113.02388123829044,67.86045043596812,0.5608600696693393,0.0402141326331571,0.1022583213964895,46.67685796096399,47.15029405907478,0.47343609811078835,0.47343609811078835
57.433087235358016,91.1824352533944,1.226437315873251,0.0744203635452676,0.3310084888482199,2.0418303422912985,1.861922017747247,-0.17990832454405137,0.17990832454405137
63.33812366377428,84.83789442921591,1.5082619854912798,0.0184511498088087,0.1859325619794695,1.0043833716653854,1.5358832476930042,0.5314998760276188,0.5314998760276188
111.94450738181531,138.03427414293162,1.7491606040572834,0.0298575498452339,0.325337033517175,12.502309590390013,13.675311199211906,1.1730016088218935,1.1730016088218935
55.68405707123885,90.1159907247521,1.9093089848688651,0.0997430127872837,0.5395946303608901,10.864345413390264,8.102740046231181,-2.761605367159083,2.761605367159083
97.65679435800186,62.15730201607428,1.6163608887595955,0.0729557596154292,0.293512583211912,43.1596577009898,43.18111238862998,0.02145468764017977,0.02145468764017977
86.44098659954032,87.71075883381081,0.4509725073773705,0.0253078736474976,0.2310356994385128,5.217404871163133,5.073509559072236,-0.1438953120908968,0.1438953120908968
102.10021729483567,53.02841928409913,1.3204659128334522,0.0287281951713355,0.3464113934399533,51.51388696234762,52.85682951545844,1.3429425531108237,1.3429425531108237
139.14538731447493,72.67173457998499,1.7294930988874924,0.0837254196039168,0.5225421763880117,80.06279980249283,76.73188665235685,-3.3309131501359843,3.3309131501359843
86.12427940410105,142.9377109874379,0.1270857622095847,0.0335863579898971,0.1416285701860231,6.972281313926017e-24,0.0001687175967157259,0.0001687175967157259,0.0001687175967157259
144.88008296776354,148.52471174474712,0.3009072523718519,0.0142772096524478,0.2431807817014162,6.372519225330905,8.65571799017835,2.2831987648474446,2.2831987648474446
68.80410925887858,123.67291487334056,0.6086139697267711,0.0728519494252161,0.2825462576020479,0.0449879893923491,0.03286371211782282,-0.01212427727452628,0.01212427727452628
130.67078077450614,58.13080733033185,1.8420765815993152,0.0987862925662031,0.5124094204640748,84.04537384197666,79.93991415502097,-4.105459686955683,4.105459686955683
68.68008410450355,115.01980459432566,0.5827474587466757,0.0855157188017186,0.564372674143124,2.619804654284792,2.133778709367594,-0.48602594491719797,0.48602594491719797
71.8269482853386,118.01101411206822,0.1478507613039201,0.0567363845660286,0.4636073793114956,0.0152274427569945,0.03742875106255853,0.02220130830556403,0.02220130830556403
95.0536539067076,120.01621248132707,1.3470247099524688,0.0371774642418991,0.2498139403071021,4.810271208880383,5.927592946232121,1.1173217373517375,1.1173217373517375
50.982755256978784,92.51168989117971,0.1497970201694485,0.0610971168516484,0.5806822694108945,0.021636318629342,0.11735924401932128,0.09572292538997929,0.09572292538997929
70.35111083318864,99.8264499295018,0.4235110472752344,0.060282276800985,0.4818321910238918,2.007099116680232,1.6852224723079858,-0.32187664437224606,0.32187664437224606
142.8630562115394,106.6646718354167,1.9308421225248076,0.0308681727421541,0.4282218700919834,54.28314576705993,53.198425861150064,-1.0847199059098642,1.0847199059098642
107.78911126940883,132.1508516898092,0.058201546501877,0.0358879258617408,0.4100363124584483,0.0901128695750226,0.851182147473048,0.7610692778980254,0.7610692778980254
122.50960188976508,107.27443860161443,0.4805729452225573,0.0219033364549342,0.4570222876599324,24.002464226770925,24.367870012855963,0.36540578608503793,0.36540578608503793
72.71912531822161,55.181812846791104,1.2196996359180692,0.0688685052491664,0.4614937685696764,26.279983148622136,23.935234302075877,-2.34474884654626,2.34474884654626
75.20698868501715,64.3790475840733,0.2664478885353717,0.0948200707627311,0.2182762395419717,12.612122664660554,12.722539119528902,0.11041645486834817,0.11041645486834817
70.70848248877104,139.12598299224942,1.7057997146314683,0.0481689348325564,0.3819081704201869,2.650935216825306,2.8026192455203445,0.15168402869503828,0.15168402869503828
78.72576948770677,107.96689129776276,0.6726682793638792,0.014096386140972,0.2056734203804625,0.2115197348987592,0.5116670631726375,0.30014732827387836,0.30014732827387836
138.99601216153184,106.92838176350692,1.592549695643017,0.0257793648743081,0.5552624960315773,54.18120298253772,52.60717669833037,-1.5740262842073491,1.5740262842073491
57.928028463119176,66.21093554302014,1.120163366872109,0.0937380619842865,0.2768928087499488,6.037264059071774,5.028795636448295,-1.008468422623479,1.008468422623479
99.25690707532976,101.80458844113916,0.839636721151461,0.0125984964554785,0.128386445862054,3.9889563251438247,4.528636121349421,0.5396797962055961,0.5396797962055961
108.15083096240724,57.20126584593025,1.5955419673304931,0.0428114089462538,0.2124410803258752,54.75345592812453,55.97970300313969,1.2262470750151593,1.2262470750151593
113.34782198261472,54.84973688939382,1.860851438595972,0.0942762519614308,0.5384260152413305,70.01258940691473,67.3767268188101,-2.6358625881046294,2.6358625881046294
134.1615459757815,88.45739464052495,0.632936661964363,0.0671517731559396,0.5444888407024951,52.76460573394937,50.79831336968417,-1.9662923642651933,1.9662923642651933
66.12188119751225,82.19938963267649,0.8262920094875609,0.0948641752660716,0.3937066906654488,5.896829085052335,5.771806400430407,-0.12502268462192845,0.12502268462192845
80.46963400862894,61.25267903127989,1.5218768380907357,0.0243450487844951,0.5488221367028748,31.02156295445198,29.644757592092866,-1.3768053623591143,1.3768053623591143
125.3503901107308,81.62153881423563,0.3393664487832721,0.0319969450000767,0.3330954289849631,44.688781844859164,46.13190999412849,1.4431281492693273,1.4431281492693273
124.28166905773315,129.3833565748375,1.5674651932443255,0.0491824987243256,0.314391899882554,21.37102459616878,19.570179199358893,-1.800845396809887,1.800845396809887
120.39859218646632,84.2188716243777,1.7847481344116418,0.0475188818471444,0.3151233510866533,46.0569516068325,47.76581681341416,1.7088652065816632,1.7088652065816632
112.50915526865286,82.24221661134538,1.2749833902395982,0.0408974446165842,0.1243018925293259,34.46441516884664,37.02897317754124,2.564558008694597,2.564558008694597
99.4982794712461,110.65008630101318,1.9028881609472,0.0969440566674008,0.1378480462845536,11.600361575574098,6.334491981479371,-5.265869594094727,5.265869594094727
146.78600348450306,106.8800348883758,1.738928448978759,0.0933738128484618,0.17660896167611,56.11786619230301,52.58650309543096,-3.531363096872049,3.531363096872049
66.88592893670354,60.0352713906379,0.3789786072452701,0.0457640694675362,0.106791138307193,7.927666563680468,8.761091408055043,0.8334248443745746,0.8334248443745746
76.51232614457395,87.85668501891365,0.7796186950298257,0.0970224158206547,0.3945536233188882,8.624224001438971,7.32569678697794,-1.2985272144610311,1.2985272144610311
131.40682873866808,118.59813592932424,0.528043663650531,0.0791146839053388,0.3747360587479005,23.91279451150868,22.07318045388982,-1.83961405761886,1.83961405761886
140.35312259127926,121.5103178557092,0.8533346920464775,0.0580844423402345,0.2599767792185519,28.33790260952065,27.567751236837758,-0.7701513726828928,0.7701513726828928
137.12718509501173,138.45009632651588,1.3843815341411527,0.0172483320191816,0.567035772318673,36.55828820845935,40.92342707360465,4.365138865145298,4.365138865145298
93.20672850666178,64.1357243132104,1.8986425839209744,0.0776878386560317,0.5500057986158651,45.49147353014791,42.65976282977997,-2.8317107003679354,2.8317107003679354
141.50557297761543,130.7087499350767,1.9951757532018477,0.0657004077644342,0.3220887235297973,38.8451213914347,33.200567219083524,-5.644554172351178,5.644554172351178
133.2062096754151,115.65106489473632,0.2203201686083901,0.0283755419957157,0.2920956064143415,19.493587954360976,20.77197693349563,1.2783889791346539,1.2783889791346539
117.30091009630524,51.2371182866932,1.726929741970562,0.0950590571873682,0.166817143017386,73.82079517834947,71.26002309905499,-2.5607720792944804,2.5607720792944804
53.417558904108745,137.6610970547888,1.8459974317665448,0.0368518541555606,0.3416012363054723,0.4240208964936567,0.6062765868501744,0.18225569035651767,0.18225569035651767
97.5796814994601,132.50239530511828,0.7088826944499045,0.0144288973052017,0.3420122633961643,2.560860642170944,3.8764946855684723,1.3156340433975284,1.3156340433975284
82.18466352013203,62.243530384848576,1.6605570453719114,0.0267952212035179,0.2775465186531525,25.131338772385263,26.65380879620104,1.522470023815778,1.522470023815778
61.10972088459905,114.98120312478848,1.9638645240271089,0.0719021820949007,0.1665560308756629,0.1162735907208789,0.07379201925562137,-0.04248157146525752,0.04248157146525752
74.98931948673648,130.21046358609166,0.922222737873208,0.088299964909854,0.4707226553516213,3.251866144903307,3.842914850391358,0.5910487054880513,0.5910487054880513
87.5821219007941,51.12011153882352,1.071416626504,0.0901339793891382,0.4508814094897075,42.334820478082094,40.54997624553535,-1.784844232546746,1.784844232546746
85.75133284272368,73.72322298435805,1.5711014954249565,0.0702476174306553,0.1623904043627317,20.44938886544624,19.46336708822884,-0.9860217772174025,0.9860217772174025
148.1610655642433,68.65339218361584,0.7225339522439242,0.0430854380184627,0.2439549499085478,81.61224713204068,82.38617372215887,0.7739265901181938,0.7739265901181938
92.74896879206152,89.7858018237256,0.5677984697068961,0.058572471969104,0.3805914295138285,13.454679577632769,12.927796001454604,-0.5268835761781645,0.5268835761781645
70.90712853003491,126.42009688517642,0.7085217113128003,0.0783042629854374,0.2014039622167826,0.0044132103288198,0.022307665714512644,0.017894455385692842,0.017894455385692842
101.82183156359277,59.24599659227573,1.6927786138131815,0.0666825038401963,0.151210834921186,48.90146796419332,49.717824444942444,0.8163564807491213,0.8163564807491213
86.56807482613713,117.15277878140677,1.304889464147884,0.085212273359126,0.1707725000515139,1.6005035698235623,1.16918866772046,-0.4313149021031024,0.4313149021031024
127.85771869332667,143.1315479073533,1.4132674910985683,0.0979589034688394,0.1594853623584381,11.23654077842454,7.825437271100985,-3.4111035073235554,3.4111035073235554
84.62660507879305,132.52183564029417,1.1321493352704648,0.0799283475924947,0.2871078155972287,1.822764608402057,1.779324882256276,-0.043439726145781066,0.043439726145781066
124.92903605492502,73.44505077612904,0.9815991480588372,0.0590594657726573,0.4511758345232534,57.41156712144209,57.630058106592905,0.21849098515081522,0.21849098515081522
70.246754209575,77.79869162011818,0.4685141620679933,0.0433595751266106,0.2989242361388483,3.442922631650269,5.121428888693694,1.6785062570434248,1.6785062570434248
136.70314961224486,69.34295916799566,1.9593379496711376,0.0263837000685313,0.1150426331025745,70.8537772919803,73.23175103844254,2.3779737464622457,2.3779737464622457
72.01098300191634,81.05367753528611,0.9475101575507152,0.0673823544714742,0.2206715907921362,4.518074666470351,5.052392663596294,0.5343179971259424,0.5343179971259424
87.58839547956738,99.05431561567228,1.5648899809585322,0.0478779608175021,0.1563359803368526,5.0427609674615965,5.274749660276848,0.2319886928152517,0.2319886928152517
110.4940813197755,129.05117650912953,0.057111800993401,0.0145796954856771,0.3106136176585892,0.0604907481411087,0.9135848846157855,0.8530941364746768,0.8530941364746768
85.16226872396345,69.85286903854141,0.6387524912578386,0.0143853900036045,0.3851580246600675,19.455254599680305,20.735922192431076,1.2806675927507705,1.2806675927507705
78.04550647600553,106.78982289501748,1.6924580271358285,0.0795328262555945,0.1894162648390995,2.861256635503455,2.73395653232436,-0.12730010317909501,0.12730010317909501
55.86287004225839,103.20522603832052,1.9122354444554344,0.0463154329606265,0.212560492058118,0.3123739913039296,0.47771422955959936,0.16534023825566974,0.16534023825566974
112.2343264617246,50.90630981866444,1.5548181313824156,0.0623350477793351,0.3538711416228973,66.28699941557048,65.51957377316263,-0.7674256424078436,0.7674256424078436
128.39718505055896,78.8648486009936,0.2557836224650557,0.0628709724589074,0.3146250445708896,50.7937982641548,50.71133336131147,-0.08246490284333419,0.08246490284333419
105.27070757185452,50.36158617715677,0.9273215146183802,0.0165442008134517,0.5882998615478461,57.38096942039894,56.06029804353772,-1.3206713768612204,1.3206713768612204
77.69016897409377,75.73870636091479,0.7406958088806718,0.0325144512889099,0.3862349838008624,11.99429992054678,11.957904485860565,-0.036395434686214756,0.036395434686214756
93.83808971409314,108.14486377926949,0.6179331610093088,0.0225165627773572,0.5199283753321491,10.602849768183177,10.494916169522982,-0.10793359866019436,0.10793359866019436
52.90399022092194,116.86605235409712,0.9197557835763792,0.0404982239348768,0.2240242734687545,0.0009069078101816,0.01887022896511838,0.01796332115493678,0.01796332115493678
76.94900501333633,89.84925870644045,1.2784433658175058,0.0594415047107212,0.5430448125091522,16.311756393961982,16.18381613233237,-0.12794026162961103,0.12794026162961103
63.47857849174381,91.86925748900508,1.3809734609526028,0.0158555346859898,0.5015329824570604,7.456049615161017,8.236016504858558,0.7799668896975405,0.7799668896975405
90.470587432917,101.2714624118297,0.2127442800276336,0.0923630785807986,0.5269826312892341,5.424969159117634,5.640635220932431,0.21566606181479742,0.21566606181479742
98.2423601594729,142.80525240687936,1.0236134503775225,0.0267627784660018,0.3740651564395908,4.265054201720346,6.170428234770231,1.9053740330498847,1.9053740330498847
73.49062611312385,96.19658554504193,0.7078416698688631,0.0905035739852546,0.3306327677588486,3.018618784500571,2.3509588940976784,-0.6676598904028928,0.6676598904028928
118.01096984332771,94.62188185821871,0.9901129411572004,0.0530167102626726,0.3906172721208096,33.8515224791112,33.15891942017895,-0.6926030589322565,0.6926030589322565
56.076926839624086,149.3752145925391,0.2257735052760937,0.030358606597366,0.4965727995159665,8.786306070180088e-05,0.011430145801384628,0.011342282740682826,0.011342282740682826
138.72127425763267,100.29339370832488,0.9523144845058332,0.0536109766606037,0.4002528666528657,47.398800268562354,46.8399102590356,-0.5588900095267562,0.5588900095267562
99.1811322322456,142.187592049783,0.5139885499132238,0.0950125843620407,0.4547798566573436,3.399071800435461,4.933060803818578,1.533989003383117,1.533989003383117
77.49791919736401,113.28859000204127,1.893074799870412,0.0843765822013539,0.3286612797825033,7.801480714054158,5.499125881114182,-2.302354832939976,2.302354832939976
64.87415098714975,128.9787080236496,0.6787997366821171,0.0514235925404167,0.1200199410441854,2.7144808023866852e-11,0.0009357212962717138,0.0009357212691269058,0.0009357212691269058
122.88341471223036,64.45128128080965,1.8281724861994453,0.0150289702521371,0.3824532890209782,62.19372477156971,62.60484544157367,0.41112067000396024,0.41112067000396024
133.47984925799403,138.4207256894975,1.8363613526190767,0.0475642125666292,0.4856613768552065,36.98327004937493,35.46013255255233,-1.5231374968225992,1.5231374968225992
86.7999661448096,142.07030012036006,1.7548681302551827,0.0715154258595855,0.2974342594607104,3.8441843266926954,4.393382739561197,0.5491984128685017,0.5491984128685017
118.80305189519814,87.10083870647908,1.0534594946385882,0.0786255955580017,0.290739107114473,39.89284118634984,39.49730051887211,-0.3955406674777322,0.3955406674777322
94.37502193045712,101.83582663019337,0.7774703319201989,0.0652155264013457,0.5562484900505762,17.329015693235277,16.262578444692807,-1.0664372485424707,1.0664372485424707
78.6660581287023,147.4064124225149,1.589460868707081,0.0748199078610319,0.2745389494843373,1.0880946431864338,2.4494330940610096,1.3613384508745758,1.3613384508745758
65.39609941044262,57.056963851700544,1.7786278591830955,0.0746245761169532,0.3362909029524192,19.696686535784277,18.121964339340597,-1.5747221964436804,1.5747221964436804
98.36804457578666,82.55098852204901,1.508770020249955,0.0559851226069906,0.1727270806632897,23.47781762213137,24.86166570758004,1.3838480854486725,1.3838480854486725
68.36615387818857,56.910087778539406,0.7402085643513029,0.0974013643421092,0.1629664489281717,15.528330742994996,15.287864954872397,-0.24046578812259867,0.24046578812259867
82.95421335238821,107.53143565053058,1.0334123838435298,0.0259451874701832,0.2362257483924021,1.9684302219413343,2.3507471871176966,0.38231696517636227,0.38231696517636227
92.81348447110943,86.6603167112555,0.8813160854870488,0.024323063821699,0.1571786197122824,10.159984191318998,11.989406083285369,1.829421891966371,1.829421891966371
107.20486433693009,129.29855833149475,1.148126566180519,0.0404178537891262,0.5394822578306282,18.86644492912812,17.363751561014617,-1.5026933681135048,1.5026933681135048
131.30512071433083,62.14783003489032,1.509557506293216,0.0583857591628135,0.5677532893601368,77.65659077599503,74.83802260145576,-2.8185681745392657,2.8185681745392657
133.10534408973382,106.44640277151674,0.8807543147090074,0.0231407073954261,0.2426768681925093,30.74837591189265,33.725162382870586,2.9767864709779346,2.9767864709779346
92.2034260127639,127.93930542442216,0.8231793381935847,0.0205817341595946,0.2407265542418897,0.8177557642210225,1.058534504854697,0.24077874063367455,0.24077874063367455
124.0663581066626,69.31839127330228,1.6649768470718278,0.0626294120047101,0.1442593967195614,61.61258844055644,60.96230321091068,-0.6502852296457604,0.6502852296457604
90.55252214579436,93.20778192485024,1.6545459525820114,0.0977197431189322,0.4994586743923299,27.46603194743998,24.29511247872736,-3.1709194687126185,3.1709194687126185
91.12273626316605,71.86324808328537,1.3356645700170078,0.010081923656756,0.5760235905231403,32.6546725885428,33.39953030198227,0.7448577134394654,0.7448577134394654
99.0459525157488,113.0541004542351,0.9288514484934376,0.0627201724245336,0.1212950101931268,1.9175214811625985,3.3774609621017606,1.4599394809391621,1.4599394809391621
131.07206729451747,54.38298454444408,1.014963370169528,0.0877104625816804,0.1916741697044791,81.3211750074139,80.6496553617227,-0.6715196456912054,0.6715196456912054
127.18054684782346,110.6629848052722,1.3797324310434391,0.0941841156335868,0.3827103278746087,38.33862464110458,37.80794870865361,-0.5306759324509684,0.5306759324509684
70.11729671139008,130.59837948283268,0.8800364692843208,0.0267518034596092,0.4272559060951172,1.1124737067507544,1.811722139439496,0.6992484326887416,0.6992484326887416
120.9827074919876,109.14935271699754,0.645146377158543,0.0541153622006604,0.4187815885326309,24.14525767910822,24.76851258043347,0.6232549013252502,0.6232549013252502
135.56276815352336,132.34784494207096,1.732543199998724,0.049281731277838,0.5086221663608922,41.15520478723107,42.80840013980064,1.6531953525695684,1.6531953525695684
79.90802116554113,109.05529010342237,1.6324865040357264,0.0753514068369504,0.4966649474935675,14.611138353713592,13.009130689687236,-1.602007664026356,1.602007664026356
56.92926494666422,88.34255548387203,1.4628795547899964,0.0769757766289644,0.5228734373114393,7.961306864724266,6.5906698040580585,-1.3706370606662075,1.3706370606662075
95.50110323069572,122.46233009586128,1.1524384910542629,0.0436160737441046,0.1854811747351195,1.7560377518218164,3.101650382742863,1.3456126309210465,1.3456126309210465
99.78691805143193,94.4441434176996,1.48727343809261,0.0562988882382865,0.3390575909941525,22.588828734063483,23.520403748044572,0.9315750139810888,0.9315750139810888
71.48546064249982,73.35902582543639,0.9042749408475368,0.0762744623777285,0.3694951063129434,11.339259361537806,11.35651719710322,0.01725783556541316,0.01725783556541316
128.80351495750222,107.1872254509354,1.9317243060646947,0.0567065161355554,0.1835312788304152,34.49146373718935,32.933696096943045,-1.557767640246304,1.557767640246304
100.98776547604066,112.90726328617708,0.1731783533443993,0.0193376101292181,0.4867531183450001,4.036582229664425,5.075890833300871,1.0393086036364458,1.0393086036364458
81.00018527823053,79.03093818420007,0.1478966070200389,0.0865291106161333,0.3175402517247597,5.53838646359565,6.703511726603735,1.1651252630080853,1.1651252630080853
121.92452005758318,94.35013825500415,0.4954833497501137,0.0866455940651236,0.1769577278548841,31.574448929788645,30.400449484595967,-1.1739994451926776,1.1739994451926776
75.28549787625587,140.92227571041465,1.5940076014120002,0.0652052162998901,0.5714564410421231,9.311044807558568,9.851466178433467,0.540421370874899,0.540421370874899
136.90990687247285,62.90288968390684,0.9852102554582454,0.0181788136742742,0.4871041130210529,76.03101265808932,77.07980414318044,1.0487914850911153,1.0487914850911153
104.1270110941678,120.56252202442516,0.3995950438204489,0.014207677582358,0.3056505272045541,2.927109896090041,1.8895424210417446,-1.0375674750482964,1.0375674750482964
112.77327355622656,143.95404510306184,1.4145025839471137,0.0899552225428649,0.5820012575056882,25.875269479101767,23.64637992224176,-2.2288895568600076,2.2288895568600076
82.70996654000793,130.4272885471034,0.0525509890739388,0.0438791061291627,0.1784208878512505,2.968805059897097e-29,0.0003879556590652373,0.0003879556590652373,0.0003879556590652373
131.19462346378833,137.2617970196613,1.9362842507508853,0.0361715598083675,0.238861762151457,18.76023918445751,17.991041403361645,-0.7691977810958655,0.7691977810958655
105.76423933431586,122.24414032485758,1.6319232615199593,0.0425018670372603,0.5108233962515732,24.1500219877326,26.03746592647314,1.8874439387405388,1.8874439387405388
79.23295158426335,72.94679205719348,1.0151349504132403,0.0842841292144523,0.1551313258383056,13.08490041919734,14.500758097942914,1.4158576787455743,1.4158576787455743
126.32935525589475,85.75808686955855,0.2311360174811211,0.0600502880521371,0.3456218026560657,41.797912972479466,43.87448810604798,2.076575133568511,2.076575133568511
133.61177032072487,63.21561973043227,1.9231685206384264,0.0637716254777218,0.3851929384364154,78.66462784566247,77.5940435460517,-1.070584299610772,1.070584299610772
104.14344766098448,107.1334234822284,0.3318316749264072,0.0530808134841064,0.5715795515757605,13.138805559652504,13.222942310967756,0.08413675131525267,0.08413675131525267
97.1110354997754,65.82595598103197,1.1412950789819123,0.0227177302752476,0.2525983387866299,33.5394303295329,35.757531982637516,2.2181016531046183,2.2181016531046183
67.10859668571621,115.94593969773112,0.2963204727884167,0.0245779233397022,0.1749661707230179,1.0277152280506874e-08,0.00026088893734810975,0.00026087866019582924,0.00026087866019582924
119.6029796674973,144.82070618154643,1.3769170112458742,0.0364088206082824,0.2958744443412475,10.093421453980234,11.748488328466491,1.6550668744862573,1.6550668744862573
148.22645613556963,101.23595169750864,0.3748713754173606,0.0241897402448501,0.548473455418213,50.361368621879166,49.168981666782905,-1.1923869550962607,1.1923869550962607
126.12714296253604,73.52099259034497,0.5496421069040015,0.0686101287682688,0.2771318863128781,55.34127822598262,55.534872932130604,0.1935947061479837,0.1935947061479837
88.14382981490073,103.6986384373632,1.5778300984963978,0.0566268842208849,0.4521937131634153,17.27558378469584,17.095715724657996,-0.17986806003784395,0.17986806003784395
51.07389817979825,114.27864212970076,1.7213323362470951,0.0107254333458355,0.5551650649084142,3.7668167120151743,4.634401258322757,0.8675845463075831,0.8675845463075831
98.11256918168456,59.865289627089744,1.8294500738283048,0.0271625944575071,0.5943641229434293,49.69317415879883,48.4478674822709,-1.2453066765279317,1.2453066765279317
127.42605684324514,147.1621199687528,1.5338825460414398,0.0410362995924114,0.2291804087419222,10.21124626341161,11.804539438689647,1.5932931752780366,1.5932931752780366
87.58882851457693,90.43110980204392,1.87904528212218,0.0818735170166695,0.1546651320071888,13.11211627390589,11.050736853761475,-2.0613794201444158,2.0613794201444158
146.04797515609775,68.7136139808327,1.216736233155129,0.0440675833714044,0.1049903212443806,80.92165832916896,82.4236526387685,1.5019943095995387,1.5019943095995387
84.70023354122,60.88423228275461,1.6282172412012814,0.0298169013408056,0.5885864459074706,36.68047041914544,36.39514672253457,-0.28532369661087387,0.28532369661087387
118.92793212258373,136.45574903021569,1.1569003493010794,0.0217344869278391,0.1949725991563275,4.919533100498704,6.394524671551091,1.4749915710523869,1.4749915710523869
58.90161247338962,60.65932585042193,0.3609243325575192,0.0672184872891355,0.3974182076172052,5.460933325285655,6.139486272989686,0.6785529477040306,0.6785529477040306
78.12600203804746,130.1879951955001,0.4984333946301622,0.0967941765747328,0.4416603012227494,0.9269632548719128,1.3405696194025827,0.4136063645306699,0.4136063645306699
75.82643578871635,86.00189582150762,0.7920769265099006,0.0774967312139856,0.2861272090637131,5.663123364291934,4.278606340998209,-1.384517023293725,1.384517023293725
140.18383164416713,51.20499223868679,1.132098909744114,0.0180429688442797,0.2071598652592179,90.01417007596334,90.90563887306831,0.8914687971049773,0.8914687971049773
114.5693868383918,55.58707400923729,0.4315225095928762,0.0574375223980463,0.1651962212260536,60.34313683702816,62.398513303278776,2.055376466250614,2.055376466250614
113.50936508676438,88.5100678940517,1.9915670958365947,0.0710040828355597,0.2769524291251581,39.68505866295083,39.310758024078645,-0.37430063887218523,0.37430063887218523
112.35053112473372,65.36936562698949,1.1852670376130428,0.0899295264711891,0.1240815879943231,53.59042244050537,52.685996624474576,-0.9044258160307947,0.9044258160307947
107.85117924094452,133.18686148238282,1.875930668475356,0.0133871341799023,0.1508649021586719,2.449885768299108,3.390471217058292,0.940585448759184,0.940585448759184
116.69274474586808,57.58537857949207,1.8207346365498576,0.0258217411932958,0.3497392320889214,62.620152591667335,63.76329096740893,1.143138375741593,1.143138375741593
108.80004634296284,117.01726920589348,0.3578181009774286,0.0851833061165834,0.4364972239036681,9.343725477979454,9.35121851392929,0.007493035949835303,0.007493035949835303
102.1422042348324,92.0455492567761,1.2454527513073066,0.0304834020377391,0.1200806298314969,14.470689422496475,17.276265662331443,2.805576239834968,2.805576239834968
94.26548482604332,135.9999218781801,0.8789202231166181,0.0877286283125278,0.5684991952035298,10.53552729811566,12.083846781281421,1.548319483165761,1.548319483165761
73.49734049959528,132.014406795187,1.130300279810225,0.0981190561307947,0.5436537710513754,6.081313520487361,6.235297316790864,0.15398379630350245,0.15398379630350245
100.545511791045,145.06244692703166,1.840647025691324,0.0746495616849147,0.3144309481653699,8.868255583018811,8.721744407636956,-0.1465111753818551,0.1465111753818551
134.29724020485634,120.55896633791784,0.6688617623021088,0.0900905731991708,0.2074451265654821,22.55877904234701,20.86337995697356,-1.6953990853734489,1.6953990853734489
100.6770040717788,147.86282562320588,0.8365406313761795,0.0237365034753916,0.3611121213626102,2.6940949871153066,5.204136862292262,2.510041875176955,2.510041875176955
91.16507968016312,108.52978879404832,0.667499525184347,0.0398023318964337,0.3944239446120662,6.627104699244821,7.10663162435645,0.479526925111629,0.479526925111629
117.09747094857848,84.92322909091368,0.9479643632328548,0.0619360529784392,0.474082956914043,42.09262509247815,39.91851821374448,-2.1741068787336744,2.1741068787336744
53.515925027119415,87.95680285699257,0.9213730357238632,0.0692757336748804,0.3101936464636642,0.6378397464825891,0.711153301380702,0.07331355489811286,0.07331355489811286
93.97404865079083,114.09941161261558,0.2759742499169517,0.0772568633994067,0.5480736258582016,4.948414447000946,6.647848646005642,1.6994341990046955,1.6994341990046955
133.58513211799544,146.43945883392814,0.1002754047141377,0.0965911826410227,0.5842723333289107,5.539518339528051,7.3435051476052555,1.8039868080772044,1.8039868080772044
127.79861187205071,52.54764262694568,1.970760048882388,0.0196536264839478,0.1825918575940756,77.24810529048429,78.31431709651469,1.0662118060303953,1.0662118060303953
60.107649237174265,108.52925765649276,0.2291879243774921,0.088508152279425,0.2066775706066631,5.240903627541411e-09,0.0030997765747312863,0.0030997713338276585,0.0030997713338276585
102.2373263966801,87.44760034663165,1.8087947193970528,0.054249214450116,0.4869118721163621,36.43780282501809,33.41890990467764,-3.0188929203404484,3.0188929203404484
111.20009375568682,85.61284072331466,1.0756784630646008,0.0697705037187336,0.4972627342232915,39.13971352681175,38.57733852176199,-0.5623750050497591,0.5623750050497591
128.62781993840332,77.48850916073995,1.3338937072888464,0.0912000530533204,0.1631834663902145,60.01703077263336,59.26007229117114,-0.7569584814622203,0.7569584814622203
93.951168863291,127.47221653145772,0.2310494623416182,0.0186319867064869,0.4479694052198397,0.8643306436466638,1.4413655967044177,0.5770349530577539,0.5770349530577539
120.35283401815305,93.11646483110636,0.3275421549769848,0.0261587451619433,0.4138868800150674,29.671983224561583,29.32613075807921,-0.34585246648237344,0.34585246648237344
103.87017979527144,74.37116962811858,1.7740829187321694,0.0112209831030712,0.4594174010008356,40.03687905691379,40.055703302757955,0.018824245844164977,0.018824245844164977
145.96988005510045,105.47491067697769,0.8695079032644027,0.0237473642052398,0.2127031297081543,43.05053975928682,44.66630443111826,1.6157646718314425,1.6157646718314425
100.85706911647029,78.81452486115282,1.4751708980884926,0.0195710924387671,0.5126999143114424,35.83641877458788,37.48182045885057,1.6454016842626942,1.6454016842626942
100.8740289430142,67.58765907879874,1.0855892881663238,0.046714181240828,0.3277541642048032,37.81279019416174,38.5332564699913,0.7204662758295584,0.7204662758295584
72.43829797997955,53.102844241803226,0.3224787705231484,0.0706550120103906,0.1004211867660088,20.531708385164904,20.65580406896343,0.12409568379852587,0.12409568379852587
95.8014624315946,119.35406873037668,0.418208107514484,0.0977131942950987,0.3386699694844307,2.666686907917424,3.378823524179429,0.7121366162620051,0.7121366162620051
56.665204056068994,120.70493049229884,1.7450761662964898,0.0837212685936331,0.2737249438397536,0.5180368438434915,0.47940142032703714,-0.038635423516454326,0.038635423516454326
79.28128551047844,59.45123449765149,0.0813587339082338,0.0102847950522854,0.1344351357748665,19.87977649619608,21.321609354809464,1.4418328586133846,1.4418328586133846
65.28888456447963,130.2180829487163,0.4349175054493224,0.0318566710414104,0.1724687794025819,2.253587988097998e-09,3.144916620991976e-05,3.144691262193166e-05,3.144691262193166e-05
80.24663174614696,83.78430523668544,1.341089571874433,0.0672839469791233,0.2579440601275075,11.26864016820285,10.183759470290733,-1.0848806979121175,1.0848806979121175
71.64905672661173,83.26906813312108,1.767891283013896,0.0571073372906913,0.248774982215362,7.94425698542776,5.614711832851679,-2.329545152576081,2.329545152576081
97.9925689004394,77.72041856569427,0.3918909782319558,0.0241821499130721,0.2264550078639743,21.22899303016992,23.771621036894185,2.5426280067242644,2.5426280067242644
120.06114963944516,114.87259034753788,1.7196066191783437,0.0425405570754519,0.1981245192940726,19.535442886473334,16.31528562612708,-3.220157260346255,3.220157260346255
66.13673583883832,113.5756334367519,1.2255944253301012,0.0558656140431612,0.1906241209176774,0.0771469107556923,0.09888281088269704,0.021735900127004742,0.021735900127004742
110.8688760529318,73.2969920315533,1.700556770935694,0.0732884322801106,0.2207658449489223,46.44934918692632,43.206990041588384,-3.242359145337936,3.242359145337936
137.97079824040532,51.152976350972246,0.3484824276994537,0.096738564284789,0.2594981322010964,88.51353193989777,88.24822744494266,-0.2653044949551173,0.2653044949551173
94.12296690917168,56.44725446663511,0.1997056372238383,0.0914857768558481,0.5572940361045978,38.80513030573309,41.00255857466985,2.1974282689367612,2.1974282689367612
80.67727513528322,87.28134511777799,1.6462819478624078,0.062730133601506,0.5773052583116056,24.01562825242192,20.307571805280425,-3.7080564471414945,3.7080564471414945
128.32979829560475,89.57577037223166,0.5591008055066304,0.076757277750903,0.5497296172227577,46.20705234569554,45.381986710012434,-0.825065635683103,0.825065635683103
144.27720011052764,82.11747805452563,0.5035055548134971,0.064666281625981,0.301663285315072,64.80864917931325,65.64971421352273,0.8410650342094783,0.8410650342094783
55.36971879393743,95.95673088875483,0.2956173884238997,0.0250337740925564,0.5390080240870925,0.2647346250297135,0.2954078355102698,0.030673210480556268,0.030673210480556268
112.7439007682151,110.36130998069537,1.9765017487905776,0.0167707495211161,0.3303827148368925,23.2825198936646,24.758361888804952,1.4758419951403532,1.4758419951403532
143.32050877593062,139.17354610577937,1.9116930169278283,0.0136550685394484,0.4828804201303605,40.45320563987775,40.774934152772744,0.3217285128949925,0.3217285128949925
83.27294765103791,124.02843402628352,0.414298441384103,0.0578906400021682,0.4883454699217501,1.7883952013134277,1.4920434829763944,-0.2963517183370332,0.2963517183370332
63.25821801811792,60.362146292497386,0.6600585239758657,0.0282324475088068,0.58948508706766,13.703611783695337,11.957851337771224,-1.7457604459241125,1.7457604459241125
69.59828624191452,64.36473650721196,0.2862006082912214,0.085061013263935,0.2955230482038736,8.407131906926772,10.200623546556653,1.793491639629881,1.793491639629881
124.17833308897032,50.35071518106945,0.6686582421333194,0.0750466509992728,0.4711267569831613,76.35553714503251,75.53882238777605,-0.816714757256463,0.816714757256463
53.27343406042186,78.48733382630815,0.6588019111743599,0.0655249586150131,0.3715712057210185,1.1961380843679583,1.882396403178555,0.6862583188105966,0.6862583188105966
120.76205857405353,120.18993438689736,0.4623143750388152,0.0222420884849064,0.3065188093172735,10.874459294211212,10.441055808417747,-0.4334034857934643,0.4334034857934643
94.86936226225306,61.00953052618864,0.7621765706068673,0.0182831516236923,0.5860292826323084,38.578706041577945,36.291828456747695,-2.2868775848302505,2.2868775848302505
57.13670138893801,87.40004177250916,1.0621729755733096,0.0745465909094273,0.30188809095414,1.40584490775837,1.1506059186636544,-0.25523898909471554,0.25523898909471554
72.9826041792536,61.32185775019268,1.875306802310252,0.0720641618515605,0.2172553052031026,20.839308423305678,20.01166810038276,-0.8276403229229174,0.8276403229229174
67.28605249887269,85.26114938744337,0.2565815995622713,0.0164925781685092,0.3836979205896081,0.8275752363948445,0.8895882240566232,0.06201298766177865,0.06201298766177865
53.94595328908993,146.55570857640438,1.675593859301185,0.0862501790429982,0.453806422371405,1.5275793540255045,1.9800422114530094,0.4524628574275049,0.4524628574275049
135.1887982470383,118.58154331217676,0.4860074604107459,0.0521131831203027,0.1154558445617856,19.67221748692465,21.207346778081117,1.5351292911564656,1.5351292911564656
98.37968965827964,57.422711586845466,1.7024501676937387,0.0164774062638643,0.4861083548843301,47.18221897663693,47.90268766785219,0.7204686912152596,0.7204686912152596
123.082096498073,102.02555846134273,0.7903370309919593,0.0685001237965683,0.5185752826481258,35.874852905446694,33.83117441381864,-2.0436784916280573,2.0436784916280573
116.66004790466192,59.45287640004956,0.445309312796995,0.0641803899969529,0.2026469966085971,58.8822907904998,60.06780114488509,1.1855103543852863,1.1855103543852863
51.99014837400778,113.92625620879237,0.3480661875778719,0.0134852214512735,0.4486443110392599,0.0093117228610503,0.08496710828277032,0.07565538542172003,0.07565538542172003
73.74689072227457,81.47120834507457,1.244774425655783,0.0757324706982754,0.5346488454490943,17.142380621464888,15.815582589725807,-1.3267980317390808,1.3267980317390808
60.37747086347407,107.79886113627714,1.5632264330230274,0.0410046096553989,0.3727742586012043,2.424995092887693,2.8041104194082296,0.3791153265205365,0.3791153265205365
95.61053995172126,118.9007510845079,1.137553720463654,0.0738507816583629,0.3187661013324606,8.024771151927034,8.803820916198195,0.7790497642711607,0.7790497642711607
98.18372535762582,79.11385674793692,0.2261406832710697,0.0494925959897432,0.3212889848422209,20.354054023887485,22.610411875683948,2.256357851796462,2.256357851796462
132.23635138124305,137.69474219396665,0.4067435364670243,0.0904084192753613,0.2323565872431279,7.583832140612053,6.0540315347783045,-1.5298006058337483,1.5298006058337483
93.91157742826394,63.29129918361864,1.2531093613487767,0.099403921282338,0.2526305119081701,38.29790693127831,38.01782487816478,-0.2800820531135315,0.2800820531135315
50.39293214222178,74.92619572914857,1.716435670798052,0.0173638612800109,0.4232255789023114,5.007923222652895,6.225139488208777,1.2172162655558818,1.2172162655558818
143.64464228117572,78.29134897492489,1.9981981126422943,0.0888013888784153,0.2113570450829106,78.12155439281197,76.5716716246812,-1.5498827681307716,1.5498827681307716
97.16430971017236,82.65112730301018,0.879632543632388,0.077450488880352,0.2819628431861761,22.376053474990563,23.59861582966921,1.2225623546786473,1.2225623546786473
78.18547747733999,132.1671264368016,0.7390283254503848,0.053020496396735,0.3642551697734554,0.8055817710638014,0.8619026083711009,0.05632083730729953,0.05632083730729953
114.8733482445398,87.78677414508854,0.3273283261353746,0.0184070559699263,0.2299892149506747,27.70147392482204,29.68613290007494,1.984658975252902,1.984658975252902
80.72899649262865,135.0626644813613,0.1711558111358789,0.0434530283262085,0.4759954319495832,0.0322696287872498,0.06707864627605936,0.03480901748880956,0.03480901748880956
75.76956481891797,113.44992293392768,0.9056326818145536,0.0559324289534484,0.3149255068534008,1.578226682953085,1.7066004990729515,0.12837381611986642,0.12837381611986642
82.35246137370379,92.2582568703912,0.2851149646085614,0.0621324927946404,0.2113129425765675,1.0716890619367554,1.1942623204888796,0.1225732585521242,0.1225732585521242
120.55858626438246,143.87716110143896,0.2908338304675504,0.0714818565134109,0.2008288915102569,0.4724562878264446,1.1752772065402646,0.7028209187138199,0.7028209187138199
106.57515642245824,149.97320842956725,0.9527547772238896,0.0316056521443513,0.5939311244030213,13.176283754751914,13.443675839231162,0.26739208447924767,0.26739208447924767
129.01313737261083,107.83700230218854,0.4711208485684154,0.0516864813155001,0.3491322842015044,26.828990694128407,27.312987244710886,0.4839965505824786,0.4839965505824786
143.44107945712148,132.03005952826254,0.7584968984948857,0.0994750111429977,0.1658948623332231,22.328443395336635,22.72789462020644,0.39945122486980367,0.39945122486980367
60.58790214738022,122.25240194678562,1.5889006378589805,0.058011147449203,0.3924006749878463,2.087275526139683,2.319053132821496,0.2317776066818129,0.2317776066818129
96.33289015462732,145.46302985644675,1.536870361447141,0.0725250503759348,0.4829041905272515,12.913935306904024,14.913408915376783,1.9994736084727585,1.9994736084727585
112.98837036711994,70.43246614370277,0.8363651571227407,0.0264505460707346,0.5779476624396351,48.38487787274416,47.40822171320507,-0.9766561595390897,0.9766561595390897
101.36526718213295,59.54673007940471,0.9394662786019649,0.0930495704986909,0.1936547324472003,46.80466800881044,45.50379093297006,-1.3008770758403756,1.3008770758403756
76.72469750710523,146.8556738304672,1.3036325942514055,0.0634570869004861,0.2989627628049147,0.6935101140149893,1.3799342422164773,0.686424128201488,0.686424128201488
83.63127275049555,110.3020848287122,0.486840301841844,0.0518705692853158,0.256127153908138,0.6094251690411205,0.8222136996037415,0.21278853056262093,0.21278853056262093
126.14475821271212,123.98341253467918,0.3015063373180003,0.0113231949352502,0.4482476097518019,13.563615604581102,14.562713125089825,0.9990975205087231,0.9990975205087231
129.1573908930028,61.97731584998557,0.0691169733502684,0.095077207048746,0.2775911478015811,67.58602051421093,69.21715926530266,1.6311387510917257,1.6311387510917257
72.15010508538528,105.71564196202362,0.7077400248855731,0.0879061027437886,0.1535370548198219,0.0235760545516586,0.05009031001842377,0.02651425546676517,0.02651425546676517
135.439951332568,122.88490193646112,0.4281654125417496,0.0739157107545598,0.5734116983532541,28.220066290710506,25.50617649449298,-2.7138897962175257,2.7138897962175257
79.13610728377445,69.96306486731713,1.982023456935139,0.0467520048406535,0.5994911964357463,31.758228778601087,27.74989950095979,-4.008329277641298,4.008329277641298
111.95262000363032,139.23771145932997,1.4128649016482515,0.0577173906526913,0.1066041420235887,1.0875735031641938,2.993577863128355,1.9060043599641614,1.9060043599641614
76.80636408228763,149.2737304475487,1.8760419375986568,0.0178993478099807,0.5750820474780499,9.508896505463683,10.33555101306318,0.8266545075994962,0.8266545075994962
130.4293463777114,115.93328702904844,0.3557526203497628,0.0598412174614396,0.2423957609150483,18.509693335588096,17.175108343675326,-1.3345849919127701,1.3345849919127701
140.5987906258915,132.45811229652747,0.597762019823531,0.0753217550262004,0.1461934332796193,15.414597951871473,15.035238494569683,-0.3793594573017902,0.3793594573017902
129.81708026178453,90.81458117174677,0.8989040715885149,0.0348862721838945,0.3254573518195683,43.42831778375795,44.5068560857105,1.0785383019525554,1.0785383019525554
87.18601153330944,61.89413268538367,0.4856791178794416,0.0315510476977973,0.4281716904681032,27.4454679436271,27.752860326838345,0.3073923832112442,0.3073923832112442
75.19082653674215,140.41299838249887,0.7731379928288273,0.0571599540597981,0.4794058724000682,1.609257282284977,1.754380651518654,0.14512336923367686,0.14512336923367686
105.06604592365642,83.47434669573252,0.4346070540432903,0.0987739470592668,0.4326569451684939,27.446571941773485,24.97463988350944,-2.471932058264045,2.471932058264045
61.65830745556967,84.01420207477571,0.557710824729268,0.0796708344334649,0.3387222524404552,1.3474649456701189,0.7580381088846392,-0.5894268367854797,0.5894268367854797
120.9296127140768,130.98606328053592,1.322376757803588,0.0254742065230775,0.1282758381231867,4.7726637821520725,6.317758236527732,1.5450944543756595,1.5450944543756595
130.26433097957104,92.05485991200516,1.642095408917407,0.0540359169205736,0.5860968019221119,59.22083490138638,54.4779159279663,-4.742918973420082,4.742918973420082
55.293593556881824,123.42731338758664,0.7987650519272667,0.0313836660334598,0.2027778970542383,2.7675127016638427e-05,0.0022641242525407667,0.002236449125524128,0.002236449125524128
137.93264990158235,65.02239260933119,1.894760926038875,0.0279726724888025,0.5313723098353785,80.6923387084334,76.97339099864406,-3.718947709789333,3.718947709789333
143.6176564166505,110.32413213948116,1.683152591062343,0.0831758446427082,0.3963980039405013,55.01202474563671,53.06286231430485,-1.9491624313318567,1.9491624313318567
85.45678211161508,112.30495000800128,0.5153455616327968,0.0222747169263197,0.4742423356441159,4.17493201876842,3.3406289399580116,-0.8343030788104082,0.8343030788104082
129.6390722619709,89.64681207517336,1.34017345668502,0.0789844407063671,0.5572985215649155,57.6027260840965,55.74238674234952,-1.860339341746986,1.860339341746986
104.44613321491686,123.43958761703014,0.3434903065220244,0.0821473709313097,0.1628560888192801,0.3465357833432403,0.3537115370617451,0.007175753718504763,0.007175753718504763
137.92043375853825,131.13862235879958,1.975972792299164,0.0598192672442718,0.293742547496896,33.19174044991439,30.17403936840079,-3.0177010815136,3.0177010815136
130.0980700403365,73.40979190239995,1.5077406763449237,0.0633553283670573,0.4530613520706206,66.20739651326512,65.91030915618612,-0.2970873570790076,0.2970873570790076
61.0601751482577,101.29016528936133,0.6998342436187923,0.0431894163298297,0.5900226108871045,3.344556715631347,3.1240564821033896,-0.22050023352795733,0.22050023352795733
91.08431774809095,134.23085646703586,0.2320682869275007,0.0319732587497425,0.1962440261381641,6.701989617668904e-05,0.010486253407662856,0.010419233511486166,0.010419233511486166
62.18860933369476,136.67827871156572,1.064772914707866,0.0444033728141827,0.1886784594526598,0.0002949429777167,0.004320681021594328,0.004025738043877628,0.004025738043877628
134.27191235394685,76.17965767208901,0.4846595032651677,0.0595673118498536,0.4248035192161384,60.49906534617068,62.08358130863322,1.5845159624625396,1.5845159624625396
137.9184917779098,69.25470977683847,0.4446865588770606,0.0691781773005911,0.4445020020610102,70.83250585279383,70.98569188960076,0.15318603680692888,0.15318603680692888
80.94695490886009,144.41478004244794,1.9446008729619293,0.0818615073505492,0.1861472553516775,0.5752487671055313,0.5370871948881394,-0.038161572217391915,0.038161572217391915
134.92191446941047,131.01532098961718,0.4520103324158461,0.0804084474351514,0.2864560779266206,14.888523640491542,13.774178832067145,-1.1143448084243968,1.1143448084243968
58.14472128911592,139.31518188525914,0.4886851096704762,0.0588263448943192,0.1703071525365854,9.05842234796597e-13,2.801149826016738e-05,2.8011497354325147e-05,2.8011497354325147e-05
143.53944896677987,98.26524183128768,1.0221587572727728,0.0535207197966234,0.5124771779775773,57.112000014025895,56.25234206284625,-0.859657951179642,0.859657951179642
101.11291392372296,147.58805437588853,0.4231784132220093,0.0179385636478917,0.5485495720196172,3.326118397473664,3.394820682639547,0.06870228516588295,0.06870228516588295
60.55136464012011,115.32462153559258,1.4514239439357242,0.0737058118738526,0.331531638002833,1.289416680292053,1.8472092330618064,0.5577925527697534,0.5577925527697534
140.02770271276916,131.5421660016061,1.2937923190744456,0.0886468735655503,0.3758693103326411,34.95813708177113,33.50835697161431,-1.4497801101568157,1.4497801101568157
98.64050355361782,88.73625838213513,1.0773439200974866,0.0698683331363611,0.5711611401135225,30.201870654389182,29.22179412176233,-0.9800765326268532,0.9800765326268532
85.09756239260915,85.04862838980765,0.2903099911769594,0.0368366812387415,0.1252153194150554,2.7856400108772235,3.692113540707545,0.9064735298303215,0.9064735298303215
136.1664884699101,130.63289748473585,1.21282055646659,0.0905980354943108,0.4795969537105913,36.98137498945498,35.95880097677372,-1.022574012681254,1.022574012681254
138.49267468449665,138.33026637337127,0.7382365086529712,0.0754115804640613,0.3858639874663213,21.814300974197,23.04918343765678,1.2348824634597797,1.2348824634597797
121.55059546211288,79.04848847640389,1.7701317252908602,0.076413150330048,0.4544501607024176,57.56907233257424,55.48434973585753,-2.084722596716709,2.084722596716709
146.38176611881806,73.62877080395212,0.1890687195057827,0.0421769154560043,0.1470367731753652,73.33780101083501,74.68132087915198,1.3435198683169745,1.3435198683169745
107.9628527583144,98.70427943630068,0.200419458795452,0.0481663833581236,0.5350443206473635,15.735207692304286,15.562708727611222,-0.17249896469306414,0.17249896469306414
96.9394378531329,138.7746337914753,0.9103937609323254,0.0251862411414463,0.1476015664368788,0.0459152555757366,0.28363814831275264,0.23772289273701602,0.23772289273701602
60.28328160641574,116.03034469691228,1.161732052044042,0.0679602512919031,0.1067282160588382,4.785484386163777e-07,0.0016965907609208944,0.0016961122124822781,0.0016961122124822781
140.92021362064872,109.88423755724688,0.2678143476516136,0.035421000831798,0.4023860004239287,33.40015778436923,34.24845837874069,0.8483005943714659,0.8483005943714659
74.79324498058072,146.5257831155212,1.685571427080405,0.0134052156313735,0.3432963271565278,1.4603146088409025,2.3681191334602274,0.9078045246193249,0.9078045246193249
138.88879396564826,135.4125314892239,1.639582188711809,0.077439051050168,0.5548910554222332,46.42809957991387,45.813701967269374,-0.6143976126444954,0.6143976126444954
145.1423220845566,62.27847981191508,0.4243598353990478,0.0778954816182875,0.5458927621042342,84.9605130986956,85.6534562890257,0.692943190330098,0.692943190330098
88.83931803838868,128.10264103082412,0.1800000253089215,0.0292816166143343,0.5452170865594281,0.6259010390137938,0.3659386497889643,-0.2599623892248295,0.2599623892248295
55.76475821990249,147.69731627255192,0.5330741578838246,0.0451149652813769,0.3328814399634342,0.0002309966057374,0.005052040809090084,0.004821044203352684,0.004821044203352684
73.81220714277495,94.39245332136304,1.4808813187460708,0.0338751639010701,0.5208181080588804,13.286378835976596,13.343500230163864,0.05712139418726814,0.05712139418726814
113.6641035358728,93.30431979087896,1.1043186625807306,0.0953540488443445,0.2941872941816593,32.283967032983085,30.30780446659784,-1.976162566385245,1.976162566385245
109.86584841970368,116.32806368578184,0.4023086999527975,0.0360260858506066,0.5216120576232705,12.476908183808568,11.389926562902241,-1.086981620906327,1.086981620906327
67.1635017415373,137.27941711950024,1.7749759595882388,0.0221774932534295,0.115265365014342,1.6339083511121067e-05,0.015231270310551468,0.015214931227040348,0.015214931227040348
56.42352480574209,124.56486835123113,1.5630204983123883,0.0364768181539416,0.4683911790750388,2.319556583423637,2.211751799215535,-0.1078047842081018,0.1078047842081018
54.91268938918523,60.16583640049965,1.304062086266761,0.0707343902036784,0.599771313157102,14.733903357634349,12.180993514410833,-2.5529098432235156,2.5529098432235156
87.69932353666348,104.49822808497905,1.8339376974432604,0.0583097923398244,0.5090003887658798,21.498534180505946,21.245549958422668,-0.25298422208327764,0.25298422208327764
110.36019202212375,148.92368277727087,0.1484299443864968,0.0385176910307365,0.5562204937342066,1.0642147077612378,1.4472797959507169,0.38306508818947904,0.38306508818947904
77.5446679790509,133.88642310312494,1.3559755990992213,0.058703490193251,0.1988722539075371,0.1841605690697307,0.20906270830012172,0.02490213923039103,0.02490213923039103
88.8531148006042,130.69201535406938,0.6828561782036974,0.0570083642770305,0.2582678604395968,0.4913401867584896,0.7111868530457636,0.21984666628727395,0.21984666628727395
89.85047343973734,137.33413076045997,0.6153886878846714,0.0352206079498658,0.1050691623491105,8.93207036194388e-07,0.0056550450887729795,0.005654151881736785,0.005654151881736785
63.56266160073134,133.88175722068377,1.357831854363007,0.0535854465670651,0.5204244326180307,3.5324428843635225,3.762592811217249,0.2301499268537266,0.2301499268537266
103.55366777971948,62.53707055879202,0.0563724786360503,0.0919678703638358,0.4191174304102247,41.33997918079488,42.56426732890662,1.2242881481117394,1.2242881481117394
66.9723439747873,59.60374292363466,0.2549133011750781,0.0422026705150661,0.5143444621491146,11.269505302147998,11.108408208898089,-0.16109709324990895,0.16109709324990895
84.61285400715879,127.70369819396952,1.8738051556257065,0.0424743872990019,0.3986019479791698,8.88637029521204,9.232057175580264,0.34568688036822515,0.34568688036822515
83.84805103679776,132.45779190187065,1.2898857944495847,0.0570435064349649,0.2455964177600491,1.0887528879955148,1.0432255717945496,-0.045527316200965284,0.045527316200965284
116.16842883998564,142.8889826655518,1.666871586190443,0.0447642814767479,0.3750479478153344,16.43863466016942,17.099298209110223,0.6606635489408035,0.6606635489408035
100.76599964512307,117.39091114551452,0.9234503617919256,0.0789345101192851,0.1253207205710758,1.919044247485289,2.983692281626065,1.0646480341407762,1.0646480341407762
95.68880717372669,73.0566882239081,0.4950802830302807,0.0464716541291793,0.3568665306456944,25.53421682076468,24.379198803971374,-1.1550180167933064,1.1550180167933064
100.45029240548358,136.46566077360137,1.5988228847984014,0.0745238247327236,0.2771509300614926,7.186980446486491,7.590703965358188,0.403723518871697,0.403723518871697
147.7145332800406,133.23455270336302,0.5123794489515919,0.0738781649650146,0.4965413318807624,30.673236860439857,25.25146487892298,-5.421771981516876,5.421771981516876
53.43885211152184,120.93779303098891,1.3527175668629765,0.0521751979130133,0.1899039829452453,0.0016072894238051,0.011208729572964654,0.009601440149159554,0.009601440149159554
133.53623541788926,138.9116143602539,0.855564396567843,0.0896692062749819,0.5996150820752308,31.14336035678695,26.91699232561044,-4.226368031176509,4.226368031176509
58.400171452062565,145.4381226979116,0.1911630976801179,0.0541565747115863,0.360213409699755,1.2110057028628353e-08,0.0007715418021091402,0.0007715296920521115,0.0007715296920521115
137.21239089441514,128.23657951511598,0.8059423104455428,0.0353137736939975,0.2842618884562418,20.506070597440143,22.394746495522647,1.8886758980825036,1.8886758980825036
141.22296219996,71.40009017117242,0.6747630718843177,0.0343898944419532,0.2660951307357492,71.46426063429973,71.18252913456513,-0.28173149973460454,0.28173149973460454
68.5223330830938,117.5533643048471,0.2535396773032907,0.0795123394008918,0.3431548994988593,0.0057049968912562,0.01818133360576553,0.012476336714509328,0.012476336714509328
56.60098441402416,89.04784405261067,0.9371450217449948,0.0121920520507766,0.1840484589614912,0.0267899219520473,0.1790238265204512,0.1522339045684039,0.1522339045684039
96.4370320182041,99.37006968460209,1.3182161358492472,0.0532571884394169,0.2587612982040495,13.16697501006572,15.066822465943138,1.8998474558774188,1.8998474558774188
105.73450647164668,114.7440241956846,0.7312050783802232,0.0445512031873013,0.4276397117926578,13.200794933806115,12.680908699296682,-0.5198862345094337,0.5198862345094337
58.4648753584629,71.26764294948762,1.852266635845771,0.0343806330942072,0.4254131624917779,10.443654679185707,9.674362437197514,-0.7692922419881931,0.7692922419881931
64.57411758739778,104.84973411052223,1.659622961387514,0.0856916382837102,0.3938308968116544,5.69076449147823,6.0122006106207,0.3214361191424695,0.3214361191424695
59.26254830513672,116.98050412383196,1.1394512067041138,0.0563798955653473,0.248949812933158,0.0740473085245305,0.15133632336296426,0.07728901483843377,0.07728901483843377
83.2075242181336,89.91767021976999,0.3825873939279626,0.0659820709940397,0.5136925777431277,8.695375646747529,8.946856578435261,0.2514809316877322,0.2514809316877322
86.10996406264668,61.17122821024186,0.4495516983572698,0.0935645674424857,0.3350865345466507,27.742516031765845,27.20680246520704,-0.5357135665588046,0.5357135665588046
89.71524999429204,117.92686250450149,0.9795872565939888,0.0493693916765125,0.1972073771405454,1.2056796063828958,1.506226230601459,0.30054662421856326,0.30054662421856326
81.1711076089411,81.36976380699025,0.5590860314807233,0.0981297559204497,0.5288813332139023,14.578002526830844,12.903316217179956,-1.6746863096508875,1.6746863096508875
143.20458362386228,149.35899972265184,1.7990403124509258,0.0427084474696727,0.2629459123464789,22.24314821242801,24.200171929426563,1.9570237169985525,1.9570237169985525
51.27272816899205,130.37570560137598,0.7000342953485492,0.0727025496136542,0.4020989456610556,0.0360715768485767,0.16219686582714807,0.12612528897857136,0.12612528897857136
113.00931268616634,103.1971017064392,0.1280132864689158,0.0200022979058638,0.3770234518648898,12.179343531960612,14.472672921280736,2.2933293893201245,2.2933293893201245
93.96172300088648,99.58431032876196,1.6301497437416848,0.0128064285617979,0.1770209938144359,6.948233304210859,10.416852877569255,3.4686195733583958,3.4686195733583958
68.99361364575608,52.74933316275701,1.8565411616234957,0.0595967237113953,0.5608767177597082,30.13572058800963,27.099594335401115,-3.036126252608515,3.036126252608515
66.62293620516587,119.35860822641668,1.6138595161973377,0.0833154982142275,0.3868736169886438,3.9456933450025584,3.4519976416124263,-0.49369570339013213,0.49369570339013213
105.56347572049698,88.03153712476433,1.9938822105300855,0.0178932786873178,0.399736069895006,32.97832715482852,32.4580683200559,-0.5202588347726191,0.5202588347726191
143.30148731304206,75.20189125894517,1.884456218437396,0.0160396581331244,0.1261577442906393,70.3388393277694,73.38226317293872,3.0434238451693147,3.0434238451693147
79.59263489802883,84.06616915379539,0.9043563953627036,0.0280386892845315,0.5235079559347682,14.721679138531432,12.08498037258646,-2.6366987659449723,2.6366987659449723
141.11357701300835,109.04915338234476,1.9647867884505372,0.0210777566883442,0.4624033070159067,52.59432312504704,52.23345440218971,-0.36086872285733307,0.36086872285733307
56.43929464662364,145.78723348416696,1.7564964870270616,0.0514604534437761,0.2076457057032203,0.0058834743911389,0.013251842930157671,0.007368368539018771,0.007368368539018771
56.67502548507569,145.63311999039405,0.5610385782686702,0.045547241571768,0.3128546285625367,0.0002137162322986,0.008839984983575808,0.008626268751277208,0.008626268751277208
147.40312249720637,64.93533108908717,0.0925031130539219,0.0754978580558028,0.2758886832170472,82.91970604811603,84.35865933231754,1.4389532842015171,1.4389532842015171
108.84438276405233,69.4746286276193,0.6580199208394276,0.0414126911390446,0.5244271916791553,43.61124932367209,42.43522556159187,-1.17602376208022,1.17602376208022
69.23157727843505,124.32372527790844,0.3540734741445891,0.0228868255072966,0.3509342833499578,0.0164465025000542,0.025463438231463884,0.009016935731409683,0.009016935731409683
86.66788797029814,133.60216584459727,0.8646389889687306,0.0631524809328997,0.2794656421284645,0.8769753739779329,0.9508439214022862,0.07386854742435334,0.07386854742435334
128.82752081708298,118.43546012483124,0.2095461615304394,0.0491493997570031,0.1685613480451931,12.112169682874509,13.592139048723224,1.4799693658487154,1.4799693658487154
65.62613398113555,71.4040157443761,1.4656218054364494,0.0685508606721592,0.1690769873139796,5.847000780980867,5.872172202436459,0.02517142145559159,0.02517142145559159
116.49849034759951,119.25639915143329,0.3481263932354101,0.0504608906070126,0.4643583683730125,12.393264735333544,11.293156225101326,-1.100108510232218,1.100108510232218
62.12648933591368,116.91830270396568,1.92052476244902,0.0219938156072854,0.2560459598286627,0.5854734389805141,0.7265257408194504,0.14105230183893636,0.14105230183893636
96.92449458705396,112.38992690441536,1.9406638077729892,0.0558699029245361,0.262602042363444,12.475853232092383,12.496299598298213,0.020446366205829847,0.020446366205829847
124.86452341262,77.7997434019938,1.9731967629246037,0.0667601233838695,0.4257422684448372,61.04044928507362,59.52279884350753,-1.51765044156609,1.51765044156609
108.73835952686473,66.64906656583305,1.371954559764013,0.0992772295982306,0.3591255019176255,51.5687906733527,49.60631718540143,-1.9624734879512715,1.9624734879512715
101.14364063015871,143.52688410954318,0.823224532447427,0.0140792777768959,0.1070415835388891,0.0007235906112966,0.14198164058490795,0.14125804997361135,0.14125804997361135
98.02367134710266,148.03912045930758,0.5149370775458298,0.0115659400197248,0.551867291993857,3.7234269769285007,4.870341693557767,1.146914716629266,1.146914716629266
106.82083407874909,110.67315590080032,0.9222115191026888,0.0590218491228815,0.281700859086859,12.41842824017401,10.264912741179879,-2.15351549899413,2.15351549899413
59.28594729435213,141.02473752449694,0.8731058737484753,0.0248773239070113,0.1546613290648902,5.325916128449255e-09,0.0014805178908518382,0.0014805125649357098,0.0014805125649357098
142.8008741774554,114.39233478093658,0.9063783952064548,0.0827124183830877,0.3481395998871978,40.76852863750209,39.551933889828895,-1.2165947476731915,1.2165947476731915
139.50667229362142,144.52323248695834,1.218558922843217,0.0696284602676427,0.2604797340078246,19.161355540791064,19.102280820917805,-0.05907471987325863,0.05907471987325863
133.90996987996115,100.24022197071832,1.368291943655716,0.0833819673260109,0.4676816685649482,52.32566217303776,52.12361587752763,-0.20204629551013653,0.20204629551013653
117.93166653135536,59.58453866848318,1.2640779035474885,0.0889233564645175,0.5499448916097474,66.9060085570905,65.29329547092203,-1.612713086168469,1.612713086168469
58.24044345840444,133.7417608840969,1.1923474734609585,0.0380629652165222,0.220709189363794,0.0030454670317911,0.025146371044145775,0.022100904012354674,0.022100904012354674
140.93603267249682,128.36401112590298,1.4093791610211517,0.0905846974168475,0.1213071947735563,28.447259504014667,28.574182151520606,0.12692264750593907,0.12692264750593907
144.7427998059793,130.37699525411148,1.7453722131820513,0.0273463844055236,0.5629666398899194,50.0102763311227,50.43805304603379,0.42777671491109004,0.42777671491109004
138.7817640335819,128.61985768350283,1.643352995641102,0.0377606152588428,0.3267860722630907,31.631440316271764,28.846495257438463,-2.7849450588333013,2.7849450588333013
128.09331797904943,81.81719408727113,0.3451137550061128,0.0306088434458752,0.1685847222141876,47.13585724535034,48.362565561020176,1.226708315669839,1.226708315669839
64.8545151509981,97.0235123535994,0.5953587334685645,0.0609399403884562,0.4779112794998085,2.395030175831573,3.254490877265659,0.8594607014340858,0.8594607014340858
82.77860691617568,94.00767313147728,0.5444822693605118,0.0446454831434679,0.5866597912653192,10.88133743949259,10.868287937644629,-0.013049501847961054,0.013049501847961054
142.0806587007812,98.35552654009916,1.978664095636776,0.0152222316756466,0.1400957565221056,46.82770942641555,51.42016166407276,4.592452237657206,4.592452237657206
145.60471436119332,138.24212084869504,1.7488310339438469,0.0906353558891948,0.5196278446661251,50.82117536467624,48.156203818087384,-2.664971546588859,2.664971546588859
128.81440139679108,105.72383178632651,0.7488259295257922,0.0710717810030615,0.3793236210137092,33.30868051592432,31.82523080924433,-1.4834497066799912,1.4834497066799912
61.99529417309698,91.2619675059035,1.9958046131399356,0.0475787065447382,0.1568792094084838,0.6961575507050792,0.7228701850960632,0.026712634390983925,0.026712634390983925
131.29857387160934,55.9402973890771,1.0996682447105444,0.0251908954897762,0.1909630164541945,76.88666596701157,77.20625709994624,0.31959113293467567,0.31959113293467567
106.88127364338727,139.5044287797484,0.3592310291703857,0.0299370603553834,0.5904963752808956,5.860791774567073,5.108826903759703,-0.7519648708073694,0.7519648708073694
101.42714954425512,115.21829541174657,1.4793478285771953,0.0710613577509787,0.5976436901120705,27.96992003901533,25.296173608426024,-2.6737464305893077,2.6737464305893077
54.43322508022814,131.97568413126987,0.107433452604342,0.0584526787711908,0.5007451759296608,1.0219852768574889e-07,0.00011693927160284959,0.00011683707307516383,0.00011683707307516383
93.46023687179918,86.68560004575058,1.0668627151193906,0.0650029232830123,0.225589203074171,15.874487424930734,17.12130638879881,1.2468189638680762,1.2468189638680762
71.34478813260424,50.840843089075214,0.8130321972794567,0.050027753444564,0.3014638412307008,23.11976571250399,22.259578208491554,-0.8601875040124369,0.8601875040124369
115.66569566228452,134.849901872752,1.1910753037833868,0.0663004967474233,0.3089531577516585,11.998767446720848,12.1623920651866,0.16362461846575194,0.16362461846575194
149.50312250060355,141.6377204513742,1.0737575354123052,0.0373205219690947,0.4668203843282522,34.50807846992252,35.17808681547539,0.6700083455528656,0.6700083455528656
61.54336399835092,106.78883041274288,1.536882177342318,0.0992273479226751,0.408241320479967,4.5837087905696645,4.145334942093268,-0.43837384847639616,0.43837384847639616
50.52296135429128,71.54439871117891,0.6649274084146425,0.024983284573441,0.2237438307451838,0.1487718752728979,0.650522171612185,0.501750296339287,0.501750296339287
75.46406547637639,103.1068019822363,0.5927174878030002,0.0467895989918571,0.2011011373785719,0.1747827315203931,0.3199616869566958,0.14517895543630271,0.14517895543630271
100.67117639327984,91.47868823261814,1.7037697396541247,0.074318668863718,0.4079052633177994,30.65229063808499,29.749347106560162,-0.90294353152483,0.90294353152483
119.17201141346888,113.5259138646927,0.2811320820551842,0.0763156398161915,0.14914296210987,8.994529847324074,9.852826748153152,0.8582969008290782,0.8582969008290782
99.2325480001182,121.0529172649962,1.5765041275533074,0.0761643548621651,0.1119577915977611,2.607938901102674,3.0577995834022493,0.4498606822995752,0.4498606822995752
126.94929331919369,133.02003306564782,0.1523926581968585,0.022205398804227,0.1093200023277881,0.4479259800731157,3.2869624479907253,2.8390364679176097,2.8390364679176097
92.00110042956628,129.80155187044522,0.7436920519811472,0.0246419660010879,0.1677588255650272,0.0657082808114355,0.1761951729537116,0.1104868921422761,0.1104868921422761
101.5005659709723,57.75689072621345,0.1380538336098206,0.0683546262731533,0.1775371271398594,44.286141422437815,45.460538766375066,1.174397343937251,1.174397343937251
90.0902722579126,75.2666200503471,1.8974672970983075,0.0519656959609978,0.5559921886244865,36.00566564458532,33.94966032157603,-2.0560053230092876,2.0560053230092876
118.17968112843865,73.94066512905488,1.3936187746257236,0.0579576850182555,0.5167198915439049,55.31062713756893,53.20808525431402,-2.102541883254908,2.102541883254908
82.17370298582779,98.1293602979307,1.0105957908883194,0.0285067262815408,0.5307227511034299,12.787085635452147,12.696277426428514,-0.09080820902363307,0.09080820902363307
140.6111002132497,148.42612944157844,1.0158519864307347,0.0291549250667394,0.2531949460065089,12.777652533995337,14.594015441596127,1.8163629076007908,1.8163629076007908
129.3766807029754,58.01773224433563,0.4641628348446866,0.0117535166848162,0.497078113731266,71.75709417870519,73.1150009474251,1.3579067687199142,1.3579067687199142
64.11261182993219,76.83658548382462,0.7815869150101029,0.0631546056480591,0.3349803772966307,4.344978540631718,3.7271387223004444,-0.6178398183312739,0.6178398183312739
78.7934094093219,129.78392347787076,1.851106250984388,0.0287154013969908,0.3824550613466155,5.453120698949451,5.312892972759773,-0.1402277261896785,0.1402277261896785
53.078310223764014,66.77539558655363,1.7893875848362433,0.0502559450580826,0.1850179741726162,2.507156126165931,2.1244543994869676,-0.3827017266789636,0.3827017266789636
111.78131945892864,105.63038614691638,0.3987802393839737,0.0279817361571985,0.5802783666297855,19.644238618940022,18.684303206529954,-0.9599354124100685,0.9599354124100685
127.07726882106073,130.0897657666418,0.8257047671439398,0.070364326513974,0.5106390165983953,25.14503428907672,25.48911107825909,0.3440767891823704,0.3440767891823704
50.67881740235898,91.1962456941526,1.1308455875431425,0.0972885344806946,0.1354064301454412,0.0011067699904091,0.10571796204390575,0.10461119205349666,0.10461119205349666
112.63655419762578,111.03019741788572,1.1477437204560328,0.0119537070721172,0.3330242717953225,17.334370796232967,21.383763151165535,4.049392354932568,4.049392354932568
72.12215141822992,67.88566848276544,0.770105931546616,0.0252076248302307,0.2113794357308913,8.36275206685034,9.371077495706547,1.0083254288562067,1.0083254288562067
109.94611396587166,73.67722614039033,0.3417677365011435,0.095557464656737,0.4583434666912608,39.16391602870874,37.61593727535055,-1.5479787533581941,1.5479787533581941
95.47398556338592,142.02859446364178,1.0414749384386557,0.0233858585586895,0.2693507108030954,1.2673059195341665,2.3232861495212482,1.0559802299870817,1.0559802299870817
128.57821503937544,52.880713778462,0.7540928709266078,0.0523117951086327,0.280026801078855,77.74323846580268,77.63254804560053,-0.11069042020214681,0.11069042020214681
115.33399244188108,87.82500037653176,0.6529127780307664,0.0298325090905099,0.3838109682701417,32.05733361188477,31.89288943807064,-0.16444417381413245,0.16444417381413245
137.71275618985015,113.70344090727096,1.3009119381103074,0.0666787562450457,0.4061774478293607,42.67421148513517,43.1777556539874,0.5035441688522297,0.5035441688522297
108.73546311379894,143.05748895757824,0.6013215741469573,0.0198675577051347,0.4533384941178181,5.701606933536567,6.576131535271829,0.8745246017352617,0.8745246017352617
94.23937407481937,93.27262759334396,0.0546606766612353,0.042371370393217,0.2050593547513587,2.443968178378689,6.690544618976948,4.246576440598259,4.246576440598259
98.18908860574844,120.81479951106118,0.861807978073191,0.0516354881110974,0.2164244698215197,2.517290114700092,2.941432126632767,0.4241420119326751,0.4241420119326751
60.42248028083477,143.99832853908265,1.7645956744513358,0.0451586734086054,0.5244435589429648,3.861489206677172,4.585574238213051,0.7240850315358793,0.7240850315358793
113.15443786761602,82.25294544775592,0.6836086236361255,0.0884370765625937,0.3242290138760108,36.61070141282278,35.98768880892623,-0.623012603896548,0.623012603896548
96.50095175264276,119.31870037873944,0.4255789101495566,0.0306803165056607,0.1023149740413154,0.0028731907845253,0.37587024914765604,0.37299705836313074,0.37299705836313074
92.730604323449,139.18834905152934,0.0734590882039234,0.0197061257122628,0.1798344647150927,3.2991418953404344e-17,0.029750172094146137,0.029750172094146102,0.029750172094146102
87.3617772310308,149.09683367790944,1.1819036008599657,0.0591897555071484,0.562900085129532,8.47408200345303,9.62542446229035,1.1513424588373198,1.1513424588373198
51.54149584484077,92.1676002863851,1.057946677341158,0.0818885113663964,0.4166208448010503,1.7154029087038056,2.535970145362667,0.8205672366588614,0.8205672366588614
146.8901717114038,100.21530187015333,1.8369175348716016,0.040739352166536,0.470654795982743,63.95931724600859,62.173207624434674,-1.7861096215739138,1.7861096215739138
126.67116744207176,58.12584145818379,0.7628704828952693,0.0909524600301018,0.1015489185111898,72.44164832196876,71.6908916619559,-0.7507566600128541,0.7507566600128541
76.02365979852294,77.1641130744174,1.7167182468855442,0.063173140669948,0.5746244419146121,24.862004476574825,24.314781920690677,-0.5472225558841473,0.5472225558841473
141.64205445320664,84.22818430319944,1.47068494468678,0.0196949236628723,0.2218311624493913,60.037871222590525,63.0789516853502,3.0410804627596733,3.0410804627596733
99.13490902687852,65.59640192182957,0.1309363877580417,0.019079946767422,0.173070598368649,33.70217939371918,35.0347763569759,1.3325969632567194,1.3325969632567194
55.924845239972754,103.95234215262772,1.2952763182344198,0.0972169878512207,0.4941290773604205,4.1061936019321,4.410584562045179,0.3043909601130794,0.3043909601130794
136.60356750457566,120.77216600217253,1.2437591800781558,0.0426311919607676,0.3977669368082944,34.758486454682725,35.56351516118358,0.8050287065008561,0.8050287065008561
112.77570772615964,57.26759494371723,1.8292601231757075,0.0591181238938031,0.100979669532451,61.37805504497944,61.68817518299875,0.3101201380193075,0.3101201380193075
148.2482651061107,81.13262774199328,1.951261816550328,0.0846772160233668,0.5163991742239132,84.60825410674435,82.21595315569124,-2.392300951053116,2.392300951053116
76.67034306372142,144.32671888373227,1.6921504552551945,0.0601053277094095,0.3991847885164046,4.056407630191485,4.340249187154444,0.2838415569629591,0.2838415569629591
124.62548943502054,117.43358037395014,1.635740640229194,0.0188313568401946,0.2681831837008537,22.1677082157048,22.74028682671549,0.572578611010691,0.572578611010691
87.3207369105127,122.75656415709696,0.238850036395575,0.0986495294712629,0.3724968529071699,0.3066432052434606,0.2745773828380225,-0.032065822405438094,0.032065822405438094
63.42384190937436,85.33433963625953,0.3329444159847189,0.0566135052139709,0.2045373893319777,0.0267700713428548,0.06737724656871148,0.04060717522585668,0.04060717522585668
83.61096462206038,146.95893267708527,1.7465260182565123,0.0348792137723566,0.1385473526572239,0.0177879217286111,0.07791937916335089,0.060131457434739785,0.060131457434739785
51.69127999216073,51.63677640400828,0.1223217526093852,0.0741833939998267,0.2759888039028392,2.2510960646168847,4.2472660289652575,1.9961699643483728,1.9961699643483728
138.3175970614323,113.0492571202402,0.7232195084195894,0.0617827374570078,0.1427283487572123,30.324522310376,31.003100920501364,0.6785786101253635,0.6785786101253635
96.16591807614154,74.58086219888234,1.0188799744781487,0.0440827017205429,0.59046809838448,34.37739089918741,32.16476333644205,-2.212627562745361,2.212627562745361
51.18713466693593,116.48359063687349,0.8447716626866131,0.0347821925671084,0.3825053746557156,0.110175979273602,0.34009384778667917,0.22991786851307716,0.22991786851307716
73.04219718143372,71.77387196844114,1.8390765566131284,0.077371685584536,0.5597427287736133,25.81822440033796,23.782350274414355,-2.0358741259236055,2.0358741259236055
93.73612915626148,144.7033312192391,1.215097572798531,0.0582328410311774,0.5750255178558155,12.218315665180064,12.765823085450052,0.5475074202699872,0.5475074202699872
71.7484353862978,106.00041612552492,1.3204858242492394,0.0889314655200754,0.525413390591668,10.34256094505886,8.534846643960948,-1.8077143010979118,1.8077143010979118
78.99370936623778,76.51783672891906,0.517277769979854,0.0643398894798262,0.4607019281738187,12.749031172027983,12.254023674329133,-0.49500749769885033,0.49500749769885033
116.2232158329593,77.96383280517269,1.3225872339525753,0.0449964923043886,0.5512205579133505,50.57514417791323,48.606399585263496,-1.9687445926497347,1.9687445926497347
54.07850134355181,118.33457750793166,0.2183498649020976,0.0622539469096893,0.4494498702476458,0.00049984204538,0.013497929640725688,0.012998087595345688,0.012998087595345688
72.70318342822686,85.44095670143327,1.054288755161345,0.0837118579703712,0.1542376826724461,2.50103985180834,2.2669493265350353,-0.23409052527330454,0.23409052527330454
50.53241905710642,96.39972243669553,0.4620592951054523,0.0699982519891758,0.48716117873388,0.280962856201826,0.6901233413071777,0.4091604851053517,0.4091604851053517
79.94231248031066,130.53710337272318,1.2898997938547123,0.0970768370534604,0.4934473547534777,8.155641274628064,8.285598360930384,0.12995708630232095,0.12995708630232095
74.34670440667601,122.25161070962618,0.0547068210819041,0.0461428891690385,0.5046757556221697,3.3673827069516946e-05,0.20732309194651605,0.20728941811944654,0.20728941811944654
56.20510526354328,113.72455994870998,1.896428600030879,0.0921200312753795,0.1964487179148427,0.1861710557292355,0.14767195952820772,-0.03849909620102779,0.03849909620102779
77.2667990268144,52.67589064927291,1.5605662757876726,0.0243363913143288,0.5397301715893245,33.185277877252474,33.559638159296476,0.37436028204400174,0.37436028204400174
88.65578737314927,63.320217641375386,0.9104942268366676,0.0321535333077389,0.1857018069122409,27.25542782795477,28.2355552138233,0.9801273858685313,0.9801273858685313
81.63220570094808,56.14242445269423,0.592724267985198,0.0500476930856395,0.2526812314719654,27.219906611727048,28.278427626818363,1.0585210150913156,1.0585210150913156
88.7050011934887,101.40632464714965,1.5845867500386557,0.020843143226217,0.1354424606362143,2.716265016486801,4.575484440270961,1.8592194237841602,1.8592194237841602
100.62660594952028,149.71136340127393,1.2914023482527477,0.0297238322980358,0.310919879104925,3.405152926697717,5.1554757365090245,1.7503228098113075,1.7503228098113075
76.82872004277726,61.67540360116388,0.156226719998792,0.0582116716564634,0.3756995040403811,15.982743467576633,16.426770537850512,0.44402707027387933,0.44402707027387933
71.61358123109207,68.9803958666388,0.9643341242417632,0.0496339066726678,0.3960327904783957,13.76880659541451,14.279738821187532,0.510932225773022,0.510932225773022
144.90970889284262,75.60787393887904,1.451269394073707,0.0968825243414704,0.4123981021318968,80.33999188000294,77.66907759914224,-2.6709142808607,2.6709142808607
88.67070570439779,87.99418084180286,0.5473061666538122,0.0787576415160187,0.5845529252778294,17.09848564169627,14.840796383772643,-2.2576892579236283,2.2576892579236283
145.59800588260725,73.77180260207922,1.614326676791423,0.0136346639037044,0.1116136389926023,73.43224089567833,75.74732565620421,2.3150847605258775,2.3150847605258775
84.02749822340309,61.49522224736661,0.5958509277280479,0.0137074156576274,0.3440076424175383,24.07887268910705,26.146217982829572,2.0673452937225214,2.0673452937225214
58.57942848994895,144.4042501735808,0.4387185374387757,0.0862033769775815,0.421581586821282,0.0067848890307749,0.042973574779843954,0.036188685749069055,0.036188685749069055
87.30070998785607,114.8949348794487,1.293414965042348,0.0369940017786713,0.129008948594003,0.3776574589981116,1.0678506490839863,0.6901931900858747,0.6901931900858747
90.50010985875484,68.01863193315334,0.7684777283273372,0.0268388726955237,0.4525080525798223,27.715492959232968,29.073366530989656,1.3578735717566879,1.3578735717566879
83.51188542591419,124.29791344889568,0.8089360282314341,0.0388832223722069,0.5415094089440217,6.276962418052328,5.838683107045805,-0.4382793110065233,0.4382793110065233
93.6614189768766,60.81319723393751,1.5085656341227074,0.0692970452276294,0.1528746538019682,38.892981598047584,38.4106299101636,-0.48235168788398397,0.48235168788398397
98.35070745776652,126.8596147531346,1.5139066136378148,0.0419688966819643,0.2227817418039408,4.238346915716029,4.438271612776178,0.19992469706014848,0.19992469706014848
122.23111683237076,86.01556895557724,0.4740051097125514,0.0550408606036821,0.4821307566379015,40.551976638333926,41.52369776983426,0.9717211315003311,0.9717211315003311
103.76484639876792,87.78480426422618,1.2545488157348867,0.0293178571794031,0.4311318858237425,29.089039742242363,30.479335152054617,1.3902954098122535,1.3902954098122535
116.1969839450634,127.01871511048247,1.980567774911009,0.0413638050058668,0.316252331303353,20.122976744289797,18.962133103406007,-1.1608436408837903,1.1608436408837903
124.16378186176208,133.0779532786919,0.9067654276383076,0.0145025487607917,0.4450591420900466,18.036285410307016,20.150796916899505,2.114511506592489,2.114511506592489
96.9014430552788,112.91697312350313,0.1747114937138235,0.099333322094827,0.4068826738637443,2.1254413908736183,3.9972163694360576,1.8717749785624394,1.8717749785624394
100.12404774253532,79.48827726609973,0.3190988043803197,0.0292459248444044,0.1497473033510699,21.37914339962873,23.379707371224253,2.000563971595522,2.000563971595522
80.54316926830323,140.42202551270566,0.2257550924548498,0.0685424875384786,0.3957693235960687,0.0117199049409066,0.126441591264724,0.1147216863238174,0.1147216863238174
125.49787331491632,88.62819866096154,1.974079764949088,0.0274883346595949,0.1047093558514439,41.56517294953538,43.21337558743945,1.6482026379040704,1.6482026379040704
139.25114190941514,148.59138858269728,0.4080820769482041,0.0715083166600065,0.2342861643141197,6.163860295872162,8.213986256403775,2.050125960531613,2.050125960531613
105.900653898589,84.95325408790825,0.7213600047148654,0.0423163725706233,0.4535883973616655,29.023636895554382,28.466264920871236,-0.5573719746831465,0.5573719746831465
97.07059473159374,52.88154010536057,1.1421354315687695,0.0838914662829129,0.3963765754390991,49.59394164584465,49.28402470459296,-0.3099169412516929,0.3099169412516929
138.833462677876,57.587778948398885,1.6689588078999331,0.0113394635160227,0.2866227556248562,82.40621790230375,84.2509302284676,1.8447123261638438,1.8447123261638438
137.34232380816604,64.90085434116511,1.9918097321925732,0.0282313810918064,0.135878777332492,75.99028332223989,75.63422061712518,-0.3560627051147094,0.3560627051147094
135.6130220353046,121.19708754926926,0.5301625676648759,0.0275146841037098,0.5506454443872726,29.3404567650973,28.005744367944324,-1.3347123971529768,1.3347123971529768
108.61823540883414,77.99234859992201,0.3115956483865558,0.0716110600033893,0.1906788569524447,32.34804597908109,33.205467040968394,0.857421061887301,0.857421061887301
95.8253314765048,102.36766228041137,1.6518797061518746,0.0551960890347038,0.2214747482528177,11.941305370337012,13.440178241060861,1.498872870723849,1.498872870723849
63.5382043309456,144.31516492110077,1.900723007864807,0.0809736394645838,0.1116129269748661,2.131027420013761e-05,0.00641027009586072,0.006388959821660582,0.006388959821660582
97.67538755083282,51.80242531644402,1.9347049714781703,0.0376030040106857,0.1148310931937238,49.5078150581571,50.23747172758897,0.7296566694318685,0.7296566694318685
114.66211336575552,82.69124672523921,0.7475497135589254,0.0299945844585064,0.4777505294835459,38.15678663490367,36.9982306586697,-1.1585559762339699,1.1585559762339699
102.58929685789998,59.43352589129789,0.6129469314221392,0.0762627303119096,0.3709348776171218,46.03722804653325,45.79936439157496,-0.23786365495828932,0.23786365495828932
95.49066028823972,114.38456761362234,0.1704022784403059,0.0781892981346109,0.3182933637006132,0.6570623861962783,1.768474176672529,1.1114117904762506,1.1114117904762506
122.49102718360844,83.95220864738546,0.7595908241161422,0.0370460794890425,0.355761101394325,42.2409723843209,43.02937271091429,0.7884003265933899,0.7884003265933899
87.9040485383035,143.15196275969177,0.116029233466217,0.0656105471078712,0.1404816956671309,2.88640775364851e-24,0.0025504996679392364,0.0025504996679392364,0.0025504996679392364
113.0779733104932,143.79389398480544,1.533169544105096,0.0645419324393015,0.3489816333662179,13.3112042376506,13.493539204721417,0.1823349670708172,0.1823349670708172
57.006869572118944,135.12723869021048,1.790296784822176,0.0740773721761753,0.1288187360077343,3.42447883088673e-05,0.0003741697955605036,0.0003399250072516363,0.0003399250072516363
129.84535050511906,127.18631310005108,0.5933092877763404,0.0892307670914276,0.1267621303671839,10.807703737809264,10.67314377965924,-0.13455995815002453,0.13455995815002453
51.45446656678819,129.3967726043636,1.7135629758652304,0.0801154286709894,0.1988408539918811,0.0071208740937163,0.04182919316377621,0.03470831907005991,0.03470831907005991
86.41210568415053,135.4260437093106,0.3568178175938342,0.0786554368422519,0.3670363439598298,0.2434442682661108,0.40167295227021366,0.15822868400410287,0.15822868400410287
57.39888842019051,86.16603921760989,0.520549741927802,0.0378352060443794,0.1656314004306984,0.0013523766779147,0.008657273927773566,0.0073048972498588665,0.0073048972498588665
113.86990948831726,59.28702837281734,1.3290775758340585,0.0235990152884691,0.5227924257049615,59.44190802375203,60.30255113130697,0.8606431075549423,0.8606431075549423
76.08084271927763,56.49739424789754,1.280897496246548,0.0829924887625528,0.4248243162593625,28.570007449850763,25.95007791492158,-2.6199295349291845,2.6199295349291845
70.42647583330054,123.8003283052844,0.5972080857705843,0.0289802096781937,0.5348829897924053,1.6348056680173366,1.7633722605142945,0.1285665924969579,0.1285665924969579
100.0624268070418,95.66289891511416,1.059873644250334,0.0826383242530482,0.5766319070123234,28.64263651206348,28.12787277765555,-0.5147637344079286,0.5147637344079286
144.73068992369622,119.89326268452632,1.045750668953916,0.029712749365337,0.1856100171210574,30.012600811116695,30.55087548449173,0.5382746733750352,0.5382746733750352
101.49798106483448,58.64033604718762,0.7657468632169402,0.0576982161411359,0.3405585092303946,45.58695595315222,46.22675164064804,0.6397956874958197,0.6397956874958197
84.63459943659612,146.66976167943213,0.7650268893856473,0.0517454442839381,0.5087096754730858,2.9885711188869983,3.9150000877312556,0.9264289688442573,0.9264289688442573
84.15703870315679,138.87770255029474,0.7920992411026843,0.0978122751830797,0.5778343576956846,6.04868144794666,5.191652145786021,-0.8570293021606394,0.8570293021606394
57.23483838360573,107.76109045737502,0.5030868778264158,0.0420482331219897,0.2026979097298724,2.5079112485950037e-05,0.0019150900864485958,0.0018900109739626457,0.0018900109739626457
102.20484161712584,94.26262199413227,0.2195159252782897,0.0580222028021921,0.1252800988469471,9.26974609431889,11.14240661859102,1.8726605242721295,1.8726605242721295
62.15111695376662,69.65462642180765,0.6824535190963699,0.0224102061275833,0.3060837160737719,3.8455228610279697,3.9249695881715883,0.07944672714361856,0.07944672714361856
98.57841143552324,87.7577348316459,0.115055570570016,0.0633769428636959,0.3348174644304229,12.196987300354422,13.641868044654517,1.4448807443000948,1.4448807443000948
53.05002499390494,127.10074386098854,1.5401335019764577,0.0617095970241912,0.4751891911790065,1.9527087184131355,1.922935662019343,-0.029773056393792574,0.029773056393792574
120.6371996809996,85.25621422424851,0.3705586873606186,0.0384091394598174,0.2983617893102661,36.744974529027374,37.820988605921,1.0760140768936282,1.0760140768936282
74.63482472423019,145.61845674765055,0.0853726760913907,0.0686860583855396,0.4877939757340698,4.912614828501678e-06,0.029329873396943686,0.029324960782115182,0.029324960782115182
62.6110141678625,117.08633545476148,1.618736263625102,0.0406775563078263,0.5349664960170046,6.28857531914896,6.733604177186053,0.4450288580370927,0.4450288580370927
110.3528806501121,75.36761515951301,1.3521231093442443,0.0150023788572903,0.5432769640198964,45.32776281327397,45.467600378125965,0.1398375648519945,0.1398375648519945
126.05581155199228,66.6548449785583,1.9707523720929956,0.0546928885278641,0.1387971265383637,66.2120460321506,66.37693517567868,0.16488914352808592,0.16488914352808592
63.15653066393546,112.44865561076207,0.9830177107007264,0.0384194468906222,0.3019779263837533,0.3498904682205253,0.3988968091957343,0.049006340975209006,0.049006340975209006
144.61737047963453,146.19984623174332,1.3878922491644206,0.0511944109175996,0.261945351775642,21.76185450114643,23.15499610342899,1.393141602282558,1.393141602282558
92.5228185437694,50.89942928174311,0.1822145819514243,0.0817183382084774,0.2793993277348098,42.37568104578416,42.29603513034258,-0.0796459154415814,0.0796459154415814
60.98597570527335,103.2741945405492,1.322965698558124,0.0821716883706079,0.2748341339941407,1.0223117609995311,1.2013369116512624,0.1790251506517313,0.1790251506517313
62.0159258735622,143.3236691239843,1.6354580803334318,0.0681490657377756,0.3940845339521628,1.4706553685288242,2.3654567944774487,0.8948014259486246,0.8948014259486246
61.43231141191252,110.0658044996362,1.6045861366528358,0.0799735445234768,0.2537431267892878,0.8712463393130792,1.14120451455433,0.26995817524125076,0.26995817524125076
52.00711977777264,83.41838423754696,0.2390039491665984,0.0926738522015957,0.5254918485136978,0.2670170266978409,0.6720385412783317,0.40502151458049085,0.40502151458049085
67.35369196388835,87.09480776301669,1.2134399072691648,0.0311358677984523,0.2344305363227409,2.127370708436945,1.9313228542392182,-0.19604785419772686,0.19604785419772686
112.06369521207596,112.54734534166064,1.6334032053660623,0.0963369486359581,0.346154823933358,27.237818777188263,26.4597752871873,-0.7780434900009645,0.7780434900009645
124.46807264245304,123.07753611831484,0.3798700976327962,0.0754237284005348,0.1152909646525528,6.422822666189148,8.145790145408778,1.72296747921963,1.72296747921963
74.85360020128363,119.2013390568912,1.5760545484257995,0.0237982386371554,0.4458883412046454,6.492214404381738,7.169245563699028,0.6770311593172904,0.6770311593172904
95.45410647677733,135.79306536685337,0.9727368430941824,0.0502989076759561,0.2653748526279731,1.7604160401466429,2.7743932415263814,1.0139772013797386,1.0139772013797386
127.58650652027868,128.00260645738894,0.958804469988597,0.0237020378292913,0.4130426190900202,21.50271486189577,22.6278626164675,1.1251477545717279,1.1251477545717279
122.23735076327984,105.38933884160129,0.711549741243005,0.0423267526637897,0.5094205172794588,30.676187590712367,29.49752058537233,-1.178667005340035,1.178667005340035
111.58438944212358,143.40071412951036,1.42099535839797,0.0895255686952437,0.4282053512376867,17.29796813290391,19.301798341203092,2.0038302082991812,2.0038302082991812
128.24394094988747,137.57743795700247,0.2475724048282203,0.0622594033502198,0.4884789944674796,9.461020739414266,8.592309026736727,-0.8687117126775394,0.8687117126775394
110.07397744503932,132.28817855407874,1.894833491930603,0.0270103298968544,0.5030158947998091,24.67681898286478,26.022267159211008,1.3454481763462276,1.3454481763462276
59.80943662409814,69.46133106754928,1.1829913662927842,0.015191200158937,0.4424754542029215,8.40903347885886,9.33308494093862,0.9240514620797615,0.9240514620797615
66.0476476317042,75.76511924250269,0.6830816070142067,0.0908183192322619,0.3676699080600045,5.958249085203207,5.406280195210914,-0.5519688899922928,0.5519688899922928
55.05731038242288,110.51447854452935,1.0586915207706844,0.0744547971429879,0.4371731031140347,1.287007530411989,1.3138838900569834,0.026876359644994352,0.026876359644994352
96.52775312759232,75.64627918062348,1.4003382117482612,0.0648483474574992,0.4828006186949842,35.3298516590724,33.87629815427251,-1.453553504799892,1.453553504799892
127.80252431446532,104.00934210977144,0.2676388498931423,0.0682925830871791,0.4213883259470781,27.633115736308696,26.980368959959694,-0.6527467763490016,0.6527467763490016
92.30144462417628,97.96479005203328,0.0790849745076643,0.0548070826868247,0.4696066645264816,2.807269874362792,4.595232317274678,1.7879624429118857,1.7879624429118857
92.50681736160077,106.71705022781352,0.4771008434383359,0.0713276751873821,0.1808100985654911,1.2885137725043414,0.9917957884665608,-0.2967179840377806,0.2967179840377806
73.35673610686109,103.82394482471338,0.7507648717238012,0.0364255231077754,0.4110279682737708,3.057390030994343,4.593535450814218,1.5361454198198752,1.5361454198198752
92.7112446419334,106.58969633550004,1.5779868596734692,0.0162377352310868,0.1479814091815302,3.007720318408282,4.652662338481055,1.6449420200727731,1.6449420200727731
65.67694373350022,91.29801454714465,1.175773669101051,0.0242272311349417,0.4361561247513349,5.651722453764812,6.4347003831569225,0.7829779293921106,0.7829779293921106
81.70887872741255,74.5463258019441,0.9672038472277732,0.0314789771434694,0.1069924082425026,9.888623110296464,11.378325336211917,1.4897022259154529,1.4897022259154529
93.38174195765296,74.04481254080795,0.5027373213512004,0.0467151667661064,0.4019772657028617,23.40866090532428,22.68715511426993,-0.7215057910543479,0.7215057910543479
96.58713086963684,119.85275629694128,1.6211929056086558,0.0732794626568435,0.2325559339436129,7.657441008006408,6.94390041913242,-0.7135405888739887,0.7135405888739887
95.05971291036,78.41218127749787,0.9173647345389034,0.022456215688127,0.2847634389198226,21.125140442830016,21.324704334723524,0.19956389189350787,0.19956389189350787
134.75320034620177,65.5339050517714,0.3817497363904232,0.0997375420788491,0.37360547267886,71.67039950495813,72.265488407018,0.5950889020598709,0.5950889020598709
143.4543880715515,100.40451831234611,1.7288453690503691,0.0413077392803641,0.5640740937495758,64.46000679314983,62.45412670774502,-2.0058800854048116,2.0058800854048116
99.12676284900007,130.9181103446606,1.980935267791793,0.0597126566650173,0.2931150876136312,10.294666654205692,8.53437236443438,-1.760294289771311,1.760294289771311
71.55432851045454,79.81914449960948,1.6993997977093496,0.0962590012694415,0.1509708835303605,7.556574389976546,6.866836370568702,-0.6897380194078435,0.6897380194078435
118.0213370933668,78.76448863592307,1.832516214783054,0.0909565422604577,0.4438630320770959,56.09014935994106,52.651271507883266,-3.438877852057793,3.438877852057793
109.92935663104788,68.38666414479411,0.8954497387302807,0.0664102900475276,0.1705362505989807,45.49255047239278,44.0069361179981,-1.4856143543946772,1.4856143543946772
149.5182120624939,72.78750150729735,1.7675692138052683,0.014344271100738,0.39050846254721,80.32305845071352,78.79346410177699,-1.5295943489365271,1.5295943489365271
76.80471873786378,84.95846498895403,1.8850063286854688,0.0163619247751455,0.1942233034105048,5.943153370641525,6.248060421487308,0.30490705084578273,0.30490705084578273
135.62676535240814,83.18636104333609,1.657409493463627,0.023137141876685,0.3126462164694156,57.4142803950574,59.37306780281535,1.9587874077579457,1.9587874077579457
118.01407717603004,118.11094986442596,1.8556641886559584,0.0695356115495212,0.4988096313196671,37.101178917037785,34.67196572156888,-2.429213195468904,2.429213195468904
83.81157716595627,91.22133140368716,1.289306879289679,0.0529976489913881,0.2057547554356895,7.185146678596915,7.4916637293940145,0.30651705079709934,0.30651705079709934
94.50186837253553,77.48668983883623,1.0195577207023003,0.0311403609379951,0.5194410527373733,28.874370098458805,28.19377216053171,-0.680597937927093,0.680597937927093
129.67728605698454,111.60177918813622,1.634219903272499,0.0216279867700388,0.334769238629937,32.91273675464525,32.56988651363372,-0.34285024101153283,0.34285024101153283
97.34378678382744,98.51114625138776,1.2680404726973913,0.0834246591789911,0.366987423540676,19.967042401410744,21.081477894230755,1.1144354928200109,1.1144354928200109
60.67149718683756,91.56882276766362,0.1214379410795695,0.0248780648137878,0.5991676810240946,0.147351631413128,0.15622726703830533,0.008875635625177347,0.008875635625177347
91.74560710937416,143.47612504894488,0.7928863510412468,0.0661429687885078,0.161155378796638,0.0143627710636372,0.09007272954744948,0.07570995848381228,0.07570995848381228
94.2937121734436,130.04000212838287,0.4089416860520375,0.0989104243673451,0.1940760153403465,0.0546860805585032,0.23252068992878164,0.17783460937027845,0.17783460937027845
51.87247137943907,124.81737929780886,0.3893218119565834,0.0352167496801302,0.5818910509892911,0.0825350130068729,0.16249097738285614,0.07995596437598325,0.07995596437598325
55.7002387551934,148.20819010754377,0.3736087298368039,0.0975739997965412,0.101739657573523,1.358796521865352e-52,0.004458817860494267,0.004458817860494267,0.004458817860494267
70.40876611557603,121.26828160440628,1.5667027735214358,0.0520675382892006,0.1650981680180192,0.0804259495347492,0.21042456664578396,0.12999861711103478,0.12999861711103478
71.7155333491065,130.79533965459746,0.7872922288741053,0.0839976395704088,0.1911393009742849,0.0034857966329051,0.02768154835065722,0.02419575171775212,0.02419575171775212
117.3092130911217,90.59614563395894,1.1029208921622096,0.0366029984824307,0.5646248682176134,41.815256881282274,38.79228634440801,-3.0229705368742614,3.0229705368742614
86.90177324111727,90.70162350061598,0.4174804098006762,0.0590251629699109,0.132851485420879,2.2730750788410887,2.3298144348522296,0.056739356011140885,0.056739356011140885
143.61255715401347,111.18514835317283,0.5968517933802662,0.018646854452927,0.4849619492053653,40.17521341391479,40.77231494876799,0.597101534853202,0.597101534853202
67.44092671114996,86.60005477505206,1.6705260730474878,0.0824547508790567,0.2718748920504767,6.455820960544337,5.133726996916266,-1.3220939636280704,1.3220939636280704
109.42418273085973,97.755659956318,1.077103755399557,0.0706848164524452,0.4305313792618783,28.62238381716889,28.82548594895312,0.20310213178423098,0.20310213178423098
96.03269847778328,136.7993422693895,1.575059785984163,0.0972823878773037,0.5562942304896052,19.6009263318149,19.66000167236315,0.05907534054825092,0.05907534054825092
124.57977034187242,143.51162411893893,1.310408522333615,0.0409735147286108,0.2310852236824555,8.738500630906906,10.22558308719523,1.4870824562883236,1.4870824562883236
147.1650604619493,66.52890030852781,0.4803935216757689,0.0758218140239226,0.3669255211106574,83.019392184972,82.5068654461324,-0.5125267388396111,0.5125267388396111
147.29257104088998,145.3304076395924,1.3555100555243322,0.0108327433128878,0.4474521935911948,31.932569149890234,35.5410955452516,3.608526395361366,3.608526395361366
53.29185867639538,122.58105308611214,1.5709493970689157,0.0688329924189755,0.1466608243297751,0.0001286400877456,0.0006997917026744798,0.0005711516149288797,0.0005711516149288797
70.99055930955858,54.08335453530634,1.0391670612007364,0.0793378663325473,0.2521105509175331,21.77031813460026,21.746185018629998,-0.024133115970261798,0.024133115970261798
136.85991281894604,139.12929267033974,1.1653724557483296,0.0338193383706389,0.5461686688615517,32.94810959671915,34.38661712914266,1.4385075324235075,1.4385075324235075
84.67187612359112,110.06888918595833,1.4939550485357294,0.0211434165265834,0.484972120577798,12.918179457657338,13.317414486098917,0.3992350284415789,0.3992350284415789
129.0074126963275,112.22377584243053,1.6581871588028978,0.0484131944184955,0.2303674121932281,29.984010277234773,29.25261442753572,-0.7313958496990551,0.7313958496990551
102.18729727648967,50.123937576637545,1.6227091986709226,0.029788958718621,0.2026969433607159,54.43693797397531,54.9719320699919,0.5349940960165895,0.5349940960165895
109.01164223444708,94.22992746295596,0.2636190621536367,0.0434374020140298,0.3446733154077726,17.68062683325006,14.699826548277766,-2.980800284972293,2.980800284972293
118.19051664607716,75.52965200430106,0.5390661366608787,0.0860752960395229,0.1555725197280085,46.08541427055563,45.09679720027095,-0.9886170702846826,0.9886170702846826
131.51445974257842,56.89330611741029,1.4439094240960413,0.0419267581313292,0.1462655662810022,77.96320423716448,77.63678227347592,-0.3264219636885599,0.3264219636885599
104.70281464244478,131.10429418275126,1.7398216255508714,0.0979508378380428,0.5633866896904658,28.33996936821871,25.31647596193181,-3.0234934062868994,3.0234934062868994
125.65526600578164,122.982831289523,1.005345477049301,0.0101397815852018,0.2368040296956347,13.752717696721788,17.467710373826517,3.7149926771047284,3.7149926771047284
89.24451074226354,95.25546619485678,0.7448362722770652,0.0906373513174646,0.3261650864886912,10.08159090831819,9.180478934007589,-0.9011119743106022,0.9011119743106022
89.6247346816406,111.3606338049369,0.4696525222295591,0.0797409202777957,0.5445371677061894,7.383200847042616,6.087682726104284,-1.2955181209383317,1.2955181209383317
113.42279988136148,86.44698984122039,1.4301958255015312,0.0172543079907536,0.1867378577786232,30.018302765636637,34.387217699208385,4.368914933571748,4.368914933571748
68.28937723291992,67.7310485427709,1.0544751268608874,0.0501282047882401,0.1314944164589859,5.947772068835057,7.775835378464329,1.8280633096292718,1.8280633096292718
77.30287956758593,121.67085022590392,1.4506033902382471,0.0572237271008714,0.2399822462334482,1.262517311973152,1.3139388559943364,0.05142154402118426,0.05142154402118426
66.03938750061452,90.88918347053914,1.7109395117768569,0.0458568806092,0.4941569285431267,11.275236738704743,11.204472980458629,-0.07076375824611425,0.07076375824611425
127.71469159274368,135.9567588811114,0.7731815381529574,0.052737061317995,0.452505757062249,18.98660948687997,20.039840006513295,1.053230519633324,1.053230519633324
55.81337910268286,58.86375698652349,0.3684538013925472,0.0949993115890505,0.1011978100427283,0.9274786489482169,2.7044542265416918,1.776975577593475,1.776975577593475
100.42634607930316,142.64594373362735,0.2132290042786603,0.0192680034652942,0.1281189217420271,2.6060911005445607e-09,0.010540880665116988,0.010540878059025888,0.010540878059025888
112.62343214210638,143.79885277220563,0.8846827410240333,0.0159562139455076,0.3856547026939955,7.238288901864671,10.044605300682361,2.8063163988176907,2.8063163988176907
57.77124183917255,50.02452905119931,1.3978503937614069,0.0732397383756864,0.5840253846599953,21.043268686096777,18.63976141817533,-2.403507267921448,2.403507267921448
143.50441963907303,140.95942171763386,1.3526609324729435,0.0551876239226903,0.2563088942999423,23.3643685839816,23.66115692111964,0.29678833713803954,0.29678833713803954
79.61743146016023,90.5848900402146,0.5401955612493382,0.0905541670673257,0.5285204064449455,9.718473014949346,8.77675961811325,-0.9417133968360965,0.9417133968360965
93.05293384622075,98.8062459913472,1.7177755633605811,0.0408353693359125,0.3512091571046605,17.32674477295034,18.41821712097864,1.0914723480282973,1.0914723480282973
59.89523016865349,119.55863480416036,1.0018425990661095,0.0735642521341593,0.4987103472777157,2.071428876975906,2.073583956236976,0.0021550792610698366,0.0021550792610698366
72.00662547846918,79.07801849330536,1.4049636129971153,0.0699970244590267,0.3947346575356527,13.45631482067883,13.553692613363518,0.09737779268468749,0.09737779268468749
63.70596835365813,142.08247944507053,0.9548786584652318,0.018689485783245,0.5504637413152416,1.5927566740932395,2.4562119593882827,0.8634552852950432,0.8634552852950432
87.73631767966508,115.77370789874723,0.1133087375057196,0.0461486066816269,0.1910350672502485,1.6182732002218824e-05,0.049320216535815295,0.049304033803813076,0.049304033803813076
76.70282701694214,110.35055034496196,0.6483391758076178,0.0628251000493061,0.5848365075421323,6.115766970028144,5.215718821976577,-0.9000481480515665,0.9000481480515665
135.0780382630682,83.45089257642618,0.8155457338167246,0.0574521996207742,0.3306071192145132,55.91959312417046,56.06455073601722,0.14495761184675615,0.14495761184675615
66.37058181384191,126.78227613154368,0.7254314626458368,0.0342429652584002,0.5791623495044693,2.1606876280556677,2.3127513785895206,0.1520637505338529,0.1520637505338529
123.64731746190728,131.72588110138798,1.8362962122190656,0.0110534899683339,0.5744147834889926,35.61092307301036,36.00736122946601,0.39643815645564473,0.39643815645564473
108.38332726254224,89.85473993843334,0.2071945869007338,0.0555332704238802,0.1362031012874895,19.55763510050396,21.43094177409589,1.8733066735919301,1.8733066735919301
102.73996221226764,87.57007744220836,0.2671973019841842,0.0180193634183268,0.2154978347313563,15.915282547398306,17.149132907767175,1.2338503603688693,1.2338503603688693
108.37727805141115,129.74489200763102,0.603052386599889,0.0311093193328258,0.1017397124921141,0.0706666759373679,0.36233773396613556,0.29167105802876764,0.29167105802876764
95.39329617429904,88.74800055228432,0.640159725734897,0.0933243388356933,0.4745430491666086,20.16586596328132,19.74289285288529,-0.42297311039602903,0.42297311039602903
129.87491489520008,52.317608369701176,1.721203432606549,0.0478351562530024,0.2417487849530958,81.69829230350746,82.35145154861482,0.6531592451073607,0.6531592451073607
71.21253987219399,59.02527616832174,0.8501157210240243,0.0434241614094508,0.4305954436565307,18.784256687067117,18.498793808696508,-0.285462878370609,0.285462878370609
99.51769101112704,125.2046927805861,1.46009186012447,0.0948952743405181,0.2647626296715536,9.034937498172738,9.180415678275056,0.14547818010231772,0.14547818010231772
135.49740195614743,146.5885012943342,1.7265351255910344,0.0123581128484466,0.1531020535452061,7.627570888016585,11.914661268339744,4.287090380323159,4.287090380323159
92.72030272818346,132.90404034711537,1.2013076798828424,0.0989276232549263,0.1813034261664518,1.1298258033411486,0.9461860485879402,-0.18363975475320837,0.18363975475320837
104.10302890628114,142.23911038905328,1.4633830072602052,0.0419793906459647,0.1741280925961287,1.417666858957478,1.5913358851404664,0.17366902618298852,0.17366902618298852
129.5973243552301,119.0465943781384,1.3450878825457853,0.040581388757872,0.2093563206537118,22.01277006983152,21.04014441188355,-0.9726256579479724,0.9726256579479724
54.31737357970117,100.9228813848111,1.342187419096703,0.0367299911189641,0.5685581363747999,4.922920545770152,4.875260429106612,-0.04766011666353975,0.04766011666353975
104.65942634972448,123.72032514262531,1.1536086068395657,0.068484956235765,0.3169061687196522,10.45511435700174,10.164270011611016,-0.2908443453907239,0.2908443453907239
77.02476921307833,78.45807390476489,0.1698759127279412,0.0333527996120042,0.3427957390746067,3.888569103842357,5.744406791266497,1.8558376874241405,1.8558376874241405
120.66298698787097,117.39198740845364,0.450710208270451,0.0792085496748858,0.595517918096472,22.45452634827138,19.365517665626395,-3.089008682644984,3.089008682644984
93.17328238428492,64.91747144542556,1.9182087496397584,0.0582374942434723,0.5185077580118927,42.92253644530199,40.98108529921209,-1.9414511460899035,1.9414511460899035
72.6464691677395,127.09370374846785,1.1174868164691782,0.0592292119474337,0.4842542213180494,4.163298509499352,4.885323286565869,0.7220247770665171,0.7220247770665171
130.9516074724878,129.74644903726232,0.2901815079500358,0.0606479704245965,0.2608086656292422,9.102296917053197,8.556000980673534,-0.5462959363796625,0.5462959363796625
61.44876380659051,148.00623153872846,1.2299127469788351,0.0889811314827445,0.2705084785703937,0.0438331030575772,0.15060826312743156,0.10677516006985435,0.10677516006985435
51.20980216984522,60.09771704840048,0.8278621932131807,0.0876824049722792,0.4450818051897458,6.44934002985887,6.399283373684239,-0.05005665617463162,0.05005665617463162
111.34574266312572,50.741212647613146,1.8710697828635097,0.0930480715913396,0.3423931006316634,68.9467031288163,64.92180279555232,-4.024900333263972,4.024900333263972
70.4653529646327,63.09824931932273,1.070351424908335,0.0283889725336869,0.1986056269063552,11.226200276871817,14.788447539565347,3.56224726269353,3.56224726269353
101.4982403695806,85.9274411976062,0.667577512075061,0.0428656649943782,0.3980729384179275,23.00946314467788,20.67429694312466,-2.3351662015532213,2.3351662015532213
148.80359661555917,57.79744235218115,0.6004299826273589,0.0525868459068171,0.3639555380929937,92.8042950372812,92.76685451648815,-0.03744052079304083,0.03744052079304083
112.73371104253198,51.40790921876028,1.692858044800045,0.0963838795022792,0.5561457660562175,71.22467984384927,67.40597520824308,-3.8187046356061956,3.8187046356061956
116.31478293998224,117.99760701610698,0.6698486456870689,0.0838453357335112,0.1897589837635798,9.686259305344592,9.878541644150092,0.19228233880549972,0.19228233880549972
65.65078990804565,57.39255765580846,1.3983712286675682,0.0731602652124189,0.1401870110292855,14.17177355617094,15.811169047953253,1.639395491782313,1.639395491782313
87.10387629846028,149.80712535922373,1.5221368407479705,0.0353189681623845,0.2490869099896979,0.8069883828803128,1.5597794494744939,0.752791066594181,0.752791066594181
121.75613826485358,59.584963376874896,1.1284714415043775,0.0176042052455414,0.3257360311458264,63.518385283890765,65.37056721030639,1.852181926415625,1.852181926415625
81.72552164497,70.41990625927761,1.007596941035324,0.017771209997956,0.4436104525124579,20.47482656712736,21.122344876922412,0.6475183097950534,0.6475183097950534
66.1447686032921,133.8345674296105,1.1550631657156574,0.0564717491195459,0.4024455408301768,1.1916441827296067,1.5634217256742757,0.371777542944669,0.371777542944669
145.3124612507965,112.54419968060114,0.0829060638525312,0.0500951728223469,0.4654738276181547,33.405774453346325,36.89931718835051,3.4935427350041834,3.4935427350041834
113.541435686191,62.50316156086225,1.912390163825058,0.0914901291780284,0.5931070110811264,66.66441468277247,60.05364302367764,-6.610771659094837,6.610771659094837
58.6967020255933,72.30001810384778,1.3791248063732633,0.0256368323801858,0.4725484573829807,9.154661786625944,9.48729023327421,0.3326284466482665,0.3326284466482665
57.46794328167096,95.68916814111464,1.0456127124319918,0.0971930113511793,0.1752507567405863,0.0491333622512736,0.1542202565543945,0.1050868943031209,0.1050868943031209
56.30153906928105,131.2982426897188,0.1666439790188853,0.0718801675731569,0.5246836776340298,0.0002040570892897,0.0009748707772980003,0.0007708136880083004,0.0007708136880083004
109.10707096477056,75.06183583358921,0.7978170770497035,0.0101307182610455,0.55189826847485,40.13078041507875,38.70185300217638,-1.4289274129023752,1.4289274129023752
130.8397348116461,131.27300494315858,0.8791684100700167,0.0631648616149744,0.3297673690392637,19.21663371693746,19.674928387063762,0.4582946701263033,0.4582946701263033
94.67395253113928,131.06487975560805,0.2349375775986104,0.0363822906765509,0.4160641672052523,0.5551601499906837,1.1297913722279427,0.5746312222372589,0.5746312222372589
66.51487121099744,50.89385775680482,1.422630085675445,0.0499517462376871,0.1674123678239666,19.318218829259912,18.633405178302013,-0.6848136509578993,0.6848136509578993
65.96299332527641,137.00487660816935,0.6997205013636304,0.07473224929667,0.4536320049751431,0.509460959990462,0.7965407594571678,0.2870797994667058,0.2870797994667058
109.63935996924616,95.9429318392531,0.479733172740734,0.0596109540770349,0.1026729723727934,16.42929263304366,16.001817590969836,-0.4274750420738229,0.4274750420738229
119.1902314083621,109.60268785292013,0.5083274804019812,0.0327543429024514,0.4732230520794742,21.56521767757505,20.073950635638894,-1.4912670419361547,1.4912670419361547
138.65954415023984,125.85507474717424,0.0628613681681871,0.0995555810534408,0.3502710279011976,14.272639873993173,15.945938959993889,1.673299086000716,1.673299086000716
63.148911989798165,73.52694378467069,1.3105915756407769,0.0298118659557622,0.4444597479903168,9.983635395356902,10.283625086974716,0.29998969161781375,0.29998969161781375
93.1651762593961,121.8242345253535,1.7561292350570492,0.0328601805660189,0.4586154090792816,15.362289984041102,14.960163631519817,-0.40212635252128415,0.40212635252128415
127.2921481876115,142.16142232804447,0.1820065412596985,0.0394666309367161,0.2726994039345056,1.5995824340870577,1.9415748013202279,0.34199236723317017,0.34199236723317017
70.93493233367103,138.4104022948211,0.4658007742412013,0.0661438339106604,0.4842947704959812,0.3268737856910446,0.610260789051925,0.28338700336088046,0.28338700336088046
137.27302504846017,145.28876128848597,0.7648398441776101,0.0147414656894281,0.563423872925793,24.256086119114443,26.630589657327445,2.374503538213002,2.374503538213002
67.1432204474718,69.71327218580505,1.0550221944974596,0.0603812813111097,0.5471986741639384,15.549376824776257,13.1662273778894,-2.383149446886856,2.383149446886856
77.99338969459428,139.86727555636378,1.6574109021287415,0.0191884258062618,0.1782661365223975,0.0626159823481702,0.1962871125605354,0.1336711302123652,0.1336711302123652
67.60892879438539,128.00417458367647,1.211361899552126,0.0515191337647815,0.1691152735324168,0.0045644386091047,0.01985553252405279,0.015291093914948088,0.015291093914948088
116.64266141489132,96.1172373673607,1.0770682579606377,0.0768641364650583,0.3610729764678663,33.213881654072885,32.59820450283293,-0.6156771512399573,0.6156771512399573
61.38383934766014,147.47369472575073,0.3952958048151066,0.0368084268168717,0.579749814063931,0.1027001573134438,0.13727177974954768,0.034571622436103885,0.034571622436103885
85.492466087701,94.04836513396782,0.35615791979579,0.0788714168695011,0.4743705416553214,7.260929921322045,7.449960976534617,0.18903105521257135,0.18903105521257135
113.73048264283244,141.60315352853405,0.7488385228561024,0.0501286501244438,0.1262060996925234,0.2715435432392832,1.838516789469415,1.5669732462301318,1.5669732462301318
105.97446613336749,137.78191725700714,0.3934507830453563,0.0640637183248479,0.5379442361933361,5.676115621318459,5.2545287960230675,-0.4215868252953916,0.4215868252953916
57.29683329256877,136.04507356663436,0.7478151662300292,0.0503065387424186,0.5464655058308762,0.6479256550780583,0.7278956698325282,0.07997001475446985,0.07997001475446985
77.421520234867,62.98055586658794,1.3246202684782369,0.0333679642142627,0.1799372486504148,17.938266999212424,19.802046430474764,1.8637794312623406,1.8637794312623406
81.49184445888957,147.2340376595683,1.6564650458867245,0.0242313642425486,0.1093594878329528,0.0001548323897829,0.04010706248557781,0.03995223009579491,0.03995223009579491
140.30506531025154,130.93173756255572,0.5241101880935928,0.0414123933648983,0.1323898806497666,13.36490282609391,13.922401637224171,0.5574988111302606,0.5574988111302606
64.38344709903109,67.4233440884418,0.3554131769380022,0.0106779841063088,0.3134369976390905,3.6287352371346273,2.800931631789333,-0.8278036053452942,0.8278036053452942
101.03956225200989,119.52364542449908,1.8840561398775189,0.0810331890696754,0.4420963758496214,23.503440217639977,20.791261460782266,-2.7121787568577105,2.7121787568577105
109.32594701753771,87.75476880865476,1.0812361504192611,0.0148704777697149,0.3593473169037513,28.734347534398665,32.229850455166776,3.4955029207681108,3.4955029207681108
112.9200157449661,143.42968990371298,1.1376707559197394,0.0214388355121713,0.2171782571871406,2.770512995677976,5.370684189902311,2.6001711942243344,2.6001711942243344
112.74456098169422,122.79073033206488,1.5012866804680736,0.0511468680078474,0.421312190321998,22.58035094765521,24.292468009594472,1.7121170619392636,1.7121170619392636
91.5916532932716,139.87971942691195,1.104527291395918,0.0784125544955199,0.4684189883164261,7.698276174901601,7.8062623936468345,0.10798621874523384,0.10798621874523384
129.79313675113156,114.7754085446646,1.6781178367256286,0.0237863260452829,0.4736771970915092,39.66403871150963,40.39972334935584,0.7356846378462052,0.7356846378462052
59.41079687375594,54.22291080699772,0.4810022121314348,0.046569087736257,0.2814507896619623,8.284108589949973,8.15509797176282,-0.12901061818715398,0.12901061818715398
58.15987200048384,142.8371843721051,1.5108529394070676,0.0188055357804488,0.4225553060468439,0.8838750234456163,1.3054879069343674,0.42161288348875114,0.42161288348875114
103.8022705363903,107.4156666431552,1.028392332528716,0.0650467085582235,0.5464852060936642,24.0012676477398,25.989458939472584,1.9881912917327824,1.9881912917327824
142.40778052942693,112.65287718118712,1.5976565940363223,0.0488799093197969,0.3181986964129226,44.27808911690696,43.87915261916747,-0.39893649773949136,0.39893649773949136
90.36010023615913,134.19386306424855,0.2427428587537557,0.0279093901079609,0.3233628424088015,0.0420462336150652,0.2791757737051949,0.2371295400901297,0.2371295400901297
132.7610261349153,134.02329795476274,0.9250406953428728,0.0187077554103854,0.3606665987688756,18.732504059138694,20.38028038411328,1.6477763249745863,1.6477763249745863
119.53189496243846,72.86190964403588,1.887536872100308,0.0855064749398029,0.3644143311928532,59.40504814872052,57.146467234537134,-2.2585809141833835,2.2585809141833835
99.86244632662834,124.74114683271264,0.5163919803522257,0.0828909340741742,0.2268840810678228,1.2151552772926184,0.8051745847750401,-0.4099806925175783,0.4099806925175783
78.7511199383759,117.45676511269866,0.7152069535650168,0.0313311722443844,0.1320210350742121,0.0009933142267309,0.06177458839142602,0.06078127416469512,0.06078127416469512
127.78777055368772,87.49290513593289,1.953246214928429,0.0620908242659603,0.5930564862605406,63.50154890329655,58.586640899036915,-4.914908004259637,4.914908004259637
135.95277052474898,109.00074033035196,1.0850743811413548,0.0659280900225914,0.20623705471655,35.47974397955383,36.307041856618426,0.8272978770645949,0.8272978770645949
51.32812034585801,134.3564292141309,1.047130701594574,0.0905834812143448,0.1945640351176442,2.176269778254034e-05,0.015922365347963235,0.015900602650180694,0.015900602650180694
126.68488978177731,147.35795542016493,0.1427547594789185,0.0905907971889962,0.5394818766850108,4.089940016748773,4.254436341644424,0.16449632489565058,0.16449632489565058
137.04108285583004,142.94439897402435,1.696307910029495,0.0350244850821915,0.4945704299113371,35.50370637159276,37.88701804055484,2.3833116689620795,2.3833116689620795
79.46899854393752,131.6415384081273,0.6105623591387869,0.0757758728492076,0.3863404582753338,0.8403185528241064,0.8141906925377921,-0.02612786028631431,0.02612786028631431
129.9157971104782,64.70859922703869,1.331236334441767,0.0698225884141746,0.4238212534409916,71.88899704018615,70.91332338543076,-0.975673654755397,0.975673654755397
129.75591006371883,87.27267048340943,1.681631951416831,0.0687763228564842,0.5071016160389393,59.99659701379997,59.30030396306339,-0.6962930507365783,0.6962930507365783
86.16453277550195,144.63290099387945,1.194931314880591,0.013479265815105,0.4368401134972122,3.922209900832685,5.133598874703868,1.2113889738711827,1.2113889738711827
71.17143721479708,78.7445597390585,0.6274354243970505,0.0287810097851493,0.2637755916440916,3.5759074417431336,5.137983037754686,1.5620755960115522,1.5620755960115522
104.14293943049968,97.21919863035544,0.3582359133623196,0.0599230734396351,0.4254142228607408,15.213069424640189,15.36277059762242,0.1497011729822315,0.1497011729822315
100.32204148586344,145.2024277169573,0.5661295923030323,0.0998579047230334,0.3443842938465346,1.6658160759814749,2.7531589016086104,1.0873428256271356,1.0873428256271356
101.15151360832247,136.92811183651747,0.9221781453379788,0.0577555718936989,0.5723405792891222,13.126162478279484,13.812287392228988,0.686124913949504,0.686124913949504
67.9353359264552,134.2772759425472,0.3363951194494525,0.015988184380262,0.1813787504258693,9.780258374663324e-11,0.0004921597660711831,0.0004921596682685994,0.0004921596682685994
66.01282401846402,93.11647213889115,0.56258013017367,0.0882976390269053,0.2111789318404438,0.148812196523099,0.17714349352827338,0.028331297005174394,0.028331297005174394
78.95827046707271,107.38187600337466,1.0907917277428836,0.0348143857432257,0.4144157880069526,6.2757762025736525,8.189167237871699,1.913391035298046,1.913391035298046
77.4703815047892,90.0404737210037,1.2554063469207033,0.0148426852433186,0.5264602395873391,14.244093683842944,15.082666002215028,0.8385723183720835,0.8385723183720835
51.61246463722149,120.50074741207528,0.340991639028668,0.081296459961329,0.3364771839679502,4.9524116119365e-05,0.00372520160513988,0.003675677489020515,0.003675677489020515
55.06108407571735,108.36384795176468,1.9881628722354945,0.0379900566157927,0.224765552587304,0.259411354688037,0.5206041874241051,0.2611928327360681,0.2611928327360681
56.84531694260427,76.3476782730673,1.6317238627914774,0.0934727270046047,0.2034172308014092,2.8950929379532937,3.159818703087542,0.2647257651342483,0.2647257651342483
135.90383695462995,57.092751177356334,0.0512280132631769,0.0952710668066161,0.1239709433801224,79.08905079732142,81.51683573764896,2.427784940327541,2.427784940327541
70.80872148501103,137.66268316137536,1.3343003088627623,0.0104682204017806,0.5189804621979232,4.02896237115009,4.162634954449945,0.13367258329985443,0.13367258329985443
59.38572848233562,143.91592325551193,1.7798968943976758,0.0642908742723692,0.1164242705858364,8.850455792577575e-07,0.00048484131385491245,0.0004839562682756547,0.0004839562682756547
60.5778906894067,122.08888879621948,0.2264106131839256,0.0951995162143296,0.3498010190578784,7.02159573056707e-05,0.00193330118364376,0.0018630852263380893,0.0018630852263380893
55.80463370185038,96.62742405342236,1.831726197995192,0.0982314734814098,0.3571161037169332,4.085807604894677,2.924040323176234,-1.1617672817184435,1.1617672817184435
137.05269662693843,140.86616698450507,0.4173290028508916,0.0204792416362098,0.1396441940599939,3.779190711111632,5.798682501508474,2.019491790396842,2.019491790396842
132.54369156049984,145.84929160587376,1.890441680317612,0.0805243740929975,0.2220924990293939,19.55200546105634,16.16082637826911,-3.391179082787229,3.391179082787229
84.51922084942106,129.77039302997684,1.1616663535671587,0.0454355713108212,0.2460693520620445,0.9478856411837252,0.964268560162879,0.016382918979153782,0.016382918979153782
73.72543636571373,55.57202319787133,0.6052837575296673,0.0909109505805897,0.5670263969842598,24.58732389649608,21.790552520598695,-2.796771375897386,2.796771375897386
98.0648028312409,59.422428516449166,0.5758193214897002,0.0659729148585176,0.2005732505758023,40.857967250362336,41.205912551210275,0.3479453008479396,0.3479453008479396
80.25039603514116,69.341859914355,0.3872546115934553,0.0204601289727628,0.3645886121954617,13.94277685339187,14.831173639215603,0.8883967858237334,0.8883967858237334
141.32059618141722,103.55194199109404,1.8453019988300143,0.0306868609500398,0.297193369029272,48.08804904388637,47.10842139681266,-0.9796276470737126,0.9796276470737126
56.89900087104594,140.2979649056349,1.8019968374939128,0.023049821404683,0.5167077166092798,3.0018410355906777,3.6387538853780583,0.6369128497873806,0.6369128497873806
60.71566969269234,116.29349764661367,1.098135150482786,0.0436367521501288,0.2691763003884839,0.1350602288873927,0.2286534150882576,0.0935931862008649,0.0935931862008649
148.2739540910386,63.95546045635644,1.3399689747761216,0.0185021001162779,0.131574164386463,85.88459893734623,88.23665217174415,2.3520532343979283,2.3520532343979283
144.0397033945544,147.9890322471206,0.2398260223498825,0.0586675382546837,0.5346960468724208,14.17963084265174,15.857454676407439,1.6778238337556992,1.6778238337556992
124.07798671606724,85.59574530024977,0.4449673884174226,0.0855522444149766,0.5932929227405375,44.7622660891188,43.86274216101899,-0.8995239280998106,0.8995239280998106
99.44203047025816,104.79144436766492,0.8358365235728887,0.072141678776079,0.3764877449030134,13.929264996917688,13.485480390345396,-0.4437846065722919,0.4437846065722919
57.84924244669064,75.95233229771344,0.0733794831973265,0.0250050874191105,0.2419794560444832,1.763632371299187e-05,0.10586272384034617,0.10584508751663319,0.10584508751663319
68.40410348214468,129.69814015072205,0.2670074349959958,0.0353646792068591,0.5556282680492866,0.132144836538959,0.1025198717835127,-0.029624964755446306,0.029624964755446306
87.79683556412841,98.50207076895964,0.7150270374548561,0.0265246088971884,0.457704629773547,10.152088914581268,11.139955125074835,0.987866210493566,0.987866210493566
144.4709050825412,85.6073323800995,1.9810496174804637,0.087078859255318,0.1486906472459576,72.43034886614132,70.1391063917293,-2.291242474412016,2.291242474412016
117.36624198934342,114.13894160112751,0.6805836044677458,0.078691889843722,0.184785857677017,12.394350164848303,12.60834466541714,0.2139945005688375,0.2139945005688375
142.91447172116875,55.01054265049719,1.2153274278047728,0.0424093314159723,0.5651070886778039,91.83186027092036,90.65242334724735,-1.1794369236730091,1.1794369236730091
108.4448909757426,100.49477627900843,0.9981067933773068,0.0728192229640328,0.20886057974718,17.920811735221577,17.829652142752796,-0.09115959246878091,0.09115959246878091
53.58092944177307,141.770966991923,0.970263412556532,0.0401224795935412,0.417826252026175,0.1383532826588485,0.3332810274512975,0.194927744792449,0.194927744792449
122.19239699289334,123.2523747287522,0.8176443316379736,0.0487511415266162,0.4882848904886308,22.95149950299984,23.312664167560087,0.36116466456024554,0.36116466456024554
106.052218489509,80.2722924465951,1.3751706395813472,0.0352661267957886,0.5547383489925072,40.81292075168867,41.77205972458978,0.9591389729011084,0.9591389729011084
101.51922261382136,52.844121257911205,1.6020790365392148,0.0358905115407387,0.3215100224544935,52.09399001399117,52.8162023216493,0.7222123076581326,0.7222123076581326
95.98004237693202,54.69540392324015,1.0551212739349216,0.0970543638930928,0.2866521554084362,46.69164596472801,44.94854023594464,-1.7431057287833696,1.7431057287833696
67.05241236872915,61.24979578138854,1.6937812386712303,0.0244588769973712,0.3555577463004051,16.11035491622986,15.709077598419235,-0.40127731781062437,0.40127731781062437
109.93792222611016,80.23055363804667,1.6950992017445927,0.0419337632530937,0.380532771692754,40.710630136669394,39.59607941182662,-1.114550724842772,1.114550724842772
97.27068986362892,70.02594523103033,1.1456812860484695,0.0670416440705022,0.5007729246721909,37.83083275932261,37.34991265753238,-0.4809201017902325,0.4809201017902325
116.68642575461044,85.92637747255975,1.902310686124036,0.0388170064991384,0.434742399988669,45.89202743596427,44.504563654512964,-1.3874637814513093,1.3874637814513093
137.39980116130832,147.79383125459583,0.3485251350668683,0.0997996240557259,0.4816777269945133,13.307270749505731,13.558907126680365,0.25163637717463416,0.25163637717463416
116.92002629380784,111.451867967485,1.169910409856492,0.0588634979866866,0.4385374135929307,27.76583248622734,29.48455953231993,1.7187270460925923,1.7187270460925923
91.607023555328,136.07699047280786,1.3267097246232198,0.0799411179737011,0.5794843526694768,15.058978740104791,13.009408064246069,-2.049570675858723,2.049570675858723
76.88615449790066,140.80116274642148,0.5826406253517725,0.0669609336380997,0.269673348737742,0.0188208190976763,0.11976168860593761,0.10094086950826131,0.10094086950826131
93.9303272327997,77.46143348156332,1.5945777343989378,0.0816428616601569,0.4448892901718596,33.64880213600805,31.445708623804784,-2.2030935122032673,2.2030935122032673
117.91023191444896,79.87009013443873,1.8613906080840248,0.0402846489687562,0.3954960470563753,49.13125386377179,46.84775555290854,-2.2834983108632514,2.2834983108632514
138.17173063953962,53.04993896478813,1.869547900218644,0.0170299123049227,0.5428006855978822,89.31501000965218,88.71877257764572,-0.5962374320064612,0.5962374320064612
89.42582354957452,117.0982232385235,0.7234227995101354,0.0449345346043715,0.5258786913833343,8.387158536802964,7.739456445749217,-0.6477020910537474,0.6477020910537474
102.15995129911217,62.65221715036069,0.6630857284902121,0.0937409747516736,0.4932536265440695,44.48078725209801,42.96062703665394,-1.520160215444072,1.520160215444072
81.5216737377286,73.66093425909727,1.6024106820827515,0.0969812803043512,0.4654477541389163,27.49196538351807,25.357787679910263,-2.134177703607808,2.134177703607808
81.13763369053238,91.8528046767792,0.6297483974365922,0.0924388986379197,0.1619076090130128,2.0880816724059947,3.2404590838296103,1.1523774114236156,1.1523774114236156
65.95446801131884,81.48777259177498,0.2724766364078873,0.0816355782346022,0.2577371264123921,0.3518985709739057,0.6343085469729783,0.28240997599907264,0.28240997599907264
143.83650151902594,84.04405661432601,0.5715320464955709,0.0495016003418462,0.374763035690876,62.39809109561115,62.78999306077997,0.39190196516882025,0.39190196516882025
63.12879720048242,53.69623502205604,1.945322055946726,0.0984283648211461,0.5418040598638444,26.8152349588033,22.390006505322226,-4.425228453481072,4.425228453481072
108.2121370819836,136.40086835624805,1.8097880064366252,0.043777278291869,0.220939383867331,6.695984183340862,6.82894758964147,0.13296340630060843,0.13296340630060843
97.71463759890491,130.6227324127557,1.106710616527038,0.0718881055839649,0.4748199773278494,11.912700291093316,11.156231590180598,-0.756468700912718,0.756468700912718
149.31637389334784,77.61227833440265,1.974309846840583,0.0994530573085978,0.1024393687065047,85.54053038682657,81.92399459876145,-3.6165357880651214,3.6165357880651214
83.06008099700018,104.0008352159578,0.2099002884236801,0.0472527094797252,0.3730913760757098,0.7855655642570412,1.3867108040912386,0.6011452398341974,0.6011452398341974
113.85250461916648,100.5649568903531,0.1231547315051069,0.0277446060036862,0.3284122346241285,14.463776136521972,16.331836356406654,1.8680602198846827,1.8680602198846827
126.08513309307816,58.06112884662176,1.4960469508716003,0.0973697587600059,0.3416606189770971,76.05231180278737,74.19568377056558,-1.856628032221792,1.856628032221792
73.08177851877817,117.5357971694007,1.3558245107393998,0.0448460372502606,0.26964529955127,1.2216988558727715,1.176487228285178,-0.04521162758759356,0.04521162758759356
107.189896766037,65.56520108576406,0.0520029104607196,0.0819413740362969,0.3174910645866138,41.90348704203839,44.4538166826013,2.5503296405629072,2.5503296405629072
66.19230066322137,132.06425472982897,1.844191738262772,0.0291732070591086,0.5492625620716555,7.110365997147362,7.007551888294066,-0.10281410885329567,0.10281410885329567
123.786951856153,111.1336346952953,1.401141552696895,0.0731477847893599,0.3304685559152724,31.52480019795745,30.388877575193618,-1.1359226227638324,1.1359226227638324
91.83833377132714,93.25612408464109,0.0635270041295933,0.0901838304006006,0.2949678629393096,2.3165800685846847,5.187951905648435,2.8713718370637507,2.8713718370637507
88.64937228639137,120.56372943682398,1.3044296569610727,0.0133670303069997,0.3915852405301446,7.04102951762167,7.983737288841556,0.9427077712198857,0.9427077712198857
67.53029423576596,113.36324372661132,0.7445970162129434,0.0801016200963863,0.1622671117661901,0.0016685787712829,0.004426203410658868,0.002757624639375968,0.002757624639375968
136.79182945200222,91.0313627642938,1.1689363904731165,0.0855285822958542,0.2446935682426918,54.71613385119808,54.63260507685406,-0.08352877434401762,0.08352877434401762
58.35543375106897,59.41467522832235,0.654129595804382,0.087840207258044,0.1801754674503697,4.57407342496618,4.822820382702807,0.24874695773662747,0.24874695773662747
54.916082915504816,122.01111188748663,1.9421426737455671,0.094947091534228,0.4895546717267507,4.937447213530561,3.915391069112235,-1.0220561444183258,1.0220561444183258
124.6491405118024,93.94422812954876,0.5742732626667677,0.0158398115843018,0.3007434958686432,32.714587321281684,33.549845384910554,0.8352580636288707,0.8352580636288707
67.74287694697068,101.56418674007826,1.7932387430795471,0.0103357823300301,0.2262917703678429,1.185452690425568,1.5426080190905713,0.3571553286650033,0.3571553286650033
93.30745051445652,60.44034590139323,0.3157873867210255,0.0649848362620875,0.5551377034698911,34.83601962393827,35.839103808197365,1.0030841842590945,1.0030841842590945
124.07686177542044,61.32257922512176,0.2908716803126665,0.0382413915434977,0.4989753511655916,63.460571283586624,65.43816259439193,1.9775913108053018,1.9775913108053018
93.0887523661806,113.04065185610447,1.493249034944068,0.0823266981303174,0.3237540849803856,11.93986118613116,11.800604229370606,-0.13925695676055483,0.13925695676055483
127.72285200016576,82.72417683870194,0.75985966092127,0.0710684204373603,0.3526235617000333,50.075080275232224,49.063338473995934,-1.0117418012362904,1.0117418012362904
68.80585664790756,66.58044708265801,0.5502143902550887,0.0910946537694085,0.1802194669458879,6.917019814181437,7.813241097102467,0.8962212829210303,0.8962212829210303
54.12697473746218,106.13550283435404,1.863697510813421,0.0705561775257717,0.5166195674310744,6.134554827825507,5.692071451448072,-0.4424833763774352,0.4424833763774352
92.63898947694253,95.22242371277008,1.83557345331064,0.0127967871406044,0.2835505428857631,13.953714324496474,15.679069595133273,1.7253552706367987,1.7253552706367987
66.43926843284142,83.31223642433238,1.6216454432482117,0.0656845424699679,0.5292541140925181,14.70189396920332,13.341507474559318,-1.3603864946440023,1.3603864946440023
68.61358977533479,149.34799343336272,0.059443223588396,0.0927936285001244,0.5248348151375274,1.6126429378667496e-09,0.025603165509540622,0.025603163896897683,0.025603163896897683
100.7318500679649,76.52500649566323,1.222400283497734,0.0728729639292225,0.4859332514698928,37.29206300616558,37.711021476538114,0.4189584703725373,0.4189584703725373
72.1527151902367,131.79743438957175,1.0153351369164156,0.0657142769572422,0.1502619475271301,0.0007143211710361,0.022774370102476155,0.022060048931440056,0.022060048931440056
68.92735001678754,59.13606111149565,1.2736504408221256,0.0308969973477419,0.3002295876297856,15.81022262606001,16.95376686140034,1.143544235340329,1.143544235340329
59.886633845601466,119.0245162727794,0.856779391618263,0.0759367545617946,0.2760219802490533,0.050934698794343,0.05547310273855653,0.00453840394421353,0.00453840394421353
67.52217721058273,112.90469935870505,1.050741178866173,0.0985591047227266,0.3905648900226871,2.600577921070529,2.1987203428898563,-0.4018575781806728,0.4018575781806728
63.260399074681104,113.7837132010094,1.0016273742421202,0.0156302124036248,0.1788258770798834,0.002858407296902,0.02807423051948892,0.02521582322258692,0.02521582322258692
110.01239399394964,132.23656998612947,1.9587632830578932,0.0334303816740399,0.5570759615580503,28.93732160924452,28.632539849500343,-0.3047817597441771,0.3047817597441771
135.4000823496369,60.28977340161874,0.9303961953587526,0.046259415803688,0.1433102572441852,77.65010775132751,77.88121325632048,0.23110550499296778,0.23110550499296778
82.36627810358003,129.58904332331343,1.4947429165056554,0.040652752873957,0.5908323518720006,12.930504046869157,11.849866958070589,-1.080637088798568,1.080637088798568
70.247856414138,130.16743548493776,0.6000836984065833,0.0605210929591445,0.3130259475942684,0.0627224583120796,0.1086092519904587,0.04588679367837911,0.04588679367837911
88.31014335905844,101.05189477298998,0.2904364178799343,0.0295651780994515,0.4197381688451262,3.8282081727943336,4.888357359612334,1.0601491868180002,1.0601491868180002
62.3234668009804,86.01449727982943,1.5994849036299037,0.0233936905282795,0.374192102668992,5.634551445135806,5.67899664334815,0.04444519821234394,0.04444519821234394
62.71026137707404,124.9605686582354,0.3502012415677074,0.0707355384301407,0.3332455008613287,0.0016675195044197,0.00381599375978558,0.0021484742553658804,0.0021484742553658804
90.30387579071322,88.53817532748673,1.603019035605749,0.0465846504029375,0.4217541324211189,22.49918610679861,22.48450585829815,-0.014680248500461346,0.014680248500461346
105.46870247883672,67.93022647416444,0.1855541370009378,0.0911984829539847,0.4769081070314243,38.75671375647914,38.72207545222888,-0.034638304250258045,0.034638304250258045
88.84636426109965,148.76433189920627,1.8407800530584773,0.0437694867428162,0.2608481534875831,2.044234416205674,2.799542897530748,0.7553084813250743,0.7553084813250743
105.297558601744,117.83190359852918,1.029169127259941,0.0316213139736491,0.5993404722959581,22.038177622183014,22.076877387367446,0.03869976518443252,0.03869976518443252
116.4911724487218,123.40759156936286,0.4076726121209745,0.0849014273104992,0.5472800395664562,15.0217747113237,15.330204493975153,0.30842978265145327,0.30842978265145327
126.87347933788026,96.49212223951922,1.0032287591303728,0.0937041299069986,0.2555365894241762,39.94685974579666,39.84745488974404,-0.09940485605261529,0.09940485605261529
111.25928082758765,89.30778832666986,1.7724122555231467,0.0874248184157307,0.1901404306219262,35.482657098968005,31.336230007791457,-4.146427091176548,4.146427091176548
133.73670797701507,138.43861674538584,0.3491213136795478,0.0839943693576323,0.4713633422167197,14.50243871200179,13.041613077744394,-1.4608256342573966,1.4608256342573966
104.71276425689004,79.33472376586045,1.126879748618376,0.0594480794126915,0.5128030273112325,38.033663005559184,38.32606417897323,0.29240117341404925,0.29240117341404925
68.79035887984165,105.325918716193,0.6316416915564649,0.0832056000452037,0.339775008564276,0.8469199977064843,0.3743827049441388,-0.4725372927623455,0.4725372927623455
62.58023363460513,113.06998066776936,0.577978379484411,0.0880714662756841,0.4907143456287097,0.9931730203836002,0.841492842130896,-0.1516801782527042,0.1516801782527042
131.6125573653954,99.14492311026214,1.3871710909484694,0.0100346635672647,0.2544015764357172,36.69366768356312,38.8352054769093,2.141537793346181,2.141537793346181
89.68879782249189,134.9468025985475,1.680375213191298,0.0282799902364677,0.3277328055414281,4.953665249305885,4.895633404505377,-0.05803184480050838,0.05803184480050838
114.75197955701633,86.86944117452725,0.5246433107801793,0.0710251674491709,0.5182017679171635,35.12851744949587,34.466850023612615,-0.6616674258832518,0.6616674258832518
116.5404792638254,58.86664704364246,0.1379265491903184,0.0850385404811858,0.5456023690789795,58.36153835325506,60.69994712829899,2.3384087750439306,2.3384087750439306
67.74395437797229,107.49125841779004,0.4556138400372641,0.018780361293121,0.1916220576092016,0.0006333627372659,0.001985663043883331,0.001352300306617431,0.001352300306617431
51.028449593569206,94.41687808728044,1.3521241519920866,0.0712102510391325,0.5565161119942165,4.9710539701986765,4.856584147699775,-0.11446982249890159,0.11446982249890159
116.21273488542488,123.1582711858835,1.1481648188218845,0.0509157248598266,0.5673074605222722,27.77305517230694,26.943139349031824,-0.8299158232751154,0.8299158232751154
96.90249397178836,81.54444660818979,1.943295406116452,0.010686397879474,0.1605730467920923,19.138950701541347,24.699876581723547,5.5609258801822,5.5609258801822
85.47285567302126,145.02246055934324,0.8097713560592364,0.0840280296597208,0.5937147912551739,6.053363433274932,4.948238738835913,-1.1051246944390192,1.1051246944390192
119.62887758781396,69.10524864594868,1.5193601147981126,0.0692630134911671,0.1701763400027508,57.43088724709487,58.3109870872609,0.8800998401660252,0.8800998401660252
61.47688718692174,92.91525045518978,0.3148077698827435,0.0843302545970238,0.5039608423852061,0.8257783861987136,0.7965820089085298,-0.02919637729018376,0.02919637729018376
79.67062891698995,140.40623875331744,1.6071136886893902,0.0134040294623112,0.5188519460175574,7.613334716163546,8.23997032739929,0.6266356112357432,0.6266356112357432
146.39534253882871,65.11371968232423,1.352465824481891,0.047082696862039,0.1856464933749885,85.29877943846503,86.25045309538345,0.9516736569184161,0.9516736569184161
95.53677335035636,99.65240745651684,0.4441074059811107,0.0711307288243742,0.229936386596257,5.371146825341242,5.6035819437103775,0.23243511836913555,0.23243511836913555
60.536492225085645,105.20042798853176,0.9664899178833594,0.0669548917524879,0.3571730284278011,1.0069803723401032,0.942071092631284,-0.06490927970881921,0.06490927970881921
64.13835542163402,149.29628003132314,0.8231925427413646,0.0538862219025026,0.107441468218474,1.198836122630692e-16,0.0006417358361116461,0.0006417358361115262,0.0006417358361115262
77.08860550263748,68.75311470260509,1.996561065600141,0.051241020038787,0.1066452500498817,15.37186260098111,15.619130285135649,0.24726768415453826,0.24726768415453826
98.5608317996847,108.64352035369994,0.4171177468622393,0.0807929232853681,0.3681498246881585,6.734517918906924,6.244467132269063,-0.4900507866378616,0.4900507866378616
72.80797719489325,94.02791708407852,0.3293939093989173,0.0802017537339834,0.411504324183485,1.689691552654061,2.5212693360588445,0.8315777834047835,0.8315777834047835
115.08773690471942,141.53267369320932,0.2793959210938723,0.0733151887351959,0.2132408645009718,0.2911818921536948,0.8289764206577873,0.5377945285040926,0.5377945285040926
149.7701541808524,137.04303124508257,1.6063918778153228,0.0644856279393677,0.3046821714373582,36.53379619809205,32.50983602076297,-4.02396017732908,4.02396017732908
124.35082562916078,63.63537951107576,1.8438599173161148,0.0976348987307277,0.2587588980793618,71.27186258757516,67.81668488986729,-3.4551776977078674,3.4551776977078674
84.88620967702731,118.44156358147173,0.3346553365772096,0.0195788277686323,0.2581286974509663,0.0755347839312154,0.27139368963939914,0.19585890570818373,0.19585890570818373
93.64483988231127,149.49844806831982,0.7142545283768095,0.0314139506057406,0.1438071228307673,0.0004267418569555,0.12630109038577533,0.12587434852881985,0.12587434852881985
95.21390551224474,78.4851736164058,1.6459144346317909,0.0718029082555167,0.2320618142450833,27.314430669904034,26.946161341584183,-0.36826932831985104,0.36826932831985104
100.04011457102013,72.16072567423954,1.874884855382464,0.0547859757657189,0.5150250954167969,44.07428534881323,41.267971334551895,-2.806314014261332,2.806314014261332
116.8951641760625,145.3241413318642,1.3532095728133666,0.0943293460490397,0.5117482843229505,23.45622493612672,23.06330946713923,-0.3929154689874892,0.3929154689874892
129.81829895748427,77.96075010677521,1.6767683940644909,0.0730797403129121,0.5548150625620151,67.65355996252887,63.506431899052934,-4.1471280634759395,4.1471280634759395
148.85246673259218,105.89722009248564,1.856969395006936,0.0662729095280638,0.2900974246128421,57.95060725736688,53.488665394732195,-4.4619418626346885,4.4619418626346885
50.63790434065907,61.83672395755816,0.7615376763659354,0.0421253180100807,0.3888689506204958,3.702484348705582,5.007384832514762,1.3049004838091802,1.3049004838091802
102.81777214230172,99.64608784504124,1.9069341362611876,0.0357739012847137,0.1533808260362788,14.024004941446137,17.8012250930498,3.7772201516036645,3.7772201516036645
92.19693806087416,57.28119921248609,0.3616254200262322,0.0744688060435627,0.3712020745870166,36.504609961266574,38.52105657201377,2.0164466107471952,2.0164466107471952
76.85621674536426,142.72714445333185,0.9407311466126348,0.0670405563445648,0.5421397201871444,3.894178432722379,4.328789371347866,0.43461093862548683,0.43461093862548683
57.660290835821016,98.5525026810351,1.5259189601409555,0.0272837592733508,0.2916751711977982,1.0250319375376815,1.382999288224104,0.3579673506864225,0.3579673506864225
143.1788543051174,111.37257460639758,1.6538053915661264,0.0725409968508501,0.1423383848962787,44.56810149216911,46.24219229465902,1.674090802489907,1.674090802489907
126.075930838695,60.88239020127472,0.5456435414732707,0.019850959075029,0.5172525162581253,66.18185428276684,66.92994116884152,0.7480868860746881,0.7480868860746881
74.95461998495061,129.39044001326909,0.562381566544338,0.069697200344317,0.345116903958065,0.23575572747797,0.2635612314684476,0.027805503990477626,0.027805503990477626
139.68782418299477,87.28139719210395,1.541218534327181,0.034537804601867,0.1615267497877532,56.961336094449535,57.41139915344194,0.45006305899240573,0.45006305899240573
93.71481050450348,81.8993774173072,0.872159119018159,0.0927418541628397,0.4765255516403996,25.670616769696775,24.48605976298162,-1.1845570067151563,1.1845570067151563
121.21879819794924,135.4712394753259,0.9197070280966916,0.0466829654218494,0.1413418508441564,3.341362765886672,4.903348973851853,1.5619862079651807,1.5619862079651807
102.4756431632238,147.21829681870412,0.7412208883547907,0.0149053153814053,0.4027228196541248,3.408997617325003,4.592223583212519,1.183225965887516,1.183225965887516
146.33944342135504,124.45671952103164,0.794836494307109,0.0518613957217529,0.5750055588318602,42.36688520867473,39.77181957861716,-2.5950656300575687,2.5950656300575687
97.51708660226282,120.50840346141092,1.2548785135300038,0.0310934142297837,0.4681789469372688,14.038219734746193,13.792885433227005,-0.245334301519188,0.245334301519188
115.8707775500876,101.20008566141598,1.1680243264189438,0.0527954339639022,0.5398914818394285,35.90180342761734,34.481491534114724,-1.420311893502614,1.420311893502614
136.81422543775054,99.6374807972854,0.2526034460209025,0.0966744045894223,0.1902584650236621,39.58093550190465,39.850696846601146,0.26976134469649793,0.26976134469649793
70.83153900085179,134.30143548449627,1.2211667316961778,0.0434624753120546,0.3165989869449587,0.6353356355806463,0.8339961629211448,0.19866052734049844,0.19866052734049844
124.05095212183186,127.1181696118228,0.7484884859691567,0.0572315403217529,0.4045591744261883,18.23122968654627,19.156218365251174,0.9249886787049029,0.9249886787049029
148.99602323899452,148.1410320367906,1.1856460948300729,0.0239612275773263,0.4883927999031896,33.28134622124675,34.56415817388436,1.2828119526376085,1.2828119526376085
120.19668772577032,134.32594806477425,1.8094256861179263,0.0877629291362579,0.3532953639877673,24.956080222088023,22.16504016808536,-2.7910400540026643,2.7910400540026643
114.38472028115469,84.13398872002153,0.4678397318500288,0.0598189257536317,0.3972079924579247,33.93984254096547,33.7197965086092,-0.2200460323562723,0.2200460323562723
82.55033381261354,100.081704309384,0.4132827782387713,0.0944212216748603,0.1915521911510439,0.5580803781253003,0.757681081745618,0.19960070362031768,0.19960070362031768
127.41346587074273,104.25079435095134,1.5172257349538456,0.0479753944650317,0.5557148997166915,47.54211392551834,45.65863416676517,-1.8834797587531753,1.8834797587531753
108.23705631583483,121.27119321252763,0.8961409096156351,0.0630080804794895,0.5044563125429602,17.987617927408287,17.826963607325204,-0.16065432008308278,0.16065432008308278
112.11334068483312,52.83905182232764,0.5590505007251464,0.0474614419116224,0.479751765103389,60.80049952302722,61.104314526320934,0.3038150032937139,0.3038150032937139
141.32405525564712,149.7344549283498,1.37715994701017,0.0335293940945884,0.2207927088694437,13.840778309556647,16.052555253193358,2.2117769436367105,2.2117769436367105
90.64165365740186,50.33167044049015,0.0989984021999443,0.0588504371462492,0.5173099647770458,40.602716285034816,39.69043128607698,-0.912284998957837,0.912284998957837
145.83276864813868,65.9939309439564,1.6281147046141446,0.0739485660456012,0.5393713011927058,89.94643956726473,86.25885434643814,-3.687585220826591,3.687585220826591
136.60638895004084,115.21083405159366,0.9214965190818362,0.0219711760434438,0.1759315601826516,25.0614568890136,27.516252279693877,2.454795390680278,2.454795390680278
73.75658433834849,131.8565399598118,0.8726899220563048,0.0148702713791387,0.2948096986602874,0.1921314464797889,0.33473193698159154,0.14260049050180265,0.14260049050180265
107.09070537521448,110.17871644071158,0.1842654257622251,0.0248623897430745,0.3177930218109038,4.691342236964147,5.166581026547907,0.4752387895837602,0.4752387895837602
66.62553303497006,129.56089248194732,0.3722308056468317,0.0857349989700879,0.5598004383348745,0.3845494008013497,0.23545067905961378,-0.1490987217417359,0.1490987217417359
127.33922246287725,53.52781667510064,1.7717583563429005,0.0734249941930205,0.5505517926576636,82.50501922167189,79.29797308689974,-3.207046134772142,3.207046134772142
71.87138889065392,147.9441641971295,1.3092112526055364,0.0922371849889149,0.4032088004969398,1.9886138363505184,2.902067832396404,0.9134539960458856,0.9134539960458856
78.08832730675998,124.14594688425534,0.7797395727405525,0.0839649098501387,0.3014965122209991,0.7463495902418869,0.8170941348968233,0.0707445446549364,0.0707445446549364
116.79337354557424,81.97406065264862,0.8129394141772062,0.076529567571984,0.502848793094455,43.87626188311387,42.770101676539305,-1.1061602065745646,1.1061602065745646
110.57792494526905,74.51321648345136,0.8955708629081311,0.0989406888852219,0.534559362696623,46.28544220217553,41.872115751027465,-4.413326451148066,4.413326451148066
92.16816468528944,83.53056350834066,1.2977050554737557,0.0203319997971936,0.4775228739859247,24.480054491113435,23.65151277977433,-0.8285417113391063,0.8285417113391063
78.52443423067666,76.45994541497168,1.8395641653194383,0.0413556206118835,0.4486756258014223,21.935700816881983,21.045793933505017,-0.8899068833769661,0.8899068833769661
52.8996744335948,84.36645613239772,1.1092263000988398,0.0194082739273026,0.1316283490068678,0.0016214674226717,0.23321363646826218,0.2315921690455905,0.2315921690455905
110.33255656445984,88.78722672264679,0.2583865191883378,0.0883114859815543,0.1242033278263188,23.54848471262339,23.315643442617855,-0.23284127000553667,0.23284127000553667
147.2977380420305,135.79425317744162,0.242067797557445,0.0228488049128303,0.3583367511278191,17.21804501571306,17.697827825007977,0.47978280929491746,0.47978280929491746
135.2622437476117,120.66834077586724,1.2048615863675838,0.0984886923266397,0.5097577040331194,42.96546864359821,39.96283743176091,-3.002631211837297,3.002631211837297
142.03898315000367,87.5238381126929,0.3177784052418677,0.07025395107488,0.2841106284382099,56.4512264471162,58.19168540331404,1.7404589561978412,1.7404589561978412
106.3817480575171,139.61666894849316,0.4033263627731887,0.0549598714570253,0.4798722007391157,4.237573261088951,4.924368360094834,0.6867950990058835,0.6867950990058835
94.99436742688596,72.91541870254288,0.5647839070373817,0.0883585192533379,0.2621691466008441,26.002425314936616,24.447511195088808,-1.5549141198478083,1.5549141198478083
123.79509473975922,70.77155217246914,1.4149417148505348,0.0270651488099468,0.2831169905708143,56.14856684282232,57.5028876308628,1.3543207880404822,1.3543207880404822
109.81824455420023,78.6511285899703,0.1234755029618532,0.0772071025691494,0.1888636094887967,31.91334927439182,33.224138142796306,1.3107888684044866,1.3107888684044866
122.64413581074167,139.62276351710568,1.285201065840205,0.0875499386717381,0.4701887133654405,24.950818543561503,23.847999007801064,-1.102819535760439,1.102819535760439
119.71358058918092,74.53620559864359,1.8939382334326635,0.0571161961339463,0.1941690309758085,52.94300464859418,55.20274113533567,2.259736486741488,2.259736486741488
88.04005489704096,79.08599739429309,1.72879317748354,0.0323267645946818,0.2614968937811921,18.95138619868311,21.301442750436138,2.3500565517530276,2.3500565517530276
89.15370996016293,84.5507547012482,0.6050622631998719,0.0688790979345625,0.1443884464419796,9.116711073297203,8.80792897505495,-0.3087820982422542,0.3087820982422542
145.1811785423239,71.10230763388404,0.3694678511149769,0.0427208062861686,0.1386128082230354,75.19233663925861,75.11344412881968,-0.07889251043893353,0.07889251043893353
103.19106968813024,124.25812233716312,0.4131759538129536,0.0440682164695886,0.5414518916229673,7.889785049199819,6.988412824146619,-0.9013722250532004,0.9013722250532004
94.37835792823356,56.18717608917484,1.499469504437391,0.0619032378417657,0.2596909445776489,43.39988144492404,44.318857368620414,0.9189759236963724,0.9189759236963724
110.95608219048098,74.83908544353156,0.7348206251724478,0.0967237454407268,0.4841830062467821,43.62472493526346,39.9209237432236,-3.7038011920398617,3.7038011920398617
85.08191093350156,87.84717648136534,1.1335812347909748,0.0475904569459882,0.2635904931263135,10.344257045248064,10.381777982383856,0.037520937135791854,0.037520937135791854
100.97260752881796,73.62314953098878,0.1140475213605454,0.0785609034954015,0.1272807125645305,28.00615131442717,28.0648466400668,0.0586953256396292,0.0586953256396292
99.49116047766606,106.9395726137352,1.779118991579285,0.018885106883668,0.1934791449074795,8.57380127856522,10.625494145177,2.0516928666117806,2.0516928666117806
83.8801169927113,57.48488504855631,0.1011467031666419,0.0965064056893643,0.2230067012086702,26.95362966738009,29.002669794217642,2.0490401268375535,2.0490401268375535
137.8335605887587,56.54425023250539,0.701916009865403,0.0855137202302518,0.4963726810271994,84.71661325000284,85.05579339223641,0.3391801422335732,0.3391801422335732
131.91386377516324,118.8125603584087,0.1152301924406938,0.011771052784612,0.3870836827355469,15.213746516376304,15.551715451810248,0.3379689354339437,0.3379689354339437
89.78785874773685,70.42636021028737,0.2926500038512765,0.0412546064133156,0.3465616124547397,20.797999946844364,21.07985266808092,0.28185272123655736,0.28185272123655736
91.62849285443548,133.7900050860988,1.2681826031615022,0.0238733584253058,0.5320027284348751,11.091824688390927,11.25755547999408,0.16573079160315274,0.16573079160315274
82.82331056783394,58.75728172662301,0.7733162263030001,0.0952979433446981,0.5320218785867994,31.397291406849423,27.756287759282344,-3.6410036475670786,3.6410036475670786
129.2217033155352,70.278749825483,0.4463643172536615,0.0711445537144874,0.4871800507770712,61.41849539420889,61.95617092932042,0.5376755351115321,0.5376755351115321
141.89793255003983,114.53898876694672,1.674869194564244,0.044762027094546,0.4360876355886028,48.80586552814819,48.75277601634878,-0.05308951179940635,0.05308951179940635
125.83057135132933,75.21539621001126,0.7524879537120039,0.087285294489988,0.3064440296100106,55.52415446655968,53.16755629600504,-2.3565981705546406,2.3565981705546406
105.60573351914616,94.5674978657418,1.1710833508805718,0.0447296051497986,0.55500446116919,31.802868816224997,31.265142234404916,-0.5377265818200812,0.5377265818200812
79.60655100389471,120.1758985278943,1.3879327220742073,0.0593225846285305,0.4657281304586269,8.50497170536417,8.58966459555018,0.08469289018601067,0.08469289018601067
109.98679731550472,91.74284172000604,0.482803882494149,0.0657785160526626,0.365843115870369,23.920025967109453,19.726863116166278,-4.193162850943175,4.193162850943175
89.36634140556407,149.34722762576286,1.208944231701527,0.0310637751393071,0.4471246843532549,4.8397322006868535,6.508150129781962,1.6684179290951082,1.6684179290951082
73.32543218225484,143.8036807325721,0.7857748210070834,0.0187484490709078,0.1090314223441871,6.4724912997300854e-12,0.01416424856317268,0.014164248556700188,0.014164248556700188
144.8790497691918,147.5710566283908,0.5914797223679972,0.0797014807061369,0.5202574830661949,24.756761685643013,24.056060523576395,-0.7007011620666184,0.7007011620666184
115.19737139229606,125.9720803062484,1.831247046852478,0.0363416039888973,0.1029003110310635,5.223024387300619,7.385873507942865,2.162849120642246,2.162849120642246
65.3456832108162,50.94833550683752,1.1010855329268854,0.0265039186848967,0.2985433090705346,17.679073481933557,16.816804902450667,-0.8622685794828904,0.8622685794828904
130.13715354636366,122.0573768059968,1.5087988176584464,0.0531684667116738,0.2995910715708668,27.793577515368867,25.707898114001953,-2.0856794013669138,2.0856794013669138
80.11755869973588,85.75638786996049,0.7327725202582522,0.0940904227750833,0.1011949275620054,2.804030144026917,4.122875269347253,1.3188451253203355,1.3188451253203355
76.22743218149849,111.61456264079192,1.8100346855479192,0.0123182033385265,0.2593896950998468,2.48541228618914,3.080685752439687,0.5952734662505468,0.5952734662505468
82.69410243366752,136.27799113025006,0.3177795429511813,0.0817904628548056,0.3352947220784501,0.0388859497969616,0.11451877603644112,0.07563282623947952,0.07563282623947952
89.31952010279223,99.73639202167178,0.9646037475508744,0.0765714213584056,0.2404330707861305,6.994067143995132,7.600881101736727,0.6068139577415952,0.6068139577415952
122.21475187427966,88.51976665764465,1.502474020384221,0.0380529869036407,0.241025852440614,40.0061729397587,43.52651278626442,3.5203398465057205,3.5203398465057205
60.5664684261744,125.2257926473826,1.693488964489798,0.0618836650862033,0.3903788997476507,2.1954239773763757,2.39397585212614,0.19855187474976432,0.19855187474976432
106.10487353667035,138.55616237336667,0.453103863860296,0.0765325083513354,0.5392057405539628,6.774620001692973,5.832579105436221,-0.9420408962567528,0.9420408962567528
94.33200064790802,93.43197722016389,0.8443569289920038,0.0216669025309779,0.3497236223301638,13.21742881299835,13.898111781969384,0.6806829689710341,0.6806829689710341
128.0825833410928,72.02032866812381,1.8970355203545808,0.0291401440882444,0.1939318546240603,60.01092904793914,60.56128448765372,0.5503554397145791,0.5503554397145791
144.34273662502832,78.77502346056514,0.6838667288346109,0.0500083068296264,0.4493275292773736,68.88275468587064,68.94388493660534,0.06113025073470624,0.06113025073470624
98.63721008251476,119.47891023676677,1.1734712351536118,0.0878791133131989,0.2704844485411984,7.994251778821969,8.671443436899272,0.6771916580773034,0.6771916580773034
135.7934913997329,131.09912730552395,1.635255235899155,0.0843794694078948,0.5673593190788908,47.154414939242976,46.616844944517624,-0.5375699947253523,0.5375699947253523
57.37965647353989,108.59691786998955,1.761849283968948,0.0902909021179777,0.424813880656523,4.420025635480481,4.2950059005708,-0.12501973490968155,0.12501973490968155
146.2264078035172,85.8090127794477,0.7269193533465063,0.0588705949615072,0.3186961517646229,64.19344318513461,63.72498307238482,-0.4684601127497885,0.4684601127497885
83.30076330522442,119.32868725572888,0.4720048089384962,0.0948585790730634,0.3166146107326747,0.6983544886112272,0.6389689397207827,-0.05938554889044445,0.05938554889044445
59.28997144941194,110.12079656047575,0.7727011471752531,0.0119080129258626,0.1596403465385344,1.6393820573686003e-05,0.008941409548646546,0.00892501572807286,0.00892501572807286
69.8631613861869,106.99094466892392,1.905882867295312,0.0180567042980504,0.2599278650915906,2.1043349115616614,2.5449748608674816,0.4406399493058202,0.4406399493058202
109.32215701073844,113.57393575301872,1.394505347339419,0.0107690546718687,0.2733777820805042,12.939439471605631,14.951817227785936,2.012377756180305,2.012377756180305
144.6707915033888,51.94558628145466,1.5105404150959016,0.0928826650345198,0.1718683268130253,99.5251504059612,98.4502635953437,-1.0748868106174996,1.0748868106174996
135.33957335369416,53.219014984996825,1.4833208174171737,0.0392085534040327,0.1263591745433549,85.12743017028072,85.26991554024562,0.14248536996490202,0.14248536996490202
88.14410821056089,146.89257827137476,0.8267154035629756,0.0356643306663087,0.4723026391377574,3.123606992042223,3.7640597514376037,0.6404527593953806,0.6404527593953806
102.03922259929624,55.037417142394176,1.485445842710562,0.0589833320958819,0.3718845384458005,52.442018899538695,53.16146027684896,0.7194413773102681,0.7194413773102681
97.78773056530576,96.12653602920992,1.7430218024976925,0.0379941299139148,0.1241501826200016,10.816205362867676,10.296750158122606,-0.5194552047450696,0.5194552047450696
124.47507316299222,131.6609205601075,0.8921916660174442,0.0252243460200116,0.1759377713556788,6.426442482711074,8.696494444725529,2.2700519620144544,2.2700519620144544
88.0668263803919,141.69623507294892,1.7726583638549016,0.0644351089602395,0.1847495911693212,0.8113514650839706,0.6762743977668818,-0.1350770673170888,0.1350770673170888
148.90392417557956,109.72725661438396,0.606811892918138,0.010736091693359,0.5645792637506074,47.666538682741006,45.47263461596011,-2.1939040667808953,2.1939040667808953
121.2394301952988,144.49022747551717,1.1607539630628183,0.0840523862504337,0.2328443147711984,8.280597793572909,9.283464091781427,1.0028662982085184,1.0028662982085184
101.15361942347916,100.33212592453876,1.9924554033431665,0.044629701239437,0.1561359103441317,13.948474595077492,14.292019414396146,0.34354481931865344,0.34354481931865344
102.44363458577492,85.2958727459339,1.8156001628787797,0.0765507274944373,0.4754803175739558,38.93354791437186,34.51151553616992,-4.422032378201941,4.422032378201941
122.88614422699467,112.09664277671588,1.3170099626036418,0.0375031396636937,0.1621437812788484,18.93488779584763,22.611029194818503,3.6761413989708736,3.6761413989708736
63.730003271557024,80.28949428617871,0.5171428580120448,0.0544422567453272,0.1573209071295766,0.1158447235155573,0.8152207864125757,0.6993760628970184,0.6993760628970184
137.19130612805054,83.38195685526011,1.5883302902739946,0.0871409685058184,0.4471082922596824,68.13354116496578,66.42936447046358,-1.7041766945021948,1.7041766945021948
108.68204450735637,60.04636086597058,1.5390729339162337,0.0253311025058978,0.4439739634109548,53.58504425739037,53.83402377429264,0.24897951690226705,0.24897951690226705
75.08930456911025,138.09087649911007,1.5220747862590351,0.043484745224746,0.4751874523911467,5.38119943670719,5.76585897908337,0.3846595423761796,0.3846595423761796
82.82017505376174,121.49957812893834,0.1996345365150705,0.0684620232337497,0.1185967789864907,1.1185629750232517e-12,0.015459002989877825,0.015459002988759261,0.015459002988759261
74.20220799808772,71.68342176929906,1.7009228602858015,0.0825770952547701,0.5351291871420222,25.13623716666964,24.379702291745392,-0.7565348749242489,0.7565348749242489
119.39495905101568,81.90272683733495,1.3435053937236896,0.0506837513046217,0.4369160606251969,47.84007515574632,48.353067556086465,0.5129924003401456,0.5129924003401456
116.36711653626482,146.71156173713615,0.9665726861332756,0.0383720049431984,0.237596826260458,3.381675301417268,5.552064496213084,2.1703891947958156,2.1703891947958156
55.01070299399685,91.25034639001292,1.8244806887147436,0.0310428879265919,0.387405753050932,3.820722867830737,3.2521149242370804,-0.5686079435936566,0.5686079435936566
110.85272726964666,144.25902142769115,1.4251465364036944,0.0324378435477523,0.2302336751731114,4.130830354400207,5.657567209160358,1.5267368547601503,1.5267368547601503
118.9229736362952,115.88428999655017,0.3792158729216926,0.0213099081779901,0.4749531941236339,15.672606364441158,15.057035445260457,-0.6155709191807013,0.6155709191807013
149.41737916817343,51.44990178231579,1.765685631575398,0.0835404279115318,0.3518845886151454,105.07872027846064,100.40383234153602,-4.67488793692462,4.67488793692462
137.09675998625426,70.83114776421746,1.1283495449807517,0.0883563670825533,0.5953777530908986,76.19084598962718,72.44994591545681,-3.7409000741703693,3.7409000741703693
134.01080784392,147.92645980332182,0.4797316058279639,0.079099835184876,0.1343031525865367,1.981872096847738,2.6216347173868844,0.6397626205391465,0.6397626205391465
120.66877084605436,64.3529275071855,1.2555971936950914,0.0810946702947093,0.4165083125561623,63.512075767211726,62.29555134304054,-1.2165244241711832,1.2165244241711832
137.97669379095652,71.27488398485087,1.2454904582699904,0.0295560794603411,0.407448489579458,70.45675845846169,70.57479875311279,0.11804029465109522,0.11804029465109522
92.81756874621504,54.87113956775417,0.8888035315045818,0.0808192871738383,0.1310631921975027,41.74972438386463,41.54517521260522,-0.20454917125940852,0.20454917125940852
57.10245676493266,143.77132836529745,1.6536614914639496,0.0211000735651391,0.5936321870340819,3.910379712175022,4.879742921738862,0.9693632095638405,0.9693632095638405
64.02681616354286,80.8020737762593,0.2213507937990882,0.0325358631592505,0.5256691101810401,1.7338293795793422,2.182553258714302,0.4487238791349597,0.4487238791349597
70.61648446312071,78.5037425062415,1.996001206590099,0.0229969550823688,0.3878191672627648,13.625038158148335,14.68014795119964,1.0551097930513045,1.0551097930513045
117.76111820995942,77.3166604411577,0.6079262411926258,0.0126940247429027,0.1694042542081106,41.04078736273178,43.62904485597342,2.588257493241642,2.588257493241642
133.68634222265922,113.13685291006368,1.7824328840130703,0.0868957593898009,0.2200628928615991,39.0831747482859,37.89162109005588,-1.1915536582300206,1.1915536582300206
55.097206881888994,72.39084411887785,1.7251151036351808,0.082925545352165,0.4042277011957038,8.870782686354492,7.656800263161349,-1.2139824231931424,1.2139824231931424
76.32461748305444,59.86748566611109,0.7238335827344733,0.0730600910690682,0.1271859855555544,19.54763197828216,18.878846899302975,-0.6687850789791838,0.6687850789791838
101.62330979358292,62.92293025617285,0.3478683505287464,0.0508775861768127,0.5141899915232023,40.309200417230855,39.935890097434694,-0.37331031979616114,0.37331031979616114
149.48130293037724,102.6005403608594,1.5376215388651104,0.0387570169712206,0.1334008881862886,52.84240610248693,54.21682873798684,1.3744226354999043,1.3744226354999043
124.08176579321152,122.10458363010784,0.4489377674789586,0.0671464242590251,0.5190428877179729,19.689761088258344,19.373840510081692,-0.31592057817665165,0.31592057817665165
146.17624783454687,143.85920633819313,0.327702268569186,0.0142793893662854,0.2920364096964988,11.205825631232967,12.094712148262623,0.8888865170296558,0.8888865170296558
82.4511800175342,73.68607094403589,1.8865502814666295,0.0472587535925744,0.1387007881610091,16.105531658813945,16.568085021052074,0.46255336223812904,0.46255336223812904
90.84187074986926,73.11669594154152,0.7932915837426611,0.0428205619652294,0.1769145689017325,20.46473200935208,21.811101827978916,1.3463698186268367,1.3463698186268367
104.60913252963924,67.5380962943985,0.8735195937089588,0.047503616600388,0.5388034301950463,43.52892429559333,41.01441863625537,-2.5145056593379564,2.5145056593379564
62.155662951826905,137.92776240819134,0.3165121012926739,0.0864593002439518,0.2349952849251456,5.702000167804116e-09,4.933459710049391e-05,4.932889510032611e-05,4.932889510032611e-05
147.46092108632416,129.4431434569022,0.8256981529434743,0.079166032254795,0.2076699630856658,28.16118538949334,27.368259086856366,-0.7929263026369746,0.7929263026369746
71.55011558337655,105.70758295842884,0.7244884037972129,0.0433564207374172,0.2945639674935517,0.730237059306658,0.4655824451953474,-0.26465461411131064,0.26465461411131064
93.37844022073728,111.19591429908388,0.7111923365797493,0.0296308886250224,0.1121159064685132,0.2091088806114651,1.638366352152596,1.4292574715411308,1.4292574715411308
149.65567392347492,78.45038475135286,0.3589479537281729,0.0178337457330511,0.5376236045219565,71.97921013678202,71.3074581604744,-0.6717519763076183,0.6717519763076183
102.30654247691191,94.9138537144465,0.137291916497077,0.0199598121562765,0.5785536356355007,12.776705093529038,13.794441932248422,1.017736838719383,1.017736838719383
55.99792721915164,67.35746218476245,1.7176827284028873,0.0453257637356955,0.5125320128041408,12.59106540919477,11.721759144255385,-0.8693062649393841,0.8693062649393841
104.21956448860736,64.77970613752608,0.2689180423549854,0.0890501155910856,0.2996491842127925,40.97493373737494,41.793646982453474,0.8187132450785342,0.8187132450785342
84.24725562358289,82.71092165725699,0.3298712736610052,0.0755313512327637,0.1763666678712975,5.416479982618071,7.111823501587546,1.6953435189694748,1.6953435189694748
112.5866109615368,127.22064516915631,1.077873751099505,0.0725747021066622,0.4423022528788883,18.46848066580469,20.125749858373105,1.657269192568414,1.657269192568414
86.92807702155412,83.61294220280871,0.6772343349729412,0.0743068939098461,0.5837041740033656,19.771060695949156,15.835244816849908,-3.9358158790992483,3.9358158790992483
132.2144879570373,93.08876185521451,0.4228732566572247,0.0841616952886565,0.2256559937302234,42.40144456189927,41.63502615122729,-0.7664184106719816,0.7664184106719816
116.91541555348508,136.5143981437803,0.8086274636055872,0.0917231414469715,0.5600756564530961,19.60770089227305,19.720749868539123,0.11304897626607158,0.11304897626607158
111.0376059781692,139.26660158229168,0.8087332956022493,0.0525597336835164,0.1373025904755616,0.4497585793431753,1.1817076597999099,0.7319490804567346,0.7319490804567346
111.5298025069802,81.74053291589692,0.2905575470900234,0.0880276483763124,0.5456010075991631,33.585165976003466,33.56615899392113,-0.019006982082338197,0.019006982082338197
70.03603040034503,105.85917308556444,1.4399647103789766,0.0647617334764062,0.388313487376576,5.513953408086831,4.642168566555356,-0.8717848415314746,0.8717848415314746
78.78343403015117,138.01901943360747,0.2768549686850249,0.0658262063507018,0.1508719048005908,4.78024991108448e-12,0.0001766373789389701,0.0001766373741587202,0.0001766373741587202
96.710369231427,54.41643886239766,0.4149479496891343,0.0689054528305478,0.3886266809987806,43.87454815419121,44.77912510848673,0.9045769542955213,0.9045769542955213
119.34258420162736,87.85815445120943,0.060886673695492,0.0703300129955067,0.1604043729073768,31.85984809911413,34.7822680728297,2.92241997371557,2.92241997371557
53.57109490281431,146.63262632072687,0.3741504987793348,0.0834098631423024,0.5463063961027074,0.0145711211700142,0.0843019719654273,0.0697308507954131,0.0697308507954131
131.4671004709989,51.68671817348587,0.816537414139143,0.0226277955392562,0.2859289843033874,80.72717909287965,80.19130710281888,-0.5358719900607696,0.5358719900607696
79.80662011700042,120.86306979709836,0.3458004474979796,0.0455640301334971,0.3823804666777705,0.3307845493553905,0.33274372375558453,0.0019591744001940525,0.0019591744001940525
144.92811717559837,112.41381582781018,0.0734678898822435,0.0500147425876866,0.2311107590763808,32.92663958092362,35.119899474761,2.1932598938373786,2.1932598938373786
109.26780659137457,85.00758048335615,1.752601717939133,0.0892700131046001,0.1606034940465019,36.77155130036452,31.808089757057072,-4.963461543307449,4.963461543307449
129.45522944217055,129.4179964878631,0.8384781909214758,0.0456728555276286,0.2823191182001239,15.656246906508237,16.81712391889817,1.160877012389932,1.160877012389932
80.05911227809185,64.86817618224603,1.2584012800708897,0.0881850942294781,0.1584785951729439,22.173617377643986,20.80039714318227,-1.3732202344617157,1.3732202344617157
93.1767538198558,95.998378959904,1.0116551802120008,0.0547125949404215,0.3390160206570162,13.663425277447658,15.681678761564438,2.01825348411678,2.01825348411678
133.45719568709472,84.60730917748057,1.6622232919690814,0.0727905618952768,0.1339462967221112,58.4936919416249,58.899369999559845,0.40567805793494216,0.40567805793494216
103.24709078838974,119.82869266305916,1.9016865554442164,0.0462917642658388,0.1887461082659059,8.083307317935052,6.970683266201566,-1.1126240517334862,1.1126240517334862
68.64168552101847,54.331601945501575,0.14061548096694,0.0364406452584978,0.1596459666179186,14.58780020894104,15.66117126226421,1.0733710533231697,1.0733710533231697
104.09050038380808,100.39819256863626,1.8623892039580736,0.0508807591168006,0.287239349725443,22.39311818444068,20.85573350366853,-1.5373846807721492,1.5373846807721492
86.16660831950428,73.85705239456931,0.300408656801107,0.0873868616402668,0.4708440705440651,17.11736516168166,17.72376487405928,0.6063997123776197,0.6063997123776197
145.58117431743744,68.38552764033031,1.7543799041476116,0.0110256030678664,0.3793903502829093,79.79695416833789,82.36242673291082,2.5654725645729286,2.5654725645729286
98.48587397161036,81.23972838671949,1.4254394897298468,0.0408822821485101,0.15904521949022,22.56148551703677,25.4125985201289,2.851113003092131,2.851113003092131
53.21197560678145,105.56855427906171,1.566535195929527,0.0871282848297977,0.4370992811447672,3.099708108428988,3.2268001125862704,0.12709200415728228,0.12709200415728228
98.32942849663252,121.71713920582678,0.6857228377209345,0.095223608319635,0.4641455176904326,9.502908843601624,8.970974655914059,-0.5319341876875647,0.5319341876875647
106.26554229027424,89.21334325530671,0.1160660548882589,0.0670460000362555,0.2889288432853787,17.86185546819189,20.6784847529189,2.8166292847270107,2.8166292847270107
59.39007157894184,56.90344167976665,0.2425436601392621,0.0187476599925209,0.1828531481005812,3.7369762048219712,5.143736780350076,1.4067605755281045,1.4067605755281045
87.11724234376275,116.07289701491744,1.0339242451398387,0.0307092090853328,0.1723476114668767,0.5596063993147151,0.7438053534037894,0.18419895408907427,0.18419895408907427
125.88681344179496,113.2549444618556,0.3325584158303058,0.0179067769860021,0.5059727558981001,21.47536321566044,22.38925385754327,0.9138906418828299,0.9138906418828299
115.2256517773544,58.02645905252476,0.9948926401849524,0.0572775483627467,0.580233601151601,62.51922874498355,61.12366543457876,-1.395563310404789,1.395563310404789
76.54964074290723,70.46689475939475,1.9053123382517805,0.0275046740935641,0.5407557210630887,26.033498562089623,25.779253541385465,-0.25424502070415755,0.25424502070415755
131.0603848260161,119.0666389761429,0.1734202880216698,0.0798402874231764,0.4283731339916597,17.26207783855037,14.288127654282428,-2.97395018426794,2.97395018426794
60.88816160311657,77.32068882307289,0.2959011324069509,0.0653607726427183,0.5101286690914124,2.2886781657170445,2.9157615882499477,0.6270834225329032,0.6270834225329032
67.25238769463621,127.23409755538424,0.6774684555196089,0.0244489569726343,0.3520502585596436,0.1512394854564605,0.16046844676534386,0.009228961308883371,0.009228961308883371
122.66709920703232,137.98567688426544,1.393583088346623,0.0512033140444909,0.1653801351581798,7.129877729092641,6.7768554696852785,-0.3530222594073624,0.3530222594073624
117.7081971951108,90.56714528797438,1.247222899317392,0.0342540877728992,0.5914655372058191,44.56978409329822,42.56725903534452,-2.0025250579536973,2.0025250579536973
86.25597965590946,124.6846974893977,0.7892167166646737,0.0611658872030992,0.2943111450838541,1.4032567045857025,1.2737811303026025,-0.12947557428309997,0.12947557428309997
139.04222037791652,147.71031403876918,0.455016826939054,0.0593634102114946,0.3874446615181669,12.455719025544596,13.274340979588182,0.8186219540435857,0.8186219540435857
77.22188008397757,126.3269835600954,1.834217356216241,0.0702469390050778,0.1660509719365047,0.4642723279902112,0.3471715891235245,-0.11710073886668665,0.11710073886668665
90.45195244582352,67.62328381509168,0.4236957815146036,0.0882753855357738,0.4761283716146296,27.06600469876464,26.271543546786695,-0.794461151977945,0.794461151977945
148.806794196115,87.70918378250826,1.9308975439552936,0.0995229220252209,0.4215898297204336,79.5437748807701,74.30228814012473,-5.241486740645371,5.241486740645371
61.755724912093655,123.30471858915836,1.882847690595686,0.0123949955551346,0.2024555476981243,0.063687537506555,0.07184573136499466,0.00815819385843966,0.00815819385843966
94.20334209311235,95.75671235723014,1.3045990117970083,0.0998618373905196,0.2279384108462986,15.167095021163192,15.835935148982276,0.6688401278190845,0.6688401278190845
106.66017175404896,66.35794093173175,0.3259374589801557,0.0535526779123454,0.2803892275440748,41.45435803912139,42.54435963398347,1.0900015948620805,1.0900015948620805
119.85982867270393,75.86371678680936,0.763880147546554,0.0501583131991675,0.4325754110371965,48.40100988421985,47.88221934566956,-0.5187905385502916,0.5187905385502916
126.33906784413595,58.73453751365899,1.121144714051555,0.0342875117806669,0.3766301468057745,70.08858263343416,71.45415550539279,1.3655728719586335,1.3655728719586335
57.41761955943122,136.42747603407085,1.2001709175668942,0.0203893617578295,0.2019385697494553,0.0003255672496427,0.0034123991387825683,0.0030868318891398685,0.0030868318891398685
110.40049977395,115.15296853650074,0.1870344061502807,0.0557416201498423,0.1539332161814606,1.5314295697468694,2.619142354162672,1.0877127844158028,1.0877127844158028
113.31786748957722,70.43996188759394,1.1579948110601606,0.0239252821183003,0.2253540261009098,44.94996747743828,45.8527969569619,0.9028294795236249,0.9028294795236249
130.55808264412337,92.72719065033527,1.401633677411303,0.0536024451589355,0.310385820192436,47.00414798096938,45.578578052758544,-1.4255699282108338,1.4255699282108338
137.2394563354815,99.12632560812118,0.4343795583091419,0.028101486728131,0.5617543541563536,43.49058803225368,41.2377072131063,-2.2528808191473857,2.2528808191473857
142.99217631456648,81.0432991978305,1.6886388161265495,0.0910143087986138,0.5022243386916171,77.75900287159985,76.50810938312883,-1.2508934884710214,1.2508934884710214
149.43303026857149,125.65147240490596,1.6553604016355554,0.0571793012264461,0.4526932213468532,50.81026277671317,46.74939471126752,-4.060868065445646,4.060868065445646
102.01602230243957,101.38497435202164,1.6957267276739854,0.0313358280452285,0.5253022486251407,29.554460721845476,29.86753779090959,0.31307706906411426,0.31307706906411426
132.16368977104716,84.91554014678519,0.8924108172667279,0.0199250806026635,0.4981045792025805,52.96286434208076,53.859764945843104,0.8969006037623402,0.8969006037623402
93.69958856656208,134.62773724729192,0.2621803524755675,0.0915882311245342,0.3562337720271847,0.2503368506642101,0.82921583476597,0.57887898410176,0.57887898410176
98.74311982495136,119.66664676636618,1.303583483558422,0.0140078103098756,0.1823614381819938,2.5238070238054284,3.4751001475693117,0.9512931237638833,0.9512931237638833
111.34113892107078,149.40559567681134,1.2032207261871348,0.0900872212934533,0.2351446658969776,4.33253062523622,6.213036644487814,1.8805060192515937,1.8805060192515937
126.3997049319543,113.0652681596854,1.1934019285746404,0.0650304053979233,0.1931191501573024,24.22205336011659,26.61790171114532,2.3958483510287287,2.3958483510287287
142.80836403260497,88.97441836269749,0.4043725448860863,0.0396522272929514,0.550994692048046,56.68240063517318,57.25932052843838,0.5769198932651989,0.5769198932651989
51.77851412624834,101.41367183318188,0.0689624682189672,0.0895960437274838,0.1017626135560556,1.5848881352782948e-138,0.0073918172711010905,0.0073918172711010905,0.0073918172711010905
138.77515246716882,96.5838638919246,1.9852939339994915,0.0245074938091264,0.2182880497944574,48.22903036707429,48.188064378861256,-0.040965988213031324,0.040965988213031324
125.71505803074392,108.20309197786348,1.435231511259697,0.0701621636877326,0.2414838003993715,31.28000066159366,30.53575769064834,-0.7442429709453222,0.7442429709453222
55.14258134842503,139.99665197961906,0.5969907457147356,0.050294040690465,0.3113247650487792,0.0004378770170674,0.013411451658908452,0.012973574641841052,0.012973574641841052
79.61767655589985,72.28392552419349,1.6205150685967782,0.0724156885405493,0.5413288102129864,27.951363955767224,26.383926376869066,-1.5674375788981578,1.5674375788981578
98.95395420941544,75.14991370562387,1.353746385798111,0.0518348966602079,0.149994696304041,29.02681279693404,30.65142324661764,1.6246104496836011,1.6246104496836011
119.37412986983286,112.36669082566247,1.3980206849698482,0.0534056487149835,0.1634464566783426,18.167409146969305,19.63408127503718,1.4666721280678736,1.4666721280678736
52.26868421824476,55.69824535104524,1.5166055258620166,0.0916783675361067,0.2085220955171356,7.265582014156124,7.0536201106745136,-0.21196190348161004,0.21196190348161004
103.71065418185478,114.49822620531418,1.041865280151205,0.0276473244910455,0.1331531155263865,2.812186225264405,4.842958778920697,2.030772553656292,2.030772553656292
143.24439783773508,93.72149690046685,0.660664351336891,0.0547439973836295,0.4808795651350925,55.42943082219468,54.46519026294482,-0.9642405592498591,0.9642405592498591
97.16263651952616,97.0119766066469,1.381069195824988,0.0718903360483621,0.5989595335481754,30.35917894430124,27.917997140699445,-2.441181803601797,2.441181803601797
148.04616351098306,80.91833990950363,0.7065046924704499,0.0914790780092474,0.4151858242710637,72.57950396590216,71.96736573470469,-0.612138231197477,0.612138231197477
112.29665835634827,84.3982976061097,0.6239097233541174,0.0263194822271645,0.3245128552513446,30.716599367567824,31.785333972697934,1.0687346051301105,1.0687346051301105
79.40397100399991,100.77539846326034,1.4794040485710576,0.0817980590441199,0.2644593683247804,6.536712443975095,5.932222581490052,-0.6044898624850434,0.6044898624850434
69.92196858370765,90.8293393789216,0.5545825608763063,0.0281897922980778,0.3245630218915789,1.5323706308337552,1.8363900178886994,0.30401938705494413,0.30401938705494413
75.23119270696871,143.0965115016544,0.296515967455519,0.0149992974646002,0.3775500549406693,0.0055452010387344,0.07837907764084438,0.07283387660210998,0.07283387660210998
76.558759830736,113.13753076041544,0.8240760003897751,0.0206762955140517,0.3673606076755717,2.010959235430793,2.2385672751855235,0.22760803975473065,0.22760803975473065
87.14633393344715,141.8108970034142,1.7651007050838614,0.0649570309563929,0.3783805038453856,6.909695767985912,6.149593026297027,-0.7601027416888853,0.7601027416888853
133.81549749886426,87.35246278123827,0.6882143723651215,0.0656561117329886,0.4250318840225092,51.87045994307036,51.561571875816846,-0.3088880672535126,0.3088880672535126
149.178635528793,82.32769224681618,1.6866538729625369,0.0264744396216699,0.3275039693502232,71.7675302025524,73.53535044614448,1.7678202435920838,1.7678202435920838
95.56495494398774,50.44794769197076,1.3769797636041283,0.0141695132995966,0.3513727027592491,46.7454182202068,47.27586176198429,0.5304435417774869,0.5304435417774869
65.3749312102918,132.73269707849408,0.4532128938890633,0.0837143181189995,0.5847084174092937,0.6441342187890817,0.5753447520777537,-0.06878946671132802,0.06878946671132802
73.92110880342187,139.3807025387494,0.9016994156779836,0.0970608499093989,0.1937584200630035,0.0075292819964969,0.053084737467402825,0.04555545547090593,0.04555545547090593
143.908130488702,87.81655796976892,1.8716003506165104,0.0807925563308257,0.4105288673782252,71.96623909808295,69.78380209314562,-2.182437004937327,2.182437004937327
53.03538055330043,80.3739822629848,1.286185612159455,0.0729473239646391,0.1779100818261929,0.2941958410943899,0.5161690522112171,0.22197321111682722,0.22197321111682722
53.320310879136656,59.5262065625456,1.6677289470439565,0.0348181877772347,0.2356192060107847,5.291737721581097,5.753500967998791,0.4617632464176946,0.4617632464176946
75.30844032214269,72.40396433270176,1.987783829174748,0.0446951075655907,0.1627079687670846,11.970605440384077,11.833682364797824,-0.13692307558625316,0.13692307558625316
130.304552467588,135.72766360412896,1.9248807440054625,0.0137184755650446,0.5881569113633786,40.63312118727655,40.77575120889942,0.14263002162287108,0.14263002162287108
89.50763253881925,138.416510384679,1.6748777659229386,0.0618879937631894,0.1088287810260531,0.0456547904684658,0.32883599379162565,0.2831812033231598,0.2831812033231598
101.31415015132772,99.57924232990392,0.2749882887276128,0.0904152120395101,0.4222459761264353,10.99442135381689,9.89611795818011,-1.0983033956367798,1.0983033956367798
109.63798327023656,137.70745816606188,1.2987921424714948,0.0249806606155249,0.5412774602340841,19.00428368319425,18.610439996947946,-0.39384368624630284,0.39384368624630284
123.66567352187904,128.47466461227506,1.4050375841794145,0.0478214491698237,0.3299652340119196,20.720749702051336,20.3769284412573,-0.3438212607940372,0.3438212607940372
90.38871173236046,112.52628972772692,0.0758547480267084,0.0326639619706153,0.3810128815983423,0.0753975585134865,1.118346778884341,1.0429492203708546,1.0429492203708546
76.00480402524339,75.20569285440467,0.2423635503683536,0.0953704231405794,0.3554986022245503,6.566871546756438,6.613095984816817,0.04622443806037868,0.04622443806037868
51.31221255616335,75.77670756051216,1.7994187520179032,0.0899654477888904,0.1265660205096315,0.4045604519159065,0.890152431594431,0.4855919796785245,0.4855919796785245
81.85630981259897,100.2325304927572,1.3258853538937885,0.063912759154863,0.2946951720640328,7.292639189197679,6.130790434381392,-1.1618487548162868,1.1618487548162868
126.7233394159223,63.0403884980349,1.9362557871850548,0.047283338056259,0.2202112453073263,69.23888813825977,68.58727786486848,-0.6516102733912845,0.6516102733912845
141.06125073726054,102.71920710877784,0.4800667941176301,0.0139016545665839,0.4608113813283896,42.10519511895451,43.30381328993225,1.1986181709777384,1.1986181709777384
121.845394732255,90.12291809806058,0.8624016231837879,0.0387738069205947,0.2335874796176221,35.27530702775633,36.6378762223869,1.3625691946305736,1.3625691946305736
67.07545509961965,128.77189431349657,0.0980205261263796,0.0949560549808755,0.5031896078026128,7.230266193908015e-05,0.035726736615560535,0.03565443395362145,0.03565443395362145
54.4860557627717,81.77743750266913,0.2250138340628009,0.0964262344648577,0.4562220928961765,0.2156565114536244,0.5773780925109578,0.36172158105733343,0.36172158105733343
51.81240410457298,68.06365509475324,0.2617190901575551,0.0731759525643927,0.2387909918592669,0.0495169349199728,0.4838684211807793,0.4343514862608065,0.4343514862608065
111.17207462343522,125.911909558426,1.867109021440359,0.0680710868783243,0.1404779560250623,8.633969896128988,6.2075498204184205,-2.426420075710568,2.426420075710568
93.60704802193126,131.49993898456,0.7923596947418131,0.084904089045825,0.5801564386943139,10.309303415387529,10.196214817135202,-0.11308859825232709,0.11308859825232709
148.26882395913256,84.66903770292518,1.803606159152032,0.0898668430488688,0.1662169647480393,76.27257794875398,75.65436765314004,-0.6182102956139346,0.6182102956139346
139.47018610241838,108.06460682211952,0.6894845913372338,0.0802433680820923,0.39327767952209,40.758456997170114,38.169473579465354,-2.5889834177047604,2.5889834177047604
142.23077754835847,52.74860462877038,1.3510237781839558,0.0944040361835282,0.4729034072967821,96.13205396866786,93.30372706397954,-2.828326904688325,2.828326904688325
127.01595230861524,80.00508360838074,1.8310009092335973,0.0638745072964624,0.510588463719113,62.96048092494452,60.84243225760009,-2.118048667344432,2.118048667344432
68.51955678674679,81.40003756121267,0.6925527287240116,0.0144727374674486,0.1350920548566691,0.2781018572679601,1.2057920110110485,0.9276901537430884,0.9276901537430884
145.31201143941377,115.77106691553423,0.3520528779286823,0.0499661719650634,0.3495892553793014,33.11111373878818,33.960575203378454,0.8494614645902772,0.8494614645902772
83.26565998208915,121.88173469272648,1.27406869436899,0.0155260473043057,0.2664627683596783,1.6668322749169755,2.1793382693958367,0.5125059944788612,0.5125059944788612
53.59898288686679,123.3854824968228,0.1273208123899559,0.0571096676132696,0.1720713443039229,4.819781244572076e-42,2.0090286681125002e-05,2.0090286681125002e-05,2.0090286681125002e-05
133.27790710232946,117.84971974719622,0.6188026387943095,0.0463060686382519,0.1870538851033444,20.182414511285344,20.79963309261168,0.617218581326334,0.617218581326334
52.9771907407132,136.6587457371519,1.5082329077779597,0.0413419626575177,0.5640425228467013,2.615201731488237,2.710132139558938,0.09493040807070097,0.09493040807070097
88.15276946603112,125.25153234593546,1.3689203638904035,0.018482155290123,0.5679118520364093,13.458103860542224,13.837621453980022,0.37951759343779834,0.37951759343779834
75.81334327011275,106.52924095178976,0.1307664885040801,0.0350935587965568,0.123024150909067,1.1775319400354702e-14,0.028005811760103565,0.02800581176009179,0.02800581176009179
110.9697425152616,137.7464949671778,0.4971526145846045,0.070264266423991,0.2776518436394917,2.2715416618512414,1.542414445422959,-0.7291272164282825,0.7291272164282825
71.71441578399188,147.1937992570468,1.3840955244833548,0.0682319184067821,0.3005315618895139,0.5314393880919135,0.7786379252513631,0.24719853715944962,0.24719853715944962
83.52080473708727,113.00731498609493,1.100300017931795,0.0795972268850423,0.5996876774127934,14.367472834868328,12.173695931383174,-2.193776903485155,2.193776903485155
73.28585568760943,146.1915301411288,1.5986913226018975,0.0290223652806145,0.2708146592380941,0.3973897053789135,0.7033657745800235,0.30597606920111,0.30597606920111
106.5817992859468,80.7827789259334,1.92760022293001,0.0201588695578849,0.3839595053649275,37.00104128950943,37.79180075605896,0.790759466549531,0.790759466549531
136.070203254215,91.6859820175984,0.7654166052132588,0.0263055593821602,0.3432848422813158,47.46977057878526,48.16492634267189,0.6951557638866319,0.6951557638866319
135.9665547666475,63.88722279159336,0.83939879104031,0.0481983316461486,0.4473993266442202,74.97791968546343,75.62094434419855,0.6430246587351149,0.6430246587351149
75.99049792428329,134.97816987402305,1.7835705118847138,0.023153127165469,0.2703309719983365,1.0932589498691216,1.7330139270059188,0.6397549771367972,0.6397549771367972
128.076158606844,134.5725232912122,0.3803762933849506,0.0929301167152284,0.1818438442322011,4.902535505754855,5.264872627588177,0.36233712183332223,0.36233712183332223
147.20489647757142,120.94269032949428,1.2675196614627062,0.0870006669751109,0.4037559137785778,47.323149772507605,43.76827100697563,-3.5548787655319742,3.5548787655319742
87.14339506467323,53.53166085948836,0.9643888597528186,0.0436385901373109,0.2511072321125652,35.91095713411451,36.56841884862623,0.6574617145117188,0.6574617145117188
82.99300208424748,53.09925799408348,0.3126464184165263,0.0756918140014138,0.2390440707975572,31.136050083156263,30.606893764835835,-0.5291563183204282,0.5291563183204282
103.33381148925722,79.12707158350116,0.855905289244544,0.0917378100131319,0.5149934758250215,35.76288634396795,31.871560277523688,-3.891326066444261,3.891326066444261
106.52263811708306,81.85794531658388,1.812217555276397,0.049519305615875,0.1163279349590996,31.74886931271368,34.61317609548769,2.8643067827740083,2.8643067827740083
93.07166216080104,90.6589070875909,0.6034934234665337,0.0884363297907827,0.4711928539625036,16.863569772982352,17.44957551519208,0.5860057422097285,0.5860057422097285
77.99875494540973,93.03953268743156,0.1653454350903466,0.0609159360895685,0.4673004092580763,1.6884373579625809,2.893675929749395,1.205238571786814,1.205238571786814
102.03463368715742,98.87584100365686,0.3429249977643481,0.0340452372463312,0.1240181246460628,5.541699434363636,6.7003070139920675,1.1586075796284314,1.1586075796284314
109.76821280278077,58.41265040233983,0.4181790993622973,0.0575803409187228,0.4007750582706547,52.78279643180861,53.214462576063944,0.4316661442553311,0.4316661442553311
92.9673363355148,118.31978506849973,0.8429200539706939,0.065525046357749,0.2133229927328407,1.8265849092427155,2.23387127730434,0.40728636806162455,0.40728636806162455
109.0892943188242,134.6725408789861,0.1625280576197566,0.099082771957696,0.1364878194426886,0.0003347754431399,0.1246050686243512,0.1242702931812113,0.1242702931812113
122.53716002348575,101.09918499799178,0.594666386087035,0.0422400483328382,0.1473217136875823,24.078794467479824,25.08256134928969,1.0037668818098666,1.0037668818098666
58.00634025289656,122.86421891840617,0.8327115143106543,0.0418453567870042,0.2625246323170351,0.007889386580681,0.021837713763079122,0.013948327182398123,0.013948327182398123
109.11303032585164,122.47826567743876,1.4402799239746948,0.012676486389931,0.4665087158981129,20.08121703073377,20.759506624728907,0.6782895939951352,0.6782895939951352
107.2772509737109,144.98949800186242,1.3588566949909169,0.0546997444822303,0.2871280001164431,5.917719350816824,6.946341888952485,1.0286225381356608,1.0286225381356608
73.21785501836051,116.70530032700444,0.4847506267413396,0.0946700179786745,0.1472658634395179,4.235798828525531e-05,0.004448651839040569,0.004406293850755314,0.004406293850755314
134.63487798664232,94.38315052920652,0.2886771888429024,0.0618462319339997,0.5789300836906127,43.85832630748831,41.658455999078555,-2.199870308409757,2.199870308409757
127.15464573123776,89.47820662702182,0.8828398582345522,0.085216662486444,0.3284401326535926,45.359020323577866,43.449748581083256,-1.9092717424946102,1.9092717424946102
139.32361472099467,142.40901299302698,1.2152399994464853,0.0179021061909325,0.10027135112425,6.130866169527053,11.090570231213363,4.95970406168631,4.95970406168631
89.41332428283118,116.22139737909238,1.14452808311458,0.066479766383583,0.1655289890869447,1.3090364444325804,1.763261322641767,0.45422487820918667,0.45422487820918667
91.04987136973791,114.61901695332372,0.2629077523187382,0.0500625225018074,0.2120663020751953,0.0945789828504755,0.3318625851707518,0.2372836023202763,0.2372836023202763
132.0627393419037,67.73667708863996,1.8979350692249728,0.0482819884740106,0.4282961609393467,72.67939557817056,70.84349934155867,-1.8358962366118874,1.8358962366118874
71.20812374773777,112.08882691817476,1.492035635349647,0.0543122059239111,0.5695124502920872,10.81659230252317,10.228836766195775,-0.5877555363273945,0.5877555363273945
121.82379949812842,139.38312266502624,0.901461414769812,0.0201940822874976,0.5128912984003661,18.05290082563362,19.40537439356413,1.3524735679305095,1.3524735679305095
75.64183695754207,74.37761776359872,0.4494700453775476,0.0883284736242048,0.3320808375896409,8.808166708425851,7.660038925897143,-1.1481277825287082,1.1481277825287082
108.3713587731364,118.95972903277332,0.1662858756749222,0.0924071390781118,0.2734127037431134,1.7984829509031144,2.2310001916200033,0.4325172407168889,0.4325172407168889
130.37549475691907,143.5462737507819,1.7672685380673594,0.0274746826096804,0.1235897810030348,5.925500919616383,7.832549440394141,1.9070485207777583,1.9070485207777583
51.91448679968367,95.32321650999272,0.216399315483373,0.089020913753363,0.3152663107070163,6.901292386271574e-05,0.02791197771647705,0.027842964792614333,0.027842964792614333
54.58520183747015,52.301951617775245,1.164765634728486,0.0123427312207176,0.3031695773187831,8.515262788104202,9.008465451625238,0.4932026635210356,0.4932026635210356
129.90103713523587,112.46555252885504,1.4613153875427891,0.0507925860539564,0.4487876445347513,39.73391311721432,41.776177839886124,2.0422647226718027,2.0422647226718027
130.19462757417753,138.22069727719355,0.0940888535396999,0.0495047500796613,0.272215117080546,1.7050092081927204,2.6232518934972315,0.9182426853045111,0.9182426853045111
120.80237839979118,66.49067438467002,1.642698607260748,0.0587250282901718,0.3028910932342691,60.90878469312899,61.34614813796206,0.43736344483306766,0.43736344483306766
59.85150734685338,127.70140130618198,1.093121566568265,0.0928454140716483,0.2147042511113222,0.0092555032042445,0.05419919955213778,0.04494369634789328,0.04494369634789328
133.63785774103994,86.77775931154159,1.7209405688467094,0.0788084614517559,0.2242098632938352,58.16679996777786,57.69915327924948,-0.467646688528383,0.467646688528383
120.30189588951778,67.80159472215263,1.5314673758547326,0.0422978684791788,0.576695864340942,62.84524568613508,61.928468061061515,-0.9167776250735642,0.9167776250735642
65.22282139168668,110.50245972029414,1.8211407932109265,0.0566863695509492,0.1778931289988028,0.2990967545405096,0.2605052034823541,-0.03859155105815548,0.03859155105815548
90.16531257643804,104.1100051727418,0.5423752122222036,0.0792404480155851,0.5992162524793634,12.222185361100834,10.720973524067718,-1.5012118370331162,1.5012118370331162
149.15942356641668,95.71029926424934,1.3991195635522942,0.012253083701116,0.3683383941788694,58.86533536061728,58.604863598266576,-0.26047176235070424,0.26047176235070424
55.73918436882735,147.548449335038,0.2083919842695771,0.0791558831736337,0.1062040887814743,1.100705904308634e-87,1.9525864024089987e-05,1.9525864024089987e-05,1.9525864024089987e-05
116.18905547009004,75.3950241864936,1.0169440172230968,0.0441405919072433,0.2633486158491077,44.45036416114418,44.2308827422272,-0.2194814189169776,0.2194814189169776
60.64817632847064,52.287794522190346,0.7883107034029153,0.0967816804215237,0.567343980862851,17.98082406676538,15.825342421478359,-2.1554816452870202,2.1554816452870202
112.4700669406608,119.55475844155292,1.2046735008310476,0.0722924694789836,0.5303986649052822,26.893907952564653,26.83073969528596,-0.06316825727869357,0.06316825727869357
137.0196690492242,66.69863529424923,1.3205435656522244,0.0681810714699297,0.370872464913615,76.48638943710608,75.69497772598676,-0.7914117111193235,0.7914117111193235
131.90635138616562,100.88516452498814,1.998264463553592,0.0214597274088226,0.5969865041012468,57.3296865776602,54.09331480966818,-3.2363717679920185,3.2363717679920185
117.2702994208898,102.32470752399796,0.1228252424181792,0.0146732016467749,0.1603376884328128,15.143854183925626,16.589484412527266,1.4456302286016403,1.4456302286016403
87.48249243499977,147.1650497931605,0.3726132214247849,0.0670582223295213,0.2288116318851759,0.0007630369102372,0.021084183442970507,0.020321146532733307,0.020321146532733307
118.46716274158618,68.44193267940072,0.1897789412636403,0.0958405595078152,0.3459264999466145,51.25910362511421,52.24270245668805,0.9835988315738433,0.9835988315738433
143.19127325974557,99.686385574474,0.9537560453075964,0.0112076523249648,0.1835611920415586,44.71000701145667,47.913562202417175,3.2035551909605076,3.2035551909605076
133.0622760431791,53.06505907072325,0.387752146643084,0.0855997600396779,0.478715107961119,81.73421563596781,82.31064397945718,0.5764283434893684,0.5764283434893684
101.27498997939296,107.70687157060284,0.2597575450665803,0.0166676850600469,0.1105376244564702,0.4742237788143519,2.808870626424588,2.334646847610236,2.334646847610236
63.03179880912909,62.83495624335247,1.8918530857903308,0.0402159606729737,0.1480925395850029,7.684392760985979,7.472613142541025,-0.21177961844495385,0.21177961844495385
94.20662131180752,63.30982688294109,0.4013122593902318,0.0484569890037518,0.5252092232015447,33.38320198256724,33.56039549532046,0.17719351275322026,0.17719351275322026
91.41410682156662,129.91443889716635,1.6419160484184705,0.050296325153648,0.3936795132789066,9.743974745222818,10.277312839680743,0.5333380944579247,0.5333380944579247
74.87142725876299,51.43673591833896,0.521921428055631,0.0361444742283638,0.20787874905229,24.40836005464071,23.867115207073205,-0.5412448475675049,0.5412448475675049
84.68073993179038,102.79441676598088,0.7326198583269239,0.0755709783550184,0.2706828898395532,3.5469801237489555,3.9220745289160437,0.37509440516708814,0.37509440516708814
104.07937549855444,79.79745523466443,0.8020660100214294,0.0658806144111951,0.381653337466026,31.236207545997,29.994752175557206,-1.2414553704397946,1.2414553704397946
140.65306321194893,139.26449397971086,1.468732709070732,0.0443275583164432,0.2539175599784967,22.147215366047742,22.91947684447764,0.7722614784298969,0.7722614784298969
85.39058262568588,55.667566533647246,0.0637428443769704,0.0491616974987056,0.3934726086538209,29.897199194957565,32.630336296411116,2.7331371014535506,2.7331371014535506
137.0810424775618,145.7799591549986,1.1156205807926642,0.0383921081707979,0.3312060376706183,17.94749540249765,20.02297281040247,2.0754774079048204,2.0754774079048204
51.84342097007419,65.64351824959301,1.224220025911484,0.0599167627170407,0.3353979620218315,4.500946631173562,4.503876379852746,0.002929748679183497,0.002929748679183497
66.16723355537115,68.86989967953326,1.6855537348738412,0.0569758847901251,0.2016866852968385,8.658248101763903,7.000606635294621,-1.6576414664692818,1.6576414664692818
78.7937748171415,140.08111209452971,0.7728050515546484,0.0724246717383158,0.5840578295358881,4.1854717816626685,4.153653927943331,-0.03181785371933721,0.03181785371933721
74.8539820927426,113.97717210139643,0.1242940192002887,0.0859281898608796,0.1599402632777461,1.2624196147759709e-13,0.019750814304564365,0.019750814304438122,0.019750814304438122
114.84239317715787,131.62269652808595,1.4862271377787797,0.0797351845239818,0.2053380552631024,10.535915587443036,10.795476454312189,0.2595608668691529,0.2595608668691529
93.40000165954773,136.73984725382525,1.5923041771890658,0.0940020250959738,0.182424909378836,1.981019842399311,1.723683752738801,-0.25733608966051014,0.25733608966051014
62.48176690418427,129.8676866310361,0.2050018535992498,0.0142491073814924,0.213747983505406,2.8401267259848147e-14,0.00040443997931408223,0.00040443997928568096,0.00040443997928568096
88.556288011032,90.974542300003,1.224211101699574,0.0253344920715648,0.4114939581014936,16.09535441080893,19.348936447871985,3.2535820370630546,3.2535820370630546
65.65292134157411,89.26450818362082,1.3343711189202287,0.086096002463527,0.1776645715404647,1.3864242829330191,1.688260586604839,0.3018363036718199,0.3018363036718199
131.75324159581209,110.2427391954188,1.946857211524487,0.0611554901466139,0.4978184965377636,50.80717036864219,51.96840807785543,1.161237709213239,1.161237709213239
92.71811624083718,56.64117149484016,0.6678972570680427,0.061727658820952,0.5123847204677013,39.76919030897987,39.91866271437384,0.1494724053939649,0.1494724053939649
99.35465803401186,62.27409464589828,1.3570361641857696,0.066853291152352,0.2059229642898914,42.54239843264676,42.9813545975378,0.4389561648910387,0.4389561648910387
78.45413856769338,103.13104368892952,1.0692683232667628,0.0353359841872632,0.5061282677758662,9.699683696067542,10.824387218491813,1.1247035224242712,1.1247035224242712
66.97134163949107,145.3003482796007,0.3143354520388291,0.0481136056611959,0.4327206434744793,0.0056511319584723,0.04057746230312496,0.03492633034465266,0.03492633034465266
87.3999367025596,63.26430240266016,0.1850795498333307,0.034365894311003,0.3501289069802884,24.593115592723706,26.207528655246506,1.6144130625228001,1.6144130625228001
81.03084821045475,149.2538069905478,1.822411266758868,0.018363562733462,0.29639798615676,1.4221367123649458,2.537427382904427,1.1152906705394812,1.1152906705394812
78.27654570600986,129.74269303831824,1.296931250097077,0.0695077787413234,0.4575424858466318,5.948622202752848,6.639420876756684,0.6907986740038359,0.6907986740038359
70.08512160511164,96.21171765262817,1.4353031277476558,0.0956613573757676,0.5997078128487556,15.34705328060187,14.408846407164193,-0.938206873437677,0.938206873437677
130.426115437845,144.62002119767345,1.8232069900594523,0.0224225255848422,0.2402569005819327,13.464131008446486,16.51777919626015,3.053648187813664,3.053648187813664
112.8206597093044,59.662146953709325,0.2701761322886724,0.0521484480644463,0.2583261637801463,53.99321593062307,55.34703460214662,1.3538186715235483,1.3538186715235483
59.8007684780741,148.22984363204193,1.493923335134999,0.0841184387227417,0.5217221580180516,2.8939883718939328,2.994690498444931,0.1007021265509982,0.1007021265509982
84.63635031084942,149.2561958665454,1.738520872376734,0.0294890670620575,0.5716922416486184,11.638520507050607,11.067726065285301,-0.5707944417653064,0.5707944417653064
80.0526757238496,72.79941802125441,0.4300912513195445,0.0221230939001737,0.355222343869585,11.72025207036765,11.587028168093338,-0.13322390227431136,0.13322390227431136
66.67332478053433,94.30032651488447,0.246315348555762,0.0823332233206629,0.4506323996861022,0.5614502588186205,0.6242488894695948,0.06279863065097424,0.06279863065097424
111.68840719663947,145.4142071085905,1.9554857201839544,0.040713307509129,0.5843510483041453,28.63676392858219,29.527461816666595,0.8906978880844036,0.8906978880844036
147.92482787019853,141.29322372974315,0.1428252031101703,0.0343441721776644,0.5860799878638643,16.714313431785115,17.018185098144215,0.30387166635910035,0.30387166635910035
145.0606371579873,61.08116028366355,0.9490939587376128,0.037844058025045,0.1311782773278229,86.13443150286486,87.20026364851628,1.0658321456514273,1.0658321456514273
143.778763045879,84.42615410266028,0.215331049309858,0.0937271999489331,0.3905083676529712,61.04576455063879,60.905426139619024,-0.14033841101976918,0.14033841101976918
84.88682665429954,59.67198335511296,0.5274230593500081,0.0397094971330591,0.5422955164748312,28.96953121664253,27.10402465436433,-1.865506562278199,1.865506562278199
133.44582528560966,97.60426469439405,1.6137834575624443,0.0656960124001572,0.1577541692116696,45.80356742311808,45.26340138838028,-0.5401660347378012,0.5401660347378012
125.9323568578402,106.090192143585,0.9608679457581965,0.071870378024378,0.1623317970647985,27.42737568276064,27.597104681561014,0.16972899880037318,0.16972899880037318
108.0176369796534,104.68708875016044,0.9650647733025232,0.0307521236578264,0.4934585976575797,23.426414876158567,25.046237638400605,1.6198227622420376,1.6198227622420376
125.3187703848174,95.4346717369191,0.8776553636698674,0.0769083573122465,0.5138038896981101,43.19215641034122,40.96800220274613,-2.2241542075950917,2.2241542075950917
84.53966620635961,102.14949893959698,0.0514912943288713,0.0581074355262015,0.2098945692447966,4.688643113111464e-05,0.1931484676491027,0.19310158121797158,0.19310158121797158
86.7785987756153,85.51661913907085,0.4507855333994712,0.0637996755415474,0.1859898769243018,6.324319464477888,5.249972294228939,-1.0743471702489495,1.0743471702489495
146.12792423673864,92.46707746253269,1.0774008536054958,0.0606635968489861,0.1630057628728103,59.51637536175852,59.91604249959612,0.39966713783759644,0.39966713783759644
80.68381307026183,89.62833560674622,1.928482882288117,0.0169814284923142,0.4288297044177166,16.709882280815233,17.23054912362583,0.5206668428105985,0.5206668428105985
55.80836121681995,146.12079012228597,0.5481470564788141,0.0610802230592346,0.2677849695732271,4.819632678389831e-06,0.00046844035144262444,0.0004636207187642346,0.0004636207187642346
73.04166621173499,90.71369938772771,1.676662085991461,0.0341346195549106,0.5029375235599505,14.526671172187562,13.83249128440876,-0.6941798877788017,0.6941798877788017
68.65900968731675,94.40166304226808,1.4262860794664582,0.0437433336720592,0.1988606879912761,1.3219673685207898,1.7944066259181761,0.47243925739738635,0.47243925739738635
68.02901306156406,139.99488742380606,1.5788463765252991,0.0443043118377954,0.5889386983997243,6.9597436462167455,6.755359025345443,-0.20438462087130205,0.20438462087130205
96.78594626341598,51.62650741174433,1.587824976333505,0.0267127716182063,0.3643779645232149,48.30124840861858,48.91776768556365,0.6165192769450769,0.6165192769450769
90.9838478109594,91.22064169144426,0.3498231165321984,0.0351616857575477,0.5979153768431349,13.151959924329477,11.519794149421909,-1.632165774907568,1.632165774907568
57.23164752579386,131.4059674448342,1.6541094313287288,0.0299953539034646,0.4384419871390715,1.7538712176615432,2.1379880505864564,0.38411683292491317,0.38411683292491317
51.38621359128601,90.21704270424108,0.9482920993887134,0.0752521546556685,0.1519971085235328,0.0011418811006328,0.0935384220570631,0.0923965409564303,0.0923965409564303
111.05061740418192,65.40047054821125,1.857136227185409,0.0415123852971984,0.5355743191073044,57.04684084030477,53.58592388599532,-3.4609169543094467,3.4609169543094467
128.96994303155145,112.61121806334556,0.5814385023647519,0.0857539039426838,0.255977568650388,23.928894781855615,23.8654208012733,-0.0634739805823159,0.0634739805823159
60.024137026759135,127.37524712106747,1.266279426991494,0.0677487786786939,0.3091865912033256,0.3054683863451544,0.43322081646410493,0.12775243011895054,0.12775243011895054
74.23257302463215,126.14807377203095,1.177220278831995,0.0831024564499973,0.4264391694922097,3.951139980167902,4.928855566731114,0.9777155865632121,0.9777155865632121
127.19062434000892,108.37856184704928,1.448148633086196,0.0574203024942241,0.4838302443957827,41.8758517235145,43.348080290341734,1.4722285668272335,1.4722285668272335
81.94220987142045,110.75712462054864,1.011030543380207,0.0141991850029961,0.3628224549971905,4.205472386808946,4.429974668343937,0.22450228153499108,0.22450228153499108
68.56040639554331,131.99067984038754,1.477543505829893,0.0530009976813257,0.5963615233478068,7.729704187499056,7.644296462655358,-0.08540772484369796,0.08540772484369796
50.754109271599866,75.53529133677,0.8755703890173148,0.0396739126748203,0.574542307816345,4.778308086081786,5.794658590657064,1.0163505045752776,1.0163505045752776
147.10582451653676,72.27581135471067,0.4683428175418963,0.0166267245388339,0.542889171302201,75.77172147734703,76.79152530537145,1.019803828024422,1.019803828024422
93.07419748812951,132.31339074821852,1.2562984331706777,0.0627578178722397,0.3158243129495486,4.732727829118577,4.46598151017716,-0.26674631894141676,0.26674631894141676
122.26497023608565,125.28254699056728,1.280361967270662,0.0944803198362604,0.1180755701581093,13.393069620954478,11.907322012745668,-1.4857476082088095,1.4857476082088095
126.9061473381171,121.67232833851207,1.2401575614250178,0.0395775660786001,0.4714110201591936,31.0314071861964,30.815156023527027,-0.21625116266937283,0.21625116266937283
133.137351438571,132.11421268986794,0.3812154689702772,0.0977284696175856,0.2693787286953294,11.86987894148551,10.790846368016544,-1.0790325734689663,1.0790325734689663
100.40700797484244,144.62058847148387,0.9673220927519888,0.0226642795788307,0.2749777763578923,1.5601014098016943,3.1143503133024275,1.5542489035007332,1.5542489035007332
105.98410955839918,65.93914389613164,1.8209766482092236,0.0457549593451454,0.1600249994269536,45.34286916534694,46.60064590687496,1.2577767415280192,1.2577767415280192
96.92822781202416,142.6203016562519,0.07525389934531,0.0608310178423181,0.2634605385986689,9.703808524766913e-08,0.032164205409497756,0.03216410837141251,0.03216410837141251
108.6754796691388,124.8799105103032,0.543360152304266,0.083203932866611,0.2046731889460715,2.793656923883894,1.2031827567052944,-1.5904741671785998,1.5904741671785998
121.23940284729215,116.01760977729654,0.6052087359984348,0.0264155001947189,0.180846074672987,10.722487355247694,11.929486731549327,1.2069993763016331,1.2069993763016331
89.17424505622782,86.75395886521824,1.2063679947455703,0.0534652924288258,0.2187220678007466,12.658069672518153,12.50116522627288,-0.15690444624527267,0.15690444624527267
99.83330282942372,72.05680736369426,0.3892047221761894,0.0282392901106899,0.1725922296874667,28.566298241770117,30.907433968043502,2.341135726273386,2.341135726273386
144.3020709645736,122.84212980337776,0.1363415376843476,0.0113631523508298,0.1977945021447728,21.6942004570206,22.411213784039905,0.7170133270193055,0.7170133270193055
131.93982309664926,73.30049479775958,0.9471535649722592,0.0890345438981338,0.2201472099651142,64.57194732856055,64.82027308798628,0.24832575942572532,0.24832575942572532
96.4402906320646,53.64117284826177,1.338884505079393,0.063590966900743,0.5490996124231211,50.34033728716111,47.09020528057171,-3.2501320065894035,3.2501320065894035
141.48159757649807,115.4906408207736,1.010232102222594,0.0208004888394164,0.109113988295901,28.497408283037416,30.522927519413283,2.0255192363758674,2.0255192363758674
93.80317831344696,112.92383756343116,1.4769878999849375,0.0910949657157131,0.2498688608780466,9.325845383565742,8.604029371099166,-0.7218160124665758,0.7218160124665758
137.9249043077785,127.74332125850869,1.9359413629101296,0.0167879373148063,0.3368458093617883,32.00821304228577,29.751327344682693,-2.2568856976030744,2.2568856976030744
92.1376941213855,99.80002398377452,0.8023358588350032,0.0774483413761027,0.4552848852917988,14.209520283237625,12.767577079325132,-1.4419432039124924,1.4419432039124924
70.201566840249,143.02394910430536,1.447008690239843,0.0422721595208488,0.3393584454486771,0.9221760957095766,1.2039475231178545,0.2817714274082779,0.2817714274082779
99.75398521461022,59.42280889408677,0.2990745904895923,0.0205638792884167,0.5853046476421254,41.21285551389653,41.975164045605275,0.7623085317087472,0.7623085317087472
50.04102894391749,70.26989083502106,1.0165071056639858,0.071525649247295,0.1150032328833621,0.0241750758124511,0.6390564930013864,0.6148814171889353,0.6148814171889353
62.56611455795827,104.98391211507284,1.8591024047390723,0.054061119788141,0.195878785914596,0.5200223106691197,0.3253141287073994,-0.19470818196172035,0.19470818196172035
117.69407829968374,122.616641969916,0.3334190201481889,0.0566682111365155,0.1792234442295621,3.7086070043812422,5.32014759416979,1.611540589788548,1.611540589788548
93.369433132038,66.10183328242364,1.7637950086136829,0.0695631679636377,0.51409507061315,42.04910840548322,40.08992065795348,-1.9591877475297395,1.9591877475297395
63.52173137128547,102.96048540659612,0.9207649965904948,0.0146540464624981,0.106447527347929,3.537633834430217e-06,0.05361434710097231,0.05361080946713788,0.05361080946713788
78.32965279977023,109.9578660025048,1.0957434350711504,0.0245044469464142,0.5412010081156061,9.26679309491992,10.156127209782776,0.8893341148628551,0.8893341148628551
50.18727439191686,70.86689686387051,0.8952149017916354,0.0327623519077146,0.564318048560205,5.266708899651265,6.634898735606589,1.3681898359553237,1.3681898359553237
125.5137255673619,60.14081462375308,1.8685660937256312,0.0304141843582442,0.2699117920334526,68.8693726954914,70.80940929564183,1.940036600150421,1.940036600150421
79.24454609973958,121.48684987686808,1.0978357963227914,0.0107901353279005,0.3821697824852007,2.989880503866951,3.3249698065608095,0.3350893026938584,0.3350893026938584
134.51208514960348,96.10987546341104,0.724685075014618,0.0459887531759167,0.5341211403928737,47.43880954400329,43.532649795278395,-3.906159748724896,3.906159748724896
80.32197838442505,143.92124932899588,1.9679060781169344,0.0531790740168048,0.3005513241754013,2.71285451195841,3.5572225782890388,0.8443680663306288,0.8443680663306288
77.22475363704713,60.25724387196468,1.8321960744764012,0.0402002902600792,0.4255180057833543,27.927284507407883,28.52435300430517,0.5970684968972861,0.5970684968972861
115.00924511399316,114.7887249173292,1.9016659764888684,0.0685514919501502,0.1139473291013971,16.13444406272575,15.868544272236173,-0.26589979048957524,0.26589979048957524
74.02991234503668,139.5138025961516,0.6550476174354746,0.0275293042271289,0.2085160373555085,0.0005443270398927,0.02117911893153405,0.02063479189164135,0.02063479189164135
91.07817429094348,77.63162851003528,0.86482734321351,0.0685607666559083,0.5366398201623254,26.634427024057665,25.656908143731684,-0.9775188803259809,0.9775188803259809
146.08555767847798,131.036287254745,0.0733954125629546,0.0851309564122387,0.2089836938631663,15.926502810616697,16.77450734956682,0.848004538950125,0.848004538950125
149.66832779346797,94.7153424193508,1.7562077236820457,0.0309084698675739,0.1479147821720251,59.989210161655606,60.347167616600856,0.3579574549452502,0.3579574549452502
94.45735010694284,114.70350245670872,0.576619458870192,0.0304786236256159,0.5590084495809321,9.745137973584908,9.252830886993168,-0.4923070865917403,0.4923070865917403
122.54681684501628,107.64265049041369,0.3806391750482359,0.0603701355867435,0.4955714532643536,24.18286328924705,24.481289254567454,0.2984259653204049,0.2984259653204049
57.3081562027015,95.1882493650932,1.944212756063537,0.0636620377597699,0.1381290694447105,0.1155988083615444,0.2712099837438584,0.155611175382314,0.155611175382314
135.2350116683834,112.09626146313792,0.6444778699374017,0.0984036541253271,0.3424498374099748,33.22238302332448,30.711419692895117,-2.510963330429366,2.510963330429366
115.992429525906,84.33709367224947,1.5002610777735284,0.0710865644472245,0.200208732315817,40.57095619239108,40.756406257707866,0.1854500653167861,0.1854500653167861
85.65961759862057,109.27707197430225,1.2551483175604985,0.0632519580782387,0.225250019304971,3.627877436755732,2.6034469873270027,-1.024430449428729,1.024430449428729
138.9687412571665,91.79880241888736,0.375277211656174,0.0243641605316336,0.2682468710927529,48.03429256553274,48.735752903492724,0.7014603379599862,0.7014603379599862
63.53624617602578,142.26935134429328,1.1473531820606009,0.0761016708645355,0.3843798933320094,0.6026595788332769,0.8306786495215633,0.22801907068828642,0.22801907068828642
128.93230103611637,122.98428603179912,0.3945196459910218,0.0749656403352166,0.2174293232872922,12.565211979361251,12.187917969829567,-0.3772940095316848,0.3772940095316848
146.57915301069676,72.88090036419854,1.1471592554248082,0.0134164624821875,0.1793589887640785,74.81183459662942,76.62634006435904,1.8145054677296173,1.8145054677296173
96.58717289076752,136.69346539457987,0.47352137173177,0.0328426214913036,0.4585881985476129,2.694533607471272,3.611913087322999,0.9173794798517272,0.9173794798517272
72.46573976417666,62.56625496115058,0.886594055353991,0.0664893681962077,0.3064181715940934,16.099988574085593,16.795175637717122,0.6951870636315292,0.6951870636315292
52.308962268220085,137.98314961199844,0.211221823584299,0.098701329013697,0.391983440737243,1.848697150147071e-07,0.04287277580421796,0.04287259093450294,0.04287259093450294
50.95617128504782,133.67704302759324,1.1812847324701643,0.0531135056496183,0.387914714633603,0.1924204157295288,0.466591648073707,0.2741712323441782,0.2741712323441782
142.24988963025032,95.66657137433396,1.4254591580329394,0.0457930252631564,0.4398276472046944,58.679131227695,57.32077992861916,-1.3583512990758422,1.3583512990758422
98.74404737597884,119.82598633062064,1.6637394767067992,0.0350395138264799,0.5372309641735006,22.072456430789074,22.269446317746908,0.1969898869578337,0.1969898869578337
141.32869475762368,141.7465225554804,0.8875384987492145,0.0832388670549685,0.2321852056598208,17.34205626476448,17.835459767825764,0.493403503061284,0.493403503061284
87.99051886182262,109.0781340636106,1.8933263385064023,0.08024379566977,0.1859633491399135,6.668553530235755,4.931007183176577,-1.7375463470591779,1.7375463470591779
107.08539362787616,121.3153983892991,0.2896393380370586,0.0145114781133526,0.4094397625347199,4.587926123650032,5.363509902574957,0.7755837789249247,0.7755837789249247
69.46192543245652,69.5151968574919,1.4724427151634916,0.0353275905526285,0.2080559471666152,8.67735413403463,11.15042587139703,2.4730717373623996,2.4730717373623996
117.20595026617356,78.69249419378158,0.605608099975118,0.0697236908717756,0.355250440446607,42.37592300014812,42.241805997783274,-0.13411700236484592,0.13411700236484592
89.80052929545027,120.64556853165809,1.3368130340497058,0.0101459658613396,0.2645285574967084,3.032963889581133,4.153857289112516,1.1208933995313828,1.1208933995313828
95.39588330478595,139.30149335126126,1.1760132289547884,0.0170645798251428,0.5151887918396433,9.83050899749913,12.416633055492712,2.5861240579935814,2.5861240579935814
109.1807907663326,124.00075127727784,1.2799181629642418,0.0258190150335177,0.5509015869037663,22.948594328302818,20.234800075281033,-2.713794253021785,2.713794253021785
122.59799099852955,68.23287625550712,0.878339988118604,0.0679533597991528,0.2651149867796819,58.350737247948274,57.7544515698531,-0.5962856780951711,0.5962856780951711
65.70588840991387,131.11074130136876,0.7752352068391444,0.0660872491504837,0.4427506488012548,0.7336527092229641,0.8991440625108673,0.1654913532879032,0.1654913532879032
107.49534932296412,131.04875250703412,1.2994890852173773,0.0940145157126983,0.4171639972958222,17.021016551494014,15.700039346502814,-1.3209772049912,1.3209772049912
120.765438311812,88.18769946135004,0.322672072406429,0.0493582973739768,0.2407394160377196,34.00742328842583,35.92515997636229,1.9177366879364612,1.9177366879364612
82.38496307458448,143.6627095235241,1.979117251014877,0.0374215716943779,0.1074026253568466,0.0030367800826448,0.1358624396333675,0.1328256595507227,0.1328256595507227
55.823783082027525,75.12313818144622,1.039516432849682,0.0315269548541263,0.4974104573191218,6.083291172611123,6.972657642431245,0.8893664698201222,0.8893664698201222
87.63118169549976,133.3881260260377,0.0607082316956268,0.0458265299698585,0.4067262344568282,3.6775882238008085e-05,0.06861722343398224,0.06858044755174424,0.06858044755174424
63.0086240130632,58.680457371463525,0.5435479726309095,0.0737763450488502,0.2018277232741202,7.800621779661697,7.215392381291354,-0.5852293983703429,0.5852293983703429
99.10957293831652,143.67681333721023,1.4382644015176305,0.0482123572540438,0.3626214382988254,7.134185054652527,8.279270956169109,1.1450859015165813,1.1450859015165813
96.61902301555338,51.953534698951074,0.3213855965057627,0.0164387665016782,0.5663317911161432,45.15769668290512,44.94789931242689,-0.20979737047822766,0.20979737047822766
126.93791464631728,93.5219986877472,1.2142672752359769,0.0630796288239079,0.2170331412401202,40.89480311787926,41.046230275680436,0.151427157801173,0.151427157801173
92.6280906254535,63.817278526310176,1.7952179239546058,0.0759424227320043,0.2565637234877358,37.6926789465731,37.6966573638927,0.00397841731959403,0.00397841731959403
143.1607495147661,149.25000917613397,0.3425709231076765,0.0401024273766607,0.2223869453711432,5.679754627458642,8.97212604086595,3.2923714134073077,3.2923714134073077
142.9529144247826,124.37626742528904,0.3393697776273566,0.0920221801742798,0.3231154632202209,24.851192956162805,24.432115388756,-0.4190775674068057,0.4190775674068057
98.6130485214924,86.65390544089561,1.358200625186322,0.0384692614795494,0.4142173531472082,26.61059808653269,26.661764803192845,0.05116671666015549,0.05116671666015549
68.37389258424278,93.56383883661402,0.5984912183013913,0.0376386767873341,0.3465208695375678,1.4868709710174528,1.6906764739338644,0.20380550291641164,0.20380550291641164
71.48964335742318,99.93933169168268,1.3149600455883077,0.0392060423115478,0.3089870129139732,3.4761991930165514,3.9101283367795427,0.4339291437629913,0.4339291437629913
131.36278802229802,119.53652977015795,1.5942300413294153,0.0263798286665846,0.5164452167586455,40.47102694915095,40.67804457713531,0.20701762798436363,0.20701762798436363
81.75497002575884,144.0998927825097,0.4827172476749672,0.0610812538166615,0.1426940290142486,5.496227276532671e-08,0.007671026158439264,0.007670971196166499,0.007670971196166499
114.32882184423532,80.38875679708218,0.2538142607027701,0.0883014383736335,0.5967314785088265,37.164095212046846,38.824645349934194,1.6605501378873484,1.6605501378873484
137.74700466544817,57.59886518955416,0.0886308588138515,0.0848605528102455,0.2849239637914424,80.5797306383292,82.79190408041609,2.2121734420868933,2.2121734420868933
79.75295533954889,60.0149526699111,1.857995963675537,0.0611110943359094,0.5160501870944256,34.114685283319574,31.372175779783234,-2.74250950353634,2.74250950353634
131.02058495033356,120.58998111063262,1.5626864213791452,0.0496903435972045,0.4044221296914524,35.10951913685967,34.60270267533984,-0.5068164615198256,0.5068164615198256
64.346945701802,105.1188359541148,1.0117699417770318,0.048277939800488,0.3956026975634168,2.1180478180155085,3.0455412853922055,0.927493467376697,0.927493467376697
62.94030005985679,71.7000480235541,0.4654632051445159,0.0770327606906422,0.3565348546123671,3.750589714414737,3.2126273735266144,-0.5379623408881224,0.5379623408881224
92.33351441531974,114.17520771315496,1.9508483384941853,0.0214816685915038,0.1953754726982319,4.423809253863798,4.026986923860578,-0.39682233000321965,0.39682233000321965
88.41891520539801,74.07467924156532,0.9819867954281052,0.0372379095789153,0.2201673233741166,18.501699459289405,19.555306001716442,1.0536065424270369,1.0536065424270369
143.4729915488301,102.78963840433926,0.1374548645163034,0.0859253769788204,0.5633966291462738,42.40484022569902,45.88020908559381,3.475368859894793,3.475368859894793
69.64192158720174,83.73808454831456,0.6379768725910017,0.0881806341034858,0.1102443223203551,0.2122682304282923,0.6504584208406952,0.43819019041240287,0.43819019041240287
64.73030442789704,123.89715319532895,1.6217398329741997,0.0193132256088869,0.3519188693486657,1.4913486244843082,1.789562904065234,0.29821427958092595,0.29821427958092595
70.35355224818048,132.5896269292096,1.0290857051571396,0.0853700499073705,0.1917925699725255,0.0133755829721591,0.0643059641257751,0.050930381153616006,0.050930381153616006
72.50403990441994,137.29125141634233,0.3170593147449377,0.0393059029512157,0.2424292888119188,6.1384272993421645e-06,0.0044024250378248055,0.004396286610525464,0.004396286610525464
105.06905446947944,92.07060703931988,0.1159272181922017,0.0363281010452496,0.5479156655629589,15.86295299910752,15.9482345990401,0.08528159993258022,0.08528159993258022
138.08707591989284,120.01295624559528,0.666568589321591,0.0252142285032813,0.1753688023989311,21.33340366441192,23.398274734282754,2.064871069870833,2.064871069870833
104.45553246546754,116.08079429275284,0.4149767619274043,0.0559968759092787,0.3986856744650267,7.214344125359517,6.696489069504427,-0.5178550558550903,0.5178550558550903
98.34690643233512,85.61815391683787,1.829089853177796,0.0822085396841866,0.5490997402446117,39.01062076485692,34.020454231185255,-4.990166533671662,4.990166533671662
61.752624677710486,102.36005730592372,1.4922327392458647,0.0701932666294279,0.3802682676784856,3.70803839530592,3.4725645475186253,-0.23547384778729485,0.23547384778729485
53.67079828046284,100.59728886850095,1.6023869719512704,0.0911280016990594,0.592643463672256,7.752512992037818,6.75843780052648,-0.9940751915113388,0.9940751915113388
111.80222786815123,136.46860263784637,1.8518473094898864,0.0511865535333454,0.2675523531705814,11.56763370772559,12.99689030430148,1.4292565965758897,1.4292565965758897
59.48491932531561,111.00683385333676,0.6029170916971693,0.0425651937225754,0.2856206274173012,0.0189287018796603,0.02019233540276787,0.0012636335231075713,0.0012636335231075713
53.73481887492144,131.39161065660846,0.904632868986193,0.0696158440715369,0.3636413061654517,0.0749739156033739,0.10478024380458165,0.029806328201207752,0.029806328201207752
85.52896432193188,67.13157538327982,0.5542840835750381,0.0629761297847856,0.4024565030273984,22.826091801484687,22.549523124284622,-0.2765686772000642,0.2765686772000642
56.58421645086547,107.547066765642,1.4400708231976118,0.0126119673577034,0.4501679198905101,2.505162198839938,2.7323869009205497,0.22722470208061152,0.22722470208061152
51.80290089589123,61.91602651948742,0.2132430967111203,0.0113883714550118,0.1102425544134469,0.0002009098186284,0.6233978499829049,0.6231969401642765,0.6231969401642765
131.51832322927527,132.0449456922688,1.9991441089252704,0.0164229761857833,0.4122064177618273,31.628304714247967,31.108579019462663,-0.5197256947853042,0.5197256947853042
146.5902991865811,69.90252994330272,0.8215511373100993,0.0290723455813579,0.2279772952266042,78.33810448071284,79.46803775555337,1.1299332748405249,1.1299332748405249
107.47032039194876,91.30082537590636,0.7937630093421228,0.0630750838945356,0.2520932472688373,22.61090981166211,22.586748653930425,-0.0241611577316867,0.0241611577316867
80.30657611751016,65.40028735322998,0.4624264913882087,0.0493363894541008,0.3196291195108059,17.556438692105992,16.752997368235278,-0.8034413238707145,0.8034413238707145
126.2038463389075,70.1513463522335,0.8362195710310479,0.013272731729876,0.4621414985423711,58.20493566927165,59.06256607990644,0.8576304106347905,0.8576304106347905
145.0532820954409,138.96212357892568,1.885060974347373,0.0878689098960733,0.3493905231702315,40.82241070893244,35.10520406734335,-5.717206641589087,5.717206641589087
102.96445270351334,57.77124620035266,0.3883352227998676,0.0402642149385487,0.5137877725401767,46.39164619768052,46.97917466910321,0.5875284714226865,0.5875284714226865
70.84944749542606,91.6510878042127,0.4592630320613707,0.0918350317620727,0.4323947401934902,3.095072878950507,2.868653084314937,-0.22641979463557016,0.22641979463557016
50.78449212406232,92.53877817987626,1.0710075736643174,0.0549747820978758,0.2278879081950787,0.058067463859321,0.26638717536287576,0.20831971150355477,0.20831971150355477
91.36426749186352,69.70635340443162,0.2037065961340325,0.0188391985972437,0.2111903818103131,21.929330517970897,21.848298117905323,-0.081032400065574,0.081032400065574
127.59739087498882,117.32055732893966,0.5107587929210411,0.0348866814158666,0.5757546818222825,26.560359109951868,24.642960609089037,-1.9173985008628307,1.9173985008628307
145.65087462347452,94.02795234148238,1.811554054457839,0.0803363185915495,0.4235107356834517,69.17632340939868,66.14962184525012,-3.026701564148553,3.026701564148553
66.67873351836741,131.74460023253016,0.6444952057251537,0.0278658024483334,0.5611762673707286,1.2841351764551163,1.6253013571549224,0.3411661806998061,0.3411661806998061
127.27714196650793,109.78213785879018,0.7039139322331687,0.043861261185137,0.1357586188368224,21.16344243926017,21.82084430336881,0.657401864108639,0.657401864108639
52.77253247618492,133.79069519584792,0.533690291830182,0.0736382229058457,0.4092333844052076,0.0099940572128036,0.05254816226618527,0.04255410505338167,0.04255410505338167
112.69162793138956,60.09515181277556,0.587458145330779,0.0924832059157411,0.1318524408558724,55.77433818259771,56.22056420437943,0.4462260217817189,0.4462260217817189
57.09322161337735,90.84366768920566,0.5957934982660553,0.0642553126570717,0.2277190174089781,0.0312638584952589,0.02826089673742541,-0.0030029617578334923,0.0030029617578334923
81.95894262599984,97.86802542001747,1.2853257061699326,0.0747678161199745,0.335438428757503,9.702068403220768,8.473272318807552,-1.228796084413215,1.228796084413215
143.74811723991047,123.2062097069341,0.0942657132210359,0.0624136683115308,0.4494037364072506,22.376705690882247,23.364624271338442,0.9879185804561956,0.9879185804561956
74.92953500046113,92.7710117468788,1.515520338741967,0.0374173038256354,0.4326874860823655,11.4254994751995,12.752999995958179,1.3275005207586794,1.3275005207586794
50.09434152676311,100.24417925747218,1.061870422441796,0.0409882903915686,0.3393070811752688,0.2940313435860244,0.868812772108813,0.5747814285227886,0.5747814285227886
78.34611492640792,139.90973961417427,1.564983239803469,0.0710173635405419,0.1523089980701502,0.0426202615109582,0.16104229874632262,0.11842203723536442,0.11842203723536442
96.84095450243586,129.00363139762737,1.6559140103377592,0.0479029560955296,0.2328358209913713,4.629166775600186,4.384196192543987,-0.24497058305619923,0.24497058305619923
87.18493027039588,109.71322315085747,0.930038022210516,0.0629391669413581,0.4548226027097133,9.62606819258552,9.332653066619931,-0.2934151259655877,0.2934151259655877
81.47838158128106,136.47229656745952,1.5581396108513967,0.0372446136382123,0.135470383294949,0.0178947069334088,0.08973967003241175,0.07184496309900294,0.07184496309900294
107.99619805351112,82.65578181673106,1.916384059009552,0.0305648254351397,0.4248870138584533,39.62268107136372,39.060024980386245,-0.5626560909774767,0.5626560909774767
129.48113035416486,123.80418050142062,0.7792929921440056,0.0578655477835703,0.4106891865301454,23.931575946084852,25.37919333028335,1.447617384198498,1.447617384198498
93.63511943036116,85.16609131199738,0.5721242874788217,0.0274753926619671,0.2120913510111095,11.862748156889602,13.290469759694242,1.42772160280464,1.42772160280464
79.15853735121952,98.2284133087455,0.0540529517742131,0.0421849565491667,0.581941998997127,0.2908528457927,2.2405369260108396,1.9496840802181397,1.9496840802181397
119.20736470243688,75.19402124091135,0.4634082078517811,0.0410468693181809,0.5286231736958799,46.84475036512629,46.71034271957326,-0.13440764555302565,0.13440764555302565
60.06936011038031,139.52184867225975,0.7793776871687264,0.0716963178109949,0.1827892781665916,1.4780292639622134e-06,0.0006419333628080603,0.0006404553335440981,0.0006404553335440981
87.71170641716802,138.4953052750837,1.445340569693789,0.0988658478700291,0.567322790523593,14.30399023553944,13.147160595980948,-1.1568296395584916,1.1568296395584916
146.93496144198252,76.97697171889693,0.6144733624874859,0.0729092996431436,0.2566732299620482,73.33208127027471,73.11768383431512,-0.21439743595959726,0.21439743595959726
138.39018149601085,123.0411905137798,1.962929011971913,0.0734528685497266,0.1263798129275171,32.529904046300686,31.916035536643584,-0.6138685096571024,0.6138685096571024
81.24058976796317,135.2778180285522,1.7582441868433476,0.053519182218324,0.1890150291931308,0.5032094124413327,0.4764016199935272,-0.026807792447805456,0.026807792447805456
91.1191517994586,64.69379959460126,0.1602198446533237,0.0609652185999597,0.5620024423246888,27.48485279906066,30.395187373060647,2.910334573999986,2.910334573999986
67.53216783785992,116.01435196470791,0.4309500447871101,0.0132994893880948,0.5945579856957223,1.3261825521348207,0.8107837693618994,-0.5153987827729213,0.5153987827729213
86.0233918800428,137.49118332547886,0.0649323934254735,0.0833830408543223,0.2584334121849755,9.474961865672615e-13,0.022243923755875975,0.02224392375492848,0.02224392375492848
98.58856061896132,116.40216067199792,1.040922280115972,0.0235831598789106,0.1741583399375787,2.268432455160216,4.064124073884403,1.7956916187241871,1.7956916187241871
104.77399094691368,108.08322592519212,1.2074766614838943,0.0915540897158058,0.3414723015360725,19.329156210956413,18.75174157615864,-0.5774146347977727,0.5774146347977727
58.41016711316061,143.04104026295272,0.1145918658095993,0.097747380624846,0.5360602422687163,1.7141982213361728e-06,0.04483123450076296,0.04482952030254163,0.04482952030254163
112.13306241557072,115.49806940388882,1.791164056038287,0.0911680093655197,0.5478293027367858,37.56496058741111,34.80510830788938,-2.7598522795217306,2.7598522795217306
113.06084716506096,83.28812610571077,1.654033562757141,0.081109378757909,0.5490719352098095,50.29663811705641,45.4901674048635,-4.806470712192912,4.806470712192912
122.53912461589444,79.38943998318425,0.0943984235566028,0.0870926456397799,0.468146788326942,43.80382571265574,45.84164101297686,2.037815300321121,2.037815300321121
127.3995087294009,108.14061568565664,1.3754195296550844,0.0816076471873661,0.3483756061537335,37.40935734664585,35.92433655490658,-1.4850207917392666,1.4850207917392666
121.76761577934997,71.9396710563576,0.1655321623590794,0.0532850600700461,0.1711608619579646,50.45969054714017,51.46671537373994,1.0070248265997677,1.0070248265997677
78.20676245442766,148.435386681707,0.4543224262141803,0.0486060854626586,0.542214374225652,0.7155922679925402,1.6588756651640097,0.9432833971714696,0.9432833971714696
101.88895316510816,139.0616831266812,0.8762922597238418,0.0966553627023786,0.3224041775193879,4.487585031479831,4.3240172018138745,-0.16356782966595684,0.16356782966595684
130.35376594626035,96.7312378155068,1.6218040241764051,0.0927129661501578,0.4574463124632026,54.62443354755303,50.587994993787994,-4.036438553765038,4.036438553765038
140.49768817816812,110.66408852256572,1.2452786723282576,0.0458209661308912,0.386897988479848,43.539034040311165,43.67347357158048,0.13443953126931518,0.13443953126931518
113.14735671327502,81.07681847972574,0.8729903424241556,0.0947893795932717,0.1629607872887983,38.5228737206609,39.781530606529344,1.2586568858684473,1.2586568858684473
77.7464679724954,147.4499883262783,0.8021174545649742,0.04108556570224,0.2900999603892079,0.0893462622052631,0.3281855586658533,0.2388392964605902,0.2388392964605902
134.36496640518237,60.25481259246466,0.1882607269964118,0.0737414507751768,0.2095920953346546,74.94086883498754,75.79882823016706,0.8579593951795204,0.8579593951795204
102.50493402453849,133.6746331752459,0.8376409840422983,0.0144875113416971,0.5796844867415085,12.42123877617174,13.542763074488139,1.1215242983163982,1.1215242983163982
89.28390764814023,119.7604501394362,1.6114976801788692,0.020249472475846,0.5623287370587366,17.094346946396456,16.908676968715763,-0.1856699776806927,0.1856699776806927
52.25043274286865,104.24501591012508,1.693401182264891,0.0151771065798805,0.4555250740283535,2.757144419959978,3.859594253376831,1.1024498334168529,1.1024498334168529
129.0407475882988,120.77891569099032,1.4397557815966453,0.054219783226881,0.5335844372002146,39.63146812301361,37.59868918532762,-2.0327789376859897,2.0327789376859897
149.65263087986193,84.19302175984222,0.9710275250615162,0.0218524965298305,0.1041688152734903,67.22731138325409,67.10437476212027,-0.12293662113381743,0.12293662113381743
89.76123785528705,90.06370441880279,0.8280513232839811,0.0743244038524602,0.5817694143738277,20.85270786649232,17.003481867220415,-3.849225999271905,3.849225999271905
119.70911382607584,132.736487120461,0.1487743352457306,0.0466770041350548,0.3827173211604878,2.8637635919602467,3.7079690566546915,0.8442054646944448,0.8442054646944448
126.48478932199836,140.4603373517444,1.7774939455782923,0.0507981206344767,0.3173691644625304,20.43565308966772,19.65641383187957,-0.7792392577881522,0.7792392577881522
100.09294044165054,139.81309563845042,1.0260588594163245,0.0189040222548762,0.1867914723738036,0.4410449261956106,0.9341399577723627,0.4930950315767521,0.4930950315767521
95.40965933775364,145.69986731397975,1.1863508952544002,0.0634505103870898,0.4415431085655793,7.370238278580786,7.915602354612814,0.545364076032028,0.545364076032028
133.93708635378903,63.11875419180109,0.4197575115646716,0.0810410597599933,0.10631155901892,72.92937049731103,74.06734150440502,1.137971007093995,1.137971007093995
94.33203207726989,70.85690283289283,1.8993039469912705,0.0154981029798509,0.1640449421615835,26.20124339124473,28.157165584262632,1.9559221930179014,1.9559221930179014
115.77784072381785,104.62859491917852,1.3825699225799128,0.0366659113033217,0.1239694226169636,17.520259866127176,18.95266954658083,1.4324096804536524,1.4324096804536524
109.31559955271342,99.4550190097184,1.5404415147295312,0.0854099659587128,0.3432675525425558,29.870064866538407,28.018435370217727,-1.8516294963206796,1.8516294963206796
143.7987865459497,55.28056799164387,0.8741429300900092,0.0915549130828015,0.4475531918077793,92.84602000005653,91.95654741145576,-0.8894725886007677,0.8894725886007677
117.73418460815164,57.416994878416205,0.4069859550318867,0.0750868890925819,0.1603379443281575,62.04527441431327,61.42953587919517,-0.6157385351180977,0.6157385351180977
58.90097348960089,149.0932162946554,1.4659339546999637,0.0995291778671638,0.1546630001305028,5.1422353568474815e-05,0.07413544113179679,0.07408401877822832,0.07408401877822832
133.15349724468751,59.49270028248717,0.069268965206929,0.0710621559611973,0.4099990911503823,73.95292437544256,76.12644298133625,2.1735186058936904,2.1735186058936904
83.40772174178473,106.75858148436768,0.7115040480543035,0.0572274295510865,0.1604778099114821,0.347701465830311,0.6144857355225216,0.26678426969221064,0.26678426969221064
129.2105779414958,69.88486841825164,1.9258063926429887,0.0835773971559395,0.2409016908272478,69.81549422961069,67.66143694836909,-2.154057281241606,2.154057281241606
132.16465971645,55.28372377929849,1.2612083023163196,0.0549566903910941,0.5663463719613991,82.13846152276184,80.61584186528027,-1.5226196574815702,1.5226196574815702
71.936806506527,128.08640563844153,1.6926654659695155,0.0818846010497687,0.1087070138315166,0.0033883332143387,0.04838111363225026,0.04499278041791156,0.04499278041791156
99.5840031104024,50.93526383951813,1.9603714497535645,0.0919656848786491,0.2203605352202659,57.068943251511776,54.13550476008196,-2.9334384914298184,2.9334384914298184
120.17382738772572,69.98472590855633,0.669761254502936,0.0243472002850769,0.5850168299556083,53.90411695845749,52.42246933977826,-1.481647618679233,1.481647618679233
61.890301767799336,123.66212893800616,0.47994014390583,0.0846491000282979,0.5468876888951343,0.5583727324413519,0.47448213351760293,-0.08389059892374895,0.08389059892374895
97.20778346800132,90.80034253296986,1.829329218706732,0.0283906954207003,0.2170925394122226,17.08116773042375,18.201682073991147,1.1205143435673968,1.1205143435673968
97.19091099145876,87.1357426522822,1.9826628862914235,0.014953879763338,0.3315915690272568,23.79962302637465,24.924237641272942,1.1246146148982916,1.1246146148982916
92.1248053294072,118.16274983597768,1.4095312531525888,0.0534729882045051,0.2972876488368642,7.049812298392357,6.747898257402347,-0.3019140409900105,0.3019140409900105
78.09631895922303,125.16048683231428,0.8339562424524999,0.0486849102375785,0.5370055217842455,4.868327647497701,4.8569908743503705,-0.01133677314733017,0.01133677314733017
143.94316270997967,59.45156440695463,1.6616429186663186,0.0775184777450769,0.4415496462163103,92.39554991506712,91.0140192485412,-1.3815306665259186,1.3815306665259186
84.39796363163703,52.6974619855864,1.6484104658084495,0.011064972493378,0.2052105065975662,32.866697119498376,35.31632453760388,2.449627418105507,2.449627418105507
94.83190553694222,148.29052328596896,1.003487779966958,0.0597843129690126,0.4771569541737915,6.390035832759814,8.688354533424247,2.2983187006644332,2.2983187006644332
61.50109368280978,65.88790141954041,0.6373351480813877,0.0227742716996321,0.3525820022101834,5.487871187943135,4.807423744625713,-0.6804474433174219,0.6804474433174219
101.7401289824966,80.27146650237707,1.6393260813606267,0.0140074535818483,0.4766821592229995,35.104611739278766,36.052391336834084,0.9477795975553178,0.9477795975553178
103.19883182707818,139.71704995968602,1.4160713161073182,0.0444749960872725,0.1011059787708762,0.1204181335216105,0.5414100729773208,0.4209919394557103,0.4209919394557103
107.72022361259576,122.55499402075743,0.2688979283402523,0.0878431630654396,0.1723511836840314,0.5934953270246375,0.6870640004380377,0.09356867341340025,0.09356867341340025
103.93745588240276,128.59365074494502,0.7343711363730795,0.0925514452150313,0.1045715992297288,0.2234298071222253,0.4487237134791149,0.2252939063568896,0.2252939063568896
86.38250407977206,126.25292522503862,1.9868242703747971,0.0223031117152997,0.3844540662334942,8.879592467412756,6.988281722072933,-1.8913107453398235,1.8913107453398235
53.37891509482486,120.2728783061762,0.3524922597047755,0.0826699380779358,0.5398231064047955,0.0596671243145643,0.14382496021171867,0.08415783589715436,0.08415783589715436
107.42935397085736,89.78546757792373,1.5282486919484517,0.0873451579047929,0.5508547773375082,41.66520818192718,39.61387255201471,-2.051335629912465,2.051335629912465
98.83349130043348,91.07969985443472,0.0562752640177833,0.0948473007658304,0.4954477871062234,9.719882743731446,11.373651611419914,1.653768867688468,1.653768867688468
64.10466335837272,100.06510401618274,0.1499941817494539,0.0499608335281665,0.4078158270782083,0.0105074768804609,0.17575250932667244,0.16524503244621153,0.16524503244621153
129.2215903804775,54.034575873236776,1.7721054765456046,0.0960395418307069,0.5953429515696071,86.18383472411816,82.8792106243769,-3.304624099741261,3.304624099741261
131.45079681305316,75.38053370718384,1.9501192062900703,0.0828372599343822,0.1038575443613719,67.31475236127429,65.94388725818884,-1.3708651030854497,1.3708651030854497
72.29774747876814,102.96741187008396,0.9544246283990692,0.0261342062733497,0.3908828749416723,3.471733056856676,3.840935418645811,0.3692023617891347,0.3692023617891347
119.742026724684,84.10441351902091,1.2576035285927418,0.0924729042192631,0.5411221620918669,51.91121044726518,51.641278641537056,-0.26993180572812037,0.26993180572812037
105.55073523270455,87.41366937380776,0.470360832057054,0.0231684608946165,0.3651208918062525,21.964886991171213,22.731139488899444,0.7662524977282317,0.7662524977282317
63.36956543994362,128.50544340255,0.91564327520745,0.0199891147698519,0.3339169557085475,0.1567933448257927,0.2943511253286361,0.1375577805028434,0.1375577805028434
126.35158436682124,50.32479282615089,1.7408381586175763,0.0572092321701462,0.4739976243737428,81.78491239434985,79.6850217126002,-2.099890681749642,2.099890681749642
64.36916072617339,132.76651670524876,0.4122517812374703,0.042819629157482,0.4730312021176331,0.0936502034984229,0.10684694247924999,0.013196738980827086,0.013196738980827086
147.22297092163575,141.7776252372915,1.6057838450986794,0.0873104464711689,0.4379074194337059,43.01556748003923,38.91492910252399,-4.100638377515239,4.100638377515239
91.47358025299935,116.8150432116208,1.2121232372979336,0.0202339477516098,0.2201675583165808,2.440023947568047,2.452469210806103,0.012445263238055837,0.012445263238055837
97.3215029918105,105.7923273084664,1.06755575698202,0.0187163424876807,0.2486041975424413,7.392685508350716,10.078420331517213,2.685734823166497,2.685734823166497
79.89261500983332,88.21459668887684,1.541993713261035,0.0753509126155151,0.3409173097360305,13.967335118172803,11.73171022691371,-2.235624891259093,2.235624891259093
129.72395750228003,53.64267125126136,1.078198710577614,0.0598418692631365,0.3840811071244946,79.52575003425432,78.82918948703511,-0.6965605472192067,0.6965605472192067
57.660361631371,113.52460934539894,1.247166787783757,0.0283547068310867,0.146882378435887,0.0001353046433752,0.004441477057220193,0.0043061724138449935,0.0043061724138449935
71.94156385569039,53.7871009361926,1.5243494776068511,0.0634056993033194,0.1137244999271099,23.117022351212505,23.384926308487472,0.2679039572749673,0.2679039572749673
144.2909703912519,56.31052248586784,1.946017035882356,0.0339276128213519,0.1417015545464303,91.57820282766254,92.07647724482003,0.4982744171574893,0.4982744171574893
62.16181568196494,140.07154042019096,1.015713320493128,0.0536892676073767,0.4174513073136776,0.5343444687690009,1.2814644258930064,0.7471199571240055,0.7471199571240055
126.91698695235874,120.134844237455,1.737393477299483,0.0501665102420688,0.318482744623078,29.206801459948863,26.82476601035781,-2.3820354495910543,2.3820354495910543
148.14214249220254,77.19408028130017,1.1873127425312942,0.0752680468713002,0.5635201226564158,80.91052894877899,79.35619035355995,-1.5543385952190363,1.5543385952190363
97.84910701071892,111.13700565595732,1.3486038282294162,0.0206829450652786,0.3449231990785507,11.722867284642014,12.907543439962176,1.1846761553201617,1.1846761553201617
114.68056603490967,67.12291936698864,1.306392941219354,0.0467213691121391,0.4515337769113392,54.16719657237314,53.447572184546026,-0.7196243878271176,0.7196243878271176
65.6833699896363,92.1164979014153,0.6428972404524554,0.0591818510360867,0.4500699390980579,3.0990307957544374,3.8207420947710777,0.7217112990166403,0.7217112990166403
62.69360576741764,50.6590162829713,0.1085021550973667,0.0128029841209866,0.3687780259244665,12.211083523958903,11.560733197251533,-0.65035032670737,0.65035032670737
147.64156242738284,77.05202916876533,0.520305050433964,0.0993903513609943,0.1110164527087535,74.47287256212358,74.13050871351291,-0.3423638486106739,0.3423638486106739
102.65156165216302,77.6976865961851,1.461093799351134,0.0224015626178207,0.44973209578795,35.714245090624495,36.426611532565786,0.7123664419412918,0.7123664419412918
138.4170658510886,134.1211836906014,0.7715727951520787,0.0870380996381502,0.4700601920468851,28.683324324792054,28.911818224031315,0.2284938992392611,0.2284938992392611
77.05592564879913,84.15830522895854,0.7949374671303279,0.0960187425115106,0.10107113807006,2.350882474388847,3.93264742907868,1.5817649546898331,1.5817649546898331
110.66893231978858,103.76776168742563,1.9730474824201265,0.0422387833533975,0.1482516335556463,18.199235174227,19.172642704877592,0.9734075306505936,0.9734075306505936
134.30434366717034,71.46390798534058,0.5791432175205194,0.0755027299779524,0.4905983901701262,66.39330728256516,66.1170698060248,-0.27623747654035924,0.27623747654035924
99.20017294320829,77.41891679492477,1.4248254992117633,0.0662202158858931,0.3127044537189377,31.757150835912263,32.29924902500208,0.5420981890898133,0.5420981890898133
140.11580104909888,81.80064193944003,1.605327662395102,0.0347157375140316,0.2653080932932397,63.28633484866502,64.2110029858065,0.9246681371414809,0.9246681371414809
102.91032676604384,80.04437068441877,0.4034723319772566,0.0384447550740329,0.2908773716143042,24.64974319583345,25.285819121664183,0.6360759258307311,0.6360759258307311
79.71217156231751,98.28751219726897,1.1214304141921383,0.0256053051916209,0.2051224629074257,2.1444158217186318,3.1422161263366943,0.9978003046180626,0.9978003046180626
80.71499501899521,103.50372896565446,1.9460481549007096,0.0593313007379916,0.2518221077562282,7.151112888739785,6.247484842626098,-0.9036280461136874,0.9036280461136874
73.8845160403607,138.71967667221563,0.1757459737387105,0.0879091757059125,0.4286304928855108,0.0014431436233417,0.05807123169302887,0.05662808806968717,0.05662808806968717
68.89298137649523,75.94137510857743,0.2657062078912314,0.0609445968716555,0.5551641280029027,5.580072017852181,5.227880672438508,-0.35219134541367314,0.35219134541367314
103.3323547859605,104.35605896944698,1.988262139843114,0.0476334394659504,0.2343441266733359,17.633969761596532,17.705650588112217,0.07168082651568497,0.07168082651568497
111.64793585412446,113.6902192812536,1.7153057875458966,0.032080406946473,0.1423643272378565,10.323505471721065,13.126554311999799,2.803048840278734,2.803048840278734
66.38136635943154,125.89590611160187,0.1863853547026051,0.0458821090846991,0.3693259252838786,0.0001231112302896,0.004436386962921544,0.004313275732631944,0.004313275732631944
96.87679654645058,126.89094395474751,0.3197712121383612,0.072572610966201,0.3134614205787887,0.7235042643280956,1.1558823136895826,0.43237804936148705,0.43237804936148705
97.56509844516368,89.16208974317593,0.5627138758022198,0.0880275761266665,0.4231416053892015,18.94095279877692,17.45323971268739,-1.4877130860895278,1.4877130860895278
93.77650549881284,87.025478392243,0.7254390252358938,0.0999002766878514,0.2800449323111315,16.230510228317463,15.466941233142094,-0.763568995175369,0.763568995175369
128.39252791418875,125.38093089126588,0.4909378438179984,0.0529590043353334,0.1079769940354502,7.683072107244016,10.559883605753699,2.8768114985096833,2.8768114985096833
73.19684521577858,133.46741216803636,1.942223452710164,0.0355726263979958,0.4970875852507791,8.130693265062405,7.1504411196360556,-0.9802521454263493,0.9802521454263493
134.91366361611222,149.32879757272565,1.7338980704050644,0.0591051262648606,0.4789097593120505,33.43650448670347,34.748131391866515,1.3116269051630454,1.3116269051630454
75.85572636402459,111.03871804869686,1.7900910464014783,0.0705658442916352,0.2509137212439718,3.706358358183561,3.516471078079656,-0.18988728010390465,0.18988728010390465
97.1902510564523,57.05579552654242,1.965883820870723,0.0262493758913509,0.4106113462039951,46.29977079107774,47.61653178644075,1.316760995363012,1.316760995363012
51.80810922056855,115.52612623007592,1.7315800614258563,0.0220069801435138,0.3095985159743963,0.3589540097838259,0.6522911920086271,0.29333718222480115,0.29333718222480115
109.6856860784491,146.27786876851664,0.1675018494333426,0.0680522138141679,0.451176299440578,0.6835914246672488,1.3678421227496222,0.6842506980823735,0.6842506980823735
142.7422836482762,102.21292935847856,0.1331614839174364,0.0291579556487678,0.4651717511353814,41.103217476999305,43.59545851126336,2.4922410342640546,2.4922410342640546
89.27501835387099,98.76688292310796,0.8523481923096796,0.058287976940226,0.3939998267285581,11.001324562987818,10.953753755253826,-0.04757080773399203,0.04757080773399203
123.31603781367996,117.8928769660376,0.6699205821943303,0.0900694683815829,0.505222937717826,25.9625797572904,24.08167153299791,-1.8809082242924902,1.8809082242924902
51.13025365890225,137.53051567568016,1.956344573211934,0.0698128125200007,0.2679629063173286,0.1137812755130087,0.23591720870157307,0.12213593318856436,0.12213593318856436
143.5250314394333,140.1084424210681,1.049876700398776,0.0193954476335633,0.5893979954698456,36.528235078129015,34.964503198508645,-1.56373187962037,1.56373187962037
139.73389655687686,116.351921113363,0.0900308050644843,0.0962378778521077,0.291532924792441,24.441143242175144,27.263601073811966,2.8224578316368216,2.8224578316368216
103.21111338370036,102.6332350979518,1.924737419922396,0.0163428042705575,0.5309430585303537,31.031474167880877,31.26717519606043,0.23570102817955174,0.23570102817955174
92.55342977211996,118.2829170439742,0.7939221217125221,0.0847682615622429,0.1054865867057011,0.1067466907712182,0.6601566698989807,0.5534099791277625,0.5534099791277625
126.70125299807694,59.4808271336286,1.514526139573621,0.0836074512951756,0.1487022298896013,74.294874092616,72.54307868630643,-1.7517954063095686,1.7517954063095686
109.284018050811,77.88366132106962,1.5808972403607688,0.062723806012325,0.3531964777107103,42.036778634972414,41.329074025435055,-0.7077046095373589,0.7077046095373589
69.04134960249102,61.9062744862547,0.2789612870968584,0.0197071283010618,0.2705666011459118,8.589199850353587,10.457110146858183,1.8679102965045953,1.8679102965045953
136.39033162941132,116.13426119979924,1.822200940929212,0.0223225318903862,0.2474097987813167,31.744536833695747,33.98574345818168,2.241206624485933,2.241206624485933
62.33184910752922,94.71114074817824,0.1243499486758821,0.0850559350097756,0.1653072211565794,8.104791691724394e-13,0.003207694028089046,0.0032076940272785666,0.0032076940272785666
53.43768583517252,56.14479160442589,0.8612326506347265,0.0366533530636177,0.298324725523587,5.467320926122955,6.276280478016846,0.8089595518938912,0.8089595518938912
70.6513164929784,52.03439366142458,1.0721492653598754,0.0751915965577977,0.1721871658178402,22.70256179869729,22.710749442283056,0.00818764358576729,0.00818764358576729
148.05921238047873,100.51221723379383,0.2794387180321704,0.0840914733308613,0.2218641735058489,49.882154741379054,49.25345232373613,-0.628702417642927,0.628702417642927
77.85903390319586,81.55988352855745,0.6671665019997618,0.0788842211335313,0.5693298173174253,14.512661575017924,13.150854658177847,-1.3618069168400773,1.3618069168400773
134.73879305713737,106.14490173110046,1.7906560136603211,0.0343157443099957,0.4655750745742247,49.27338078509141,50.91291382217966,1.639533037088249,1.639533037088249
53.185676252826006,136.59462867988918,1.5378018844488006,0.0791398685882225,0.1620976277353973,7.773615344604506e-05,0.002549159010132055,0.00247142285668601,0.00247142285668601
122.1054660897872,139.74225712283456,1.2170449879063858,0.0438989666472759,0.264641547790542,10.15702902682969,11.445827474492372,1.288798447662682,1.288798447662682
72.08527829630088,115.16521611507162,1.0706208610543642,0.0420567027726623,0.2984162036657282,1.0646257341618126,1.0961740781043963,0.031548343942583656,0.031548343942583656
95.03503857807928,99.0942344102958,1.2206993236320336,0.010349493781418,0.4753902597333247,18.60114164187073,21.354229124706627,2.753087482835898,2.753087482835898
77.0004996465014,82.9703036968138,1.1134841668365356,0.0398907573899946,0.1864440527693116,5.016013232950375,5.873109114969124,0.8570958820187498,0.8570958820187498
62.62647415645027,90.92275940840976,0.6863514329551037,0.0990367215050701,0.2467280932589182,0.4439023549131224,0.27734429804382454,-0.16655805686929787,0.16655805686929787
98.55896996593978,138.97389762304198,0.2972229630338607,0.0287007575180942,0.1767823726856784,0.0007190708038572,0.01232016424880118,0.01160109344494398,0.01160109344494398
59.473891477934416,118.89130176988154,1.6350642077928392,0.0321434938676796,0.4997521492712119,4.208418888806369,4.1409013786353,-0.06751751017106855,0.06751751017106855
73.39964787906278,128.49817319988324,1.7431954778273335,0.0776475433878038,0.4493871076582633,7.306944603257556,6.664355207888568,-0.6425893953689874,0.6425893953689874
94.90785141348758,66.61909196155118,1.1483151780990053,0.0101756542003864,0.1815001675829758,29.241126359747867,31.700261921961356,2.45913556221349,2.45913556221349
142.21997238356852,80.78299605790092,0.8063198770197405,0.0724109315941213,0.305395325437179,66.1299950774433,66.3024215753653,0.17242649792200382,0.17242649792200382
77.29217275327368,120.6580804717104,1.1041786585032345,0.0942208691288356,0.2547451364571774,1.170468764951675,0.9914742201439751,-0.17899454480769983,0.17899454480769983
139.97596153682576,125.09510158530578,1.6155071211896803,0.0205423143454372,0.3715737412125253,34.966766477840466,36.767970999422296,1.8012045215818304,1.8012045215818304
145.22600783623238,149.79826337074738,1.639811360269748,0.0369245260063638,0.2135491209520093,17.76885550526457,18.060681838353545,0.2918263330889772,0.2918263330889772
80.13778741641421,109.88699772268414,0.3750413429794557,0.0694444643771599,0.3992767864187494,1.3047416902522055,1.7490629207840456,0.44432123053184003,0.44432123053184003
145.0061967050805,122.35592919944186,0.7069998815116798,0.0495581217655609,0.1962042753942883,27.97149198016677,26.67752232325132,-1.2939696569154506,1.2939696569154506
146.41457958655582,100.64575454452287,1.82760250528466,0.0546122107290843,0.3098370665369874,58.3917724926243,55.87346077831621,-2.5183117143080906,2.5183117143080906
128.20645215724312,124.48822867999554,1.4002038798801917,0.0317809665963622,0.3993558337712419,27.938561065623126,29.89943011224852,1.960869046625394,1.960869046625394
100.8405976644627,95.29013004399565,0.5416720224391417,0.0950229011130279,0.4198963158924259,17.61919878775197,15.820048233016992,-1.799150554734977,1.799150554734977
57.61010558333624,92.28048821410198,0.200209395432336,0.0672076509314952,0.3772587372706758,0.0124511886491846,0.2749900820728035,0.2625388934236189,0.2625388934236189
133.28935948872294,64.22989967586929,1.2012372259188262,0.0450063462331239,0.1119350047773068,72.4397421498266,73.25632850864147,0.8165863588148738,0.8165863588148738
101.92245707802051,108.88693902072112,1.7621634077228103,0.0234232726814633,0.1586638969115748,7.434724038977507,6.4146581933521665,-1.0200658456253402,1.0200658456253402
93.44033190066098,115.6008108470918,1.466895894407794,0.0578309774388868,0.2525639034348363,6.791894151434018,7.4240346835562105,0.6321405321221922,0.6321405321221922
93.92106012497172,99.1183200429603,0.6446197285001638,0.0752844626787818,0.2963297333383808,8.668615120867386,9.82932093817996,1.1607058173125733,1.1607058173125733
137.05784250460067,82.64494417513694,0.5137460718281397,0.0650747483734625,0.250060433980102,57.13712491321259,57.00199083853536,-0.13513407467722516,0.13513407467722516
110.98687349855376,118.6376357366453,0.931497281552858,0.0355118848231554,0.445533788589059,17.378768733678122,17.177408801923214,-0.20135993175490796,0.20135993175490796
56.904590631459975,61.80588997618142,1.748047414850312,0.0594529533917195,0.3854362571532755,11.93357880596933,10.892973001949882,-1.0406058040194477,1.0406058040194477
61.54697751778879,105.11584139106448,1.4619402195885152,0.0273999295251114,0.5873003286317351,7.754835960055175,7.402694149307267,-0.3521418107479075,0.3521418107479075
55.80919520803498,77.93310185303406,0.9247328957564616,0.0753660028933317,0.4406509292368169,4.32736508355851,6.206695332917844,1.8793302493593345,1.8793302493593345
110.02186110619694,98.76077600551564,1.802285931596312,0.0775979212577335,0.5477782170160411,41.67737668518895,37.288215590384915,-4.389161094804038,4.389161094804038
120.06723448461598,121.67813399925107,0.6432349253322412,0.0240430312029687,0.2152585495338786,8.379271287557955,8.562483182874658,0.18321189531670257,0.18321189531670257
106.38929210554024,147.06412467498882,0.2756439152701666,0.0307760448508398,0.2177649960703051,0.0124680964077869,0.06238193860981034,0.04991384220202344,0.04991384220202344
52.56322498844226,80.02323493779457,1.0000617586841725,0.0425636798416553,0.4643772693569692,3.40647597576703,4.554960196072464,1.1484842203054342,1.1484842203054342
74.29096718216498,52.35337145784923,1.6842051992407665,0.047005157659287,0.2730859365555089,27.07562563695727,26.500819369990836,-0.5748062669664336,0.5748062669664336
96.55980181324604,139.37575082770465,1.779936275233067,0.0240455376800824,0.3962472111011771,9.72296948358451,11.479300464131573,1.7563309805470624,1.7563309805470624
71.92139873580443,146.52276595056907,1.0616757974250668,0.0392482286917202,0.2863052427542241,0.1171581480877743,0.3131581551846887,0.1960000070969144,0.1960000070969144
87.73180539631929,56.92849014442258,1.3353398390864752,0.0923060550807057,0.2436784594912822,37.57422692510076,36.60873700361593,-0.9654899214848314,0.9654899214848314
99.21166570858615,58.22436772512064,0.8660261742425914,0.0259134653399048,0.2465617060640563,42.32325376994757,44.24379105408618,1.9205372841386108,1.9205372841386108
51.911609442976406,84.76529475832967,1.97210939370088,0.0258938214732461,0.3512754780545006,3.1998767212647223,3.2692459973031274,0.06936927603840504,0.06936927603840504
50.55221171236024,96.94267516589584,1.8889728638662984,0.0329931219181718,0.2676505976528519,0.5721774184045008,1.3090166735975852,0.7368392551930845,0.7368392551930845
98.18912312704396,124.55047847165228,1.691740819383654,0.0478183749633373,0.5251912841870735,20.85304196037797,21.062154225348923,0.2091122649709547,0.2091122649709547
81.93136375904149,72.36927647647141,1.2471476132203312,0.0570442002276277,0.4078766944998688,21.909065811839184,21.578214226204274,-0.33085158563491035,0.33085158563491035
95.72304196195444,113.6312840076252,0.491617131841505,0.088024764347126,0.1938371822888035,1.283726284685013,0.9784505711921784,-0.30527571349283467,0.30527571349283467
103.83319432557134,139.26153340890318,0.3349645955229901,0.0457640874258695,0.4388225834211369,2.0870172992584166,2.1669463047607707,0.07992900550235404,0.07992900550235404
61.627368029288064,69.67405224323599,0.9911776240362344,0.0277115542081367,0.5935718616027396,12.145440755925655,10.573809811439649,-1.5716309444860066,1.5716309444860066
55.79975724727084,95.42969110094356,1.948109379472112,0.0394780222905429,0.5206559369474854,7.87142741122836,7.093605525011794,-0.7778218862165662,0.7778218862165662
117.96758674906395,131.87251375359648,0.5996670985929043,0.0619600600780301,0.2379849762040992,5.1655002007940425,4.959311116127964,-0.20618908466607877,0.20618908466607877
87.93655982041867,105.10004857614442,0.4618291401664336,0.0281393452480174,0.5437896357947709,7.509317891786591,7.364077950696765,-0.14523994108982574,0.14523994108982574
104.78708106372198,139.739667203008,1.4845377607663413,0.0363311022011219,0.2369229078740205,3.988787811873955,4.646698067666655,0.6579102557927001,0.6579102557927001
83.32417405507277,70.57461820460875,0.9933559681090942,0.0418251604898497,0.1250601973131047,15.807452271960884,17.69448293039978,1.8870306584388956,1.8870306584388956
57.26823155898148,135.38519081332146,0.8738851008832608,0.0805018440312298,0.2187959577492488,0.0002254204360247,0.006821790748956424,0.006596370312931724,0.006596370312931724
144.7170616843394,58.32407478786838,1.800779359984803,0.0265567756069506,0.3427218212201461,89.3927012795935,90.18824221874776,0.7955409391542645,0.7955409391542645
77.3871819705371,122.44216851730408,1.7391324219333326,0.061631685711219,0.110036305964766,0.033883348247353,0.17849403538528683,0.14461068713793382,0.14461068713793382
116.47392049108464,129.56301142973078,1.6733627147535126,0.0360220130091503,0.5939641688150095,32.97356920688883,31.218067852332982,-1.7555013545558502,1.7555013545558502
51.99729325780281,141.45480791011562,0.8247768547166375,0.0195376533609404,0.569687502399783,0.470159939735435,0.9133798448922202,0.4432199051567852,0.4432199051567852
142.87241979920444,111.08912001414971,1.1109740716580014,0.0538240216283349,0.3561331475006909,43.4117108460167,43.01512241431263,-0.39658843170407465,0.39658843170407465
135.22142067229794,65.25771918448086,1.6195499148640369,0.0872730387264834,0.5187234373214824,81.00410165464754,78.36876711070525,-2.6353345439422924,2.6353345439422924
118.67557202819089,72.4323918716195,0.9219754823180424,0.0321028615216698,0.1560823767392727,48.35644612199656,49.16100999867243,0.8045638766758643,0.8045638766758643
105.50826014376511,120.0153578736574,0.669542072939192,0.0571657938723222,0.2088115537188323,3.5525713898799687,2.5732926780172676,-0.9792787118627011,0.9792787118627011
81.50658752609141,62.28446609621198,0.3243108349653276,0.0295959045977967,0.5611165549194052,22.194425129545596,22.319939669435282,0.12551453988968575,0.12551453988968575
60.802575413069135,70.38186801848832,1.3524217782893138,0.0910783728533196,0.2599615482607998,6.701054680440869,5.808052340274986,-0.8930023401658831,0.8930023401658831
89.21348291027752,88.05776279362848,1.818092512457269,0.0875356054135984,0.2153016531582957,18.141924622731374,14.266954865436421,-3.874969757294952,3.874969757294952
127.86746648941558,91.89684476411472,1.383424359088096,0.069618329959641,0.1874240164789456,44.636963699350346,43.95001199092519,-0.6869517084251555,0.6869517084251555
81.64571308744162,124.60812668313262,1.4384229095881869,0.0130850131543289,0.5092371583988128,9.066279235349874,9.919784653432869,0.8535054180829942,0.8535054180829942
97.64457362938286,88.86746656602726,0.5916540372738254,0.0128780800826765,0.1239201132265613,10.097437058752902,12.957044547038024,2.8596074882851212,2.8596074882851212
120.6642521748934,75.56422298996036,1.839415211159895,0.0347258539056084,0.2678549777749022,50.83113296266587,54.25943917942786,3.428306216761989,3.428306216761989
112.47838627894023,116.90954448552571,0.2671633555615376,0.0964260331628825,0.3991009156414746,8.589194027339616,8.967701951930207,0.37850792459059157,0.37850792459059157
144.07508592344612,86.04158529480014,0.994723449760714,0.0392301882064762,0.2285878677621676,61.38753136638104,62.50708021735006,1.119548850969018,1.119548850969018
89.50885223566328,114.2377711857777,1.4480772687727448,0.057994235563124,0.1011210871906861,0.5200752120476047,2.3406328662002913,1.8205576541526867,1.8205576541526867
71.99245480393742,124.11077970188848,1.1543104115954177,0.0157587672328248,0.5905493390755994,6.577640050226561,6.1896712469719,-0.3879688032546609,0.3879688032546609
73.36077510499099,75.303154353214,0.6677967978771809,0.02437330678611,0.4715203112276886,10.90352761592386,11.443822300193421,0.5402946842695613,0.5402946842695613
69.06098330744499,64.13127444941603,0.1568427119948569,0.0116202865182181,0.186662321406502,5.435611558306036,8.429764407183272,2.9941528488772367,2.9941528488772367
128.06820746878623,114.81104088762916,0.7684843361680422,0.0913423003163799,0.5123281210720468,33.018758433728934,30.293334432553287,-2.7254240011756465,2.7254240011756465
136.79939333361105,76.78576473604963,1.7416593864339676,0.0907142840354184,0.3487944203450085,72.23421941718891,70.8029945581605,-1.4312248590284042,1.4312248590284042
135.23653492620437,57.89120312421328,1.7080312071732418,0.0812040896554161,0.1182013700863283,84.8428271523234,83.94984678483004,-0.892980367493351,0.892980367493351
90.34809690269996,50.719295600786,0.9670691842743387,0.0654238482001892,0.5754399156111533,45.0653389481475,41.79345767266705,-3.271881275480446,3.271881275480446
75.93658211674949,113.95258832179516,1.687198152684405,0.0935491464744688,0.24888952254803,3.5109708355048745,2.9912838265874355,-0.519687008917439,0.519687008917439
116.24968731842785,64.87155689001048,1.555167133216146,0.056312140099978,0.354115555759949,57.828960215009694,57.95933420501066,0.13037399000096883,0.13037399000096883
111.65878380712464,125.50854635716348,0.900401446692528,0.0672559384326798,0.5000793110364791,18.459872396190377,19.23297861697402,0.7731062207836423,0.7731062207836423
50.92525224359024,92.75807369730472,0.3634624121953193,0.0183173936745746,0.2419409150598626,5.320100005511727e-05,0.03069321903616194,0.03064001803610682,0.03064001803610682
95.96327543564604,108.39746522882668,1.589431401937072,0.0788592177501415,0.144021060769563,7.098596705026338,5.912883934981386,-1.185712770044952,1.185712770044952
85.12193873487809,104.48351546889944,1.202900766496406,0.0162693658499233,0.2306414203654194,3.1770786732135043,3.7218939544054916,0.5448152811919873,0.5448152811919873
74.89435247968729,93.48032044850224,0.73283743628774,0.068002542775873,0.5497184165094361,9.200454736530183,7.8966520491994,-1.3038026873307835,1.3038026873307835
125.84459569998644,136.32655834919734,1.6459521322736606,0.0213187235613674,0.5191536846340986,30.7677721560146,33.31769272239458,2.5499205663799813,2.5499205663799813
140.40817085413082,74.11029889066349,0.7483097325126818,0.0958447364162942,0.1971742709090786,71.42709918878202,69.05455103300383,-2.3725481557781904,2.3725481557781904
57.17105208849327,148.38980363600177,0.9372719441970206,0.0310599727398361,0.1483039776776213,1.1513258596132783e-10,7.095794379239036e-05,7.09578286598044e-05,7.09578286598044e-05
138.58827375717442,71.82118610193402,1.5483732289118155,0.0599223994902129,0.4626601437025164,75.54186826417703,74.6381981026618,-0.9036701615152225,0.9036701615152225
77.18883219185247,79.24114651097351,1.5488129231491727,0.0553566396848205,0.2322186173056142,11.022189312019307,11.425731523114685,0.40354221109537747,0.40354221109537747
70.64426921290689,54.25266419621969,0.8375284157414269,0.014932501625631,0.2659678440061949,18.017696768248392,19.60159256049342,1.583895792245027,1.583895792245027
78.66592484472527,63.62586624281913,1.4239249189247123,0.0131599332248305,0.3088330318408825,20.353854118247234,21.631452843615072,1.277598725367838,1.277598725367838
112.38958362916384,148.9355015127519,0.0969998881667139,0.015044586843449,0.5888024826543868,0.6506756373444649,1.1373323962511201,0.4866567589066553,0.4866567589066553
65.26581645407838,86.82301891608319,1.4051734525218778,0.0247653019615681,0.1575509819009311,0.5733510596981608,1.0524989123109763,0.47914785261281545,0.47914785261281545
88.15388424735465,64.57097728687289,0.7639069047895979,0.031191350627897,0.160790838131671,25.133047932179387,27.59929082931014,2.4662428971307513,2.4662428971307513
108.12382214226122,116.3317843674481,1.8176897601406885,0.0651903240851023,0.4362870651236027,26.923485553358496,24.782812417002354,-2.140673136356142,2.140673136356142
115.87833667107174,105.15342496463606,1.815338247106013,0.0441189780823268,0.4228536831231156,34.39658726433909,32.85312432278689,-1.5434629415521997,1.5434629415521997
135.4820052992188,90.12945486287995,1.5619574138525023,0.022319077121122,0.2814666038682585,50.3216806897251,51.8910608660155,1.5693801762904016,1.5693801762904016
105.18287335341684,121.06705990412712,0.3813846781438718,0.0495368188284872,0.3332750485652337,3.923174317752341,3.185408793640059,-0.737765524112282,0.737765524112282
147.7182906594996,94.23188563623752,0.8238283506975426,0.0325406858533376,0.3977631975755026,57.79407324489891,58.5848995071472,0.790826262248288,0.790826262248288
95.13360327392888,83.46849511031178,1.7750521418873777,0.0670736732077364,0.572007632050228,36.90018204126184,33.00950413071691,-3.8906779105449303,3.8906779105449303
131.96770027804592,89.22202286020278,0.7976195565115007,0.0796391635196051,0.3732743135676439,49.61166555112219,47.78895247397306,-1.8227130771491247,1.8227130771491247
142.31438877168577,136.13499910986286,1.2158068773312125,0.0641935722715663,0.3767141980976676,31.202396902875805,31.328288193962695,0.1258912910868908,0.1258912910868908
53.18847952085921,105.5002472376395,1.6328586270276422,0.0387364700414135,0.5376564715933382,4.787817247431413,5.080183908959423,0.2923666615280105,0.2923666615280105
132.89154741506775,118.98516287463016,0.1843382314024072,0.0906532437306851,0.5448945331721367,21.244027222945206,17.776839236860134,-3.4671879860850723,3.4671879860850723
73.70772875562146,83.54967203309283,1.0420400287231957,0.0176197348930358,0.2505224144991265,4.440537670210848,3.9157148317027244,-0.5248228385081233,0.5248228385081233
71.93204012113821,139.89481855810442,0.9744968117036836,0.0404995709160358,0.4477900700296321,1.514162090812099,2.6247894580298774,1.1106273672177784,1.1106273672177784
66.73213040010603,138.1390998636897,1.0403334708884546,0.023146152915038,0.5864807922765858,3.244804450110708,3.6553551214793174,0.41055067136860934,0.41055067136860934
52.34590217211544,91.6830224864045,1.5220661298142344,0.0730562033223249,0.2591212270075698,0.7523070398290956,1.0382070217116868,0.28589998188259114,0.28589998188259114
106.52889599539822,77.25505326542967,1.7614702379328602,0.0599326822917646,0.3165704415426804,39.89479564415831,39.6452824959568,-0.24951314820150827,0.24951314820150827
68.65579121956156,122.48295255132646,0.5681318103506169,0.0711874147077345,0.4543928686526277,0.7556782588286763,0.781404024074986,0.02572576524630965,0.02572576524630965
147.94507631128238,102.56155975200409,0.6727212680540066,0.0261528121638401,0.1447806510972229,47.17452576572262,48.944202624325996,1.7696768586033755,1.7696768586033755
82.75472709384928,96.87256046141798,1.7457848710773394,0.0391080553834426,0.3278860603714131,11.300657424118796,10.72445216477709,-0.5762052593417071,0.5762052593417071
102.83446934365544,63.35975598960155,0.2745606656412462,0.0131067174787823,0.4895598084148745,39.92819643993848,40.130977912712524,0.20278147277404202,0.20278147277404202
116.37343606939385,126.9467274634464,0.3645070008661396,0.0760560420162921,0.4709997295123928,10.299041488082024,10.209848459889747,-0.08919302819227681,0.08919302819227681
76.57736568174354,55.64328807443481,0.6093260898138095,0.0629470467593244,0.3035546623378229,23.46075908235505,22.858099601850686,-0.6026594805043644,0.6026594805043644
100.607389846671,79.2051229416978,0.8127566779531032,0.0251732474464244,0.4186525223607539,27.820969139325623,27.53629832757966,-0.2846708117459613,0.2846708117459613
145.3435824757835,56.96078337231593,1.6220396128609351,0.0583986414201498,0.3741272609222235,93.7489956013275,92.2942406383206,-1.4547549630068914,1.4547549630068914
103.302886724614,131.05931608770095,1.707135477446465,0.0267059376468846,0.2286582795273864,5.299743270659196,5.548908655107645,0.2491653844484496,0.2491653844484496
131.74764393049207,98.98833384988204,1.7868465220772984,0.0582736442850706,0.3292795144224723,47.39177271176708,46.94104409973633,-0.4507286120307512,0.4507286120307512
113.64104112637804,55.34555139831984,1.4774598484726909,0.0936209248716637,0.1223976735727772,65.44508469414185,65.75985364663681,0.3147689524949584,0.3147689524949584
60.4075956418247,142.85721953957477,1.8382002300839115,0.0869785790148289,0.2499351036467871,0.2028011432614702,0.3693751622402002,0.16657401897873003,0.16657401897873003
52.39754473765317,75.17759322271701,0.7418317498010082,0.0481964845335703,0.4640366863051058,2.8567213019592383,3.2074090209333264,0.350687718974088,0.350687718974088
53.019201533718864,81.76612285294974,0.4663553095562045,0.0496636329923758,0.2061658864855181,0.0047445820091488,0.1324146342810061,0.12767005227185732,0.12767005227185732
126.00055449620984,111.88063073304237,0.470598624667177,0.0980858932270127,0.370387905311607,23.731110697195973,23.269824443451334,-0.46128625374463894,0.46128625374463894
138.90360441332015,132.75324879395754,1.1377238224170927,0.0634458861877753,0.3017844607667368,25.568227000035407,24.29077646182884,-1.2774505382065655,1.2774505382065655
61.28581447127623,142.3094445883692,1.4576083583407426,0.0872277786740302,0.4423987877563128,1.911210979750538,2.580334099093878,0.66912311934334,0.66912311934334
52.64469025976675,114.91036348645996,1.4871591127834305,0.0515075294930269,0.1914138241420636,0.006275615721815,0.040829369639086385,0.03455375391727138,0.03455375391727138
111.9207925029823,74.6162460032067,0.8097855766938655,0.0190364145754945,0.4599426022837094,41.43318583429081,41.33809700337116,-0.09508883091965004,0.09508883091965004
147.11509073682856,80.50949811535126,1.5547456089918013,0.0383014845659707,0.1383899569601498,71.26016500114723,72.09009364244488,0.8299286412976556,0.8299286412976556
149.21580148233127,55.88963254277152,0.7297281054283248,0.0469631222295805,0.3650527454651376,95.2131922132276,95.2464201326043,0.03322791937669933,0.03322791937669933
52.076408972446096,95.72649252341736,1.0516012327225834,0.082190128513803,0.3689809731627285,0.9669613378479448,1.4614394319332642,0.4944780940853194,0.4944780940853194
97.24603288539475,130.70785808357405,0.6055486763990202,0.0856136461509742,0.4213986516386506,4.739948132340238,5.716120071598895,0.9761719392586565,0.9761719392586565
130.78459419412587,81.83252130562673,1.7739492354588535,0.032817464411806,0.4500093432471012,59.6913615903344,57.33655543739067,-2.3548061529437305,2.3548061529437305
87.48522727968046,52.59383562486888,0.2251174130693836,0.0450628042699409,0.4731184770843111,35.47549216065364,36.42578133013172,0.9502891694780828,0.9502891694780828
52.0909512335235,51.96625899758818,1.5718452401532477,0.0134831032651428,0.1973261498243453,5.698437347562031,7.476280271267587,1.7778429237055562,1.7778429237055562
74.71769690106062,106.65070641877756,1.7432455971527805,0.0140184872226748,0.5500364277721717,13.116769018910066,14.33931661275328,1.2225475938432133,1.2225475938432133
94.74123668234546,89.1218165041421,0.6890368780878471,0.0585949690301423,0.321027002370814,14.810971751092524,15.492944901399529,0.6819731503070052,0.6819731503070052
89.90027038701302,80.17575572502308,1.5819456017718838,0.0231439740172863,0.1869470839046313,15.678209190432083,18.97632283033246,3.298113639900377,3.298113639900377
109.11550046227391,115.7659510848882,1.2166552506279136,0.0164312172067912,0.3200993922622712,13.51095754753078,14.355780092609814,0.844822545079035,0.844822545079035
89.95064752605643,81.29669727004824,0.4922437339675366,0.0883270788386279,0.4991469657730324,18.68625294970073,16.327197807389567,-2.3590551423111634,2.3590551423111634
109.71243771775492,76.10005690799082,0.6634622858232466,0.0652465634606066,0.36275527280245,37.83090486161633,36.95881877042385,-0.8720860911924788,0.8720860911924788
69.19755058592378,108.77744901689258,0.3043971254700893,0.074071928419076,0.2620371832637876,0.0052030105122101,0.007143370674366528,0.0019403601621564284,0.0019403601621564284
139.4521243549935,119.40112794160504,0.3722855784555599,0.0612392568726288,0.3615667086568034,26.07203424952773,25.74246833496738,-0.329565914560348,0.329565914560348
59.13714405614148,99.94723703137797,0.7072733738538223,0.0635902303429697,0.4202595032615109,1.0573064363929676,1.6208220481639746,0.563515611771007,0.563515611771007
116.30272037231474,69.24456053612408,1.7772804620877436,0.0276087789914398,0.5964718590049943,59.666511692466585,56.981079486269145,-2.68543220619744,2.68543220619744
130.9874445854635,94.85157072182318,1.9815448466622685,0.0117372236026479,0.257363636395066,41.89876892577124,40.8627306923013,-1.0360382334699452,1.0360382334699452
88.80492700584142,147.6621101351359,1.7843315426266362,0.028110356911462,0.2168110849732018,0.7771964273136893,1.5399251392884026,0.7627287119747133,0.7627287119747133
124.76518245649778,136.2709588779548,1.8566894691502245,0.0755049417903473,0.45539398416695,32.88786965840594,30.393166423519627,-2.4947032348863125,2.4947032348863125
131.29529836472062,87.67625812463521,1.0729102627554123,0.074793173027454,0.2925580070609594,51.104248459304415,51.608823694627006,0.5045752353225907,0.5045752353225907
74.42902945371645,123.4058900969136,0.9651398514924298,0.0518278813435107,0.1616374227654954,0.0089125606570009,0.04115597914736386,0.03224341849036296,0.03224341849036296
107.4473113179912,53.82641449893013,1.950353491890953,0.0971073740286606,0.549418658514351,66.06216575387145,60.89890770553376,-5.1632580483376955,5.1632580483376955
124.16414518360422,114.33024784941831,0.4583161523637124,0.0213590209782405,0.1273240151571558,11.689874654722487,14.41399508290582,2.7241204281833333,2.7241204281833333
85.45482088286073,54.3363300168227,0.339452937068049,0.0356805148674428,0.4304295929781443,31.982855606550835,33.55477099782326,1.5719153912724266,1.5719153912724266
141.48459010681,83.4493334011551,0.8712839472570368,0.0878341744294467,0.5973113650067385,68.20798922665097,63.51794801351692,-4.6900412131340445,4.6900412131340445
105.79487414344806,99.14258300809564,1.163757031667901,0.0518951162350975,0.5138561726544373,28.509312740850724,29.24075580857619,0.7314430677254649,0.7314430677254649
107.24077259677652,106.6174541755478,1.643034800750219,0.0191560872043838,0.1317553099236691,9.219756011056596,15.038186578210523,5.818430567153927,5.818430567153927
118.69274167743023,56.510469250491326,1.1319304625191415,0.0182654201367056,0.4929993216893834,64.68678919291868,64.54192134903377,-0.14486784388491003,0.14486784388491003
62.32474581325515,58.18189045647381,0.5559743504172724,0.0281574718334419,0.5402541630726756,12.2752222936405,10.632292602200728,-1.6429296914397717,1.6429296914397717
67.18294603576584,86.44047061362373,0.7720506702951487,0.024637533483678,0.2644155419660748,1.4467732532624191,1.237841021849943,-0.2089322314124762,0.2089322314124762
51.06074233703194,60.68116772457537,1.072423291153467,0.0861771798319784,0.3539658482629718,5.785718078241533,6.21788310563097,0.43216502738943685,0.43216502738943685
115.5848948573874,86.97879475213253,1.870645544850708,0.0767205765512358,0.5328870201853623,51.54386146582431,47.3746764317567,-4.16918503406761,4.16918503406761
103.20868239380113,64.21270369158766,1.1481246944562369,0.0929231722593479,0.1758309393634201,45.49796577949338,44.442696125773615,-1.055269653719762,1.055269653719762
54.03252397209507,68.76806343209775,0.4208669793509539,0.0958606920928494,0.3937420164916427,1.870594941887028,2.084241097803395,0.21364615591636715,0.21364615591636715
60.15721436446613,126.45497359690016,0.8331163139303398,0.0852119205450744,0.1103818346042411,1.5666969374208658e-11,0.007093976643717799,0.007093976628050829,0.007093976628050829
132.0641560354479,92.01030314057463,1.0242421694451802,0.0795587132491832,0.1348305301526627,47.256432898235786,47.47143995409396,0.21500705585817315,0.21500705585817315
55.77321592251173,87.00620628699755,1.7952433485391543,0.0983914399072829,0.1120551214683131,0.141505620279057,0.4752401271559313,0.3337345068768743,0.3337345068768743
137.1843527745232,149.68214498961828,0.5009149494184121,0.0564348487013423,0.3192631165781009,8.979659575338502,8.908656369107133,-0.07100320623136902,0.07100320623136902
66.2229571096497,127.63934240664878,0.5113934416526225,0.068782585543255,0.3438316824241662,0.0408449834079048,0.02472658196568615,-0.01611840144221865,0.01611840144221865
85.0718509454251,71.74047997424628,0.8173176344581383,0.0128026543710121,0.1443492923230771,14.460851262947813,17.101690085522982,2.6408388225751693,2.6408388225751693
69.34353429564825,108.21076831802225,0.405815965994088,0.0893399037142826,0.5001327457579998,1.2682221683218549,0.8208917029963134,-0.44733046532554144,0.44733046532554144
77.87073456207087,62.17398852603333,1.8182425159742548,0.0134586046779252,0.1820226687618099,18.554213453772874,21.097630961934716,2.5434175081618413,2.5434175081618413
122.89392001051571,62.90533865094061,1.7748652593966137,0.0794337815022243,0.3053602301713843,68.54437673135006,66.20089192103272,-2.343484810317335,2.343484810317335
61.00519245276767,105.57228691248918,1.415088675430043,0.0505630055237936,0.2605390852817585,0.637975059874595,1.0850408135950276,0.44706575372043256,0.44706575372043256
53.2526179491252,68.08740382214116,0.9227206173704402,0.0439725870448031,0.441968675078858,5.028050759922559,6.18083442062399,1.1527836607014308,1.1527836607014308
130.28534485980114,142.50866324861406,0.0536152151389659,0.0770778752573354,0.4750986712403722,1.8685843357832892,3.615257732894329,1.7466733971110397,1.7466733971110397
114.12149902350248,84.553675769568,1.724747062443416,0.0219745358052676,0.4945274997514131,44.39011317055781,44.141572196337805,-0.2485409742200062,0.2485409742200062
119.28083938491004,52.296521028891576,1.48014478843545,0.0307356029865258,0.1749653350815739,69.31022478305076,70.694418088676,1.3841933056252458,1.3841933056252458
65.62015079305993,54.97182924879691,0.2185301161633516,0.0394904286350499,0.3412691579179908,11.695478183468822,12.137451610087618,0.44197342661879624,0.44197342661879624
97.4325570550291,145.27795257670556,1.155135697310458,0.0123080123981289,0.3698482550697243,4.095867187949139,5.8148451196574635,1.7189779317083245,1.7189779317083245
70.94283861389336,63.38014015014137,0.0553439609069443,0.0386030845785834,0.5349847270791203,8.524203598363215,13.065138126738885,4.54093452837567,4.54093452837567
50.418744362795785,79.92728927440308,0.2870458389488996,0.0361795365315068,0.3549288926848494,0.0357871541968637,0.3241157790706964,0.2883286248738327,0.2883286248738327
78.54052903028415,55.05168895598423,0.6657684596220228,0.0191543002229753,0.471218079618143,26.42892326463153,26.689100641315186,0.26017737668365726,0.26017737668365726
93.25644992684316,60.23662209529565,0.1443746884977408,0.0461960290069956,0.3960320640651366,33.42536913943973,34.671255011227736,1.2458858717880048,1.2458858717880048
52.48093300425658,68.39717607438337,0.6077816054701439,0.0471295779754859,0.1111652282521875,0.0049805097118109,0.3986205987475349,0.393640089035724,0.393640089035724
135.05801973065994,65.74142005921777,0.6235094897818302,0.042589327771014,0.2686635588771666,71.04044211053177,71.44257428341511,0.40213217288334135,0.40213217288334135
57.67273719282059,55.95665753757322,1.9868487256543208,0.0596461334788299,0.1280601750214904,9.080476306828508,8.993952178114839,-0.08652412871366977,0.08652412871366977
76.19098918753895,81.68891190621503,0.5604737591834903,0.0676864925984037,0.4942332440939821,10.17594660333526,10.040195812906147,-0.13575079042911398,0.13575079042911398
119.10558127392618,100.63615596305084,0.2129479791110448,0.0295963794117229,0.5870181264232669,23.7077918516097,21.875419731065556,-1.832372120544143,1.832372120544143
80.39425122550273,57.39217166457637,1.7851756606805986,0.0516295339152041,0.5362032175294971,35.64011842964142,32.64975137468502,-2.990367054956401,2.990367054956401
98.38025398606472,94.08723714950776,1.8086328716905635,0.0236409362235021,0.2597045299428633,17.586015651831964,17.696489503017606,0.11047385118564179,0.11047385118564179
130.42029072977812,137.46814531539627,1.6946366881746795,0.0354424272420792,0.4821498420812297,32.49479471444365,31.4570582170672,-1.03773649737645,1.03773649737645
91.39260580525888,110.02061764059684,1.7606203834849683,0.071283583389964,0.3111436401240428,12.742999689729912,11.524456136446302,-1.2185435532836095,1.2185435532836095
70.4008636510767,122.24495561298212,0.6449454691488139,0.0882912442246751,0.5892995400487854,3.198372395829418,2.791785113174469,-0.40658728265494926,0.40658728265494926
118.57127688246808,77.53707241216709,1.269064177696004,0.0968403704531713,0.5722189251917361,56.20157260368713,52.19516340242843,-4.006409201258705,4.006409201258705
137.85307492071558,86.09815290338591,0.8681527736698584,0.0442430372399878,0.3821858386036263,56.291297570993336,56.61502180804037,0.32372423704703124,0.32372423704703124
95.56836665013164,57.79583441403923,1.979599751657984,0.073890486929715,0.5962489045628822,52.56672697522495,47.59895291999574,-4.967774055229214,4.967774055229214
88.92956140419766,100.74743546634076,0.2339327294802806,0.0207926188940664,0.3803923190452539,2.685151812112061,2.607623371756274,-0.07752844035578699,0.07752844035578699
64.98942953281582,104.81549299661788,1.333273160567425,0.047915952654629,0.4758811311765201,5.60243937863892,6.036886614700943,0.43444723606202285,0.43444723606202285
128.5651618080232,148.54817505716017,0.945956095783676,0.0694162931631528,0.172855443823527,4.659371723475353,6.0175907470358245,1.3582190235604719,1.3582190235604719
59.19645673175136,139.78194918410608,0.5145867263543886,0.0364352926632025,0.1751165216897682,1.8005070292195743e-11,3.3605152835725156e-05,3.360513483065486e-05,3.360513483065486e-05
70.70008315580452,55.07522911234778,0.380576419082183,0.0632534621821588,0.1702437408028161,16.94409049617846,18.070172165694487,1.1260816695160258,1.1260816695160258
70.37173932776666,146.19429670527364,0.267522504048054,0.0863127418090664,0.3064169874614801,1.2883951402943778e-05,0.018595498751597616,0.01858261480019467,0.01858261480019467
96.48547808132707,51.960356804628205,0.5087244191132176,0.0422219726072944,0.5728261706863448,46.33642221537279,45.52038983582261,-0.8160323795501796,0.8160323795501796
143.8883315070567,98.64334585878936,0.2544159167649164,0.0767690980444248,0.5991669028623571,48.7167118241258,48.316418013419444,-0.4002938107063585,0.4002938107063585
71.09698906199505,71.75311737943672,0.3126730556291955,0.0944802111242074,0.3347602468822557,5.995370195983298,5.523902323432845,-0.47146787255045375,0.47146787255045375
119.8615306011121,75.63837475326672,0.2866012033259924,0.084948781410987,0.5077274743810691,46.42041105468145,46.657125829833916,0.23671477515246409,0.23671477515246409
135.46075627333713,122.6014354314904,1.489450460809314,0.0845710605435569,0.2071663594161465,30.468290039664453,29.75935056727733,-0.7089394723871223,0.7089394723871223
63.93560740728241,112.91222193389996,0.5428352135186014,0.0453926483738859,0.5609361977156206,1.5020669033624916,1.043951223478433,-0.45811567988405866,0.45811567988405866
81.56684811640659,110.90589161941482,0.2555229912951836,0.0163882738841855,0.4962334170884923,1.306391482931904,1.7109730022306806,0.4045815192987765,0.4045815192987765
142.57885494945683,65.07354834807833,1.0491316273045994,0.0720173427636611,0.5092374619858696,83.21745087987352,82.94761014441589,-0.26984073545763465,0.26984073545763465
107.1339528453077,81.23461437185918,0.3942232857970201,0.0163519638909167,0.2097143912162064,26.48998640925608,28.499581149836384,2.0095947405803045,2.0095947405803045
109.29542729274031,90.36942100227095,1.1490479125365978,0.0236709527992127,0.3235032332217503,26.795010296785904,27.86458157046409,1.0695712736781857,1.0695712736781857
98.86438970987584,69.43584694494285,0.9429423531377692,0.0988225884212705,0.1247413566710155,35.6068004046037,33.55961650912681,-2.0471838954768913,2.0471838954768913
121.20140203307808,146.0592287856179,0.0533224646800595,0.0886037899067517,0.4996397740574207,0.3760961473459971,2.5124794510269477,2.1363833036809505,2.1363833036809505
87.81548185607417,111.96317513185524,1.357994802693852,0.0146404904910011,0.5907265590933224,16.95544219677815,15.739242800008933,-1.216199396769218,1.216199396769218
79.70805498779984,148.98826137693334,1.3878273218195585,0.0347348169169827,0.3903715154833744,2.4037270800490926,3.196552898746517,0.7928258186974242,0.7928258186974242
104.16342146608667,53.8307221991451,0.5999801962119345,0.0644827865400621,0.5590659483052207,53.07892458902047,51.728786110003234,-1.3501384790172324,1.3501384790172324
143.83297785765183,108.72303282634098,0.7065358005735615,0.0601559414838417,0.5554286820471095,47.80718066264464,43.79553767165844,-4.0116429909862035,4.0116429909862035
77.14920025427114,77.52199234380856,1.4544642480929848,0.0117921096895219,0.3471831829239549,13.193248743485816,14.014614625063489,0.8213658815776732,0.8213658815776732
123.32782958676516,66.11491942883632,0.6323081352832185,0.0260200558695405,0.3540922566381375,58.39097636604345,59.876042197998785,1.4850658319553318,1.4850658319553318
92.63983568016224,112.1297034216789,1.8415004356239748,0.0536987798248696,0.4189597284274962,17.542070825607603,15.587445923613753,-1.9546249019938493,1.9546249019938493
74.18932941128892,51.10543986970095,0.7325601915106982,0.0118034555089343,0.2735035245657428,23.83358940038944,24.11920691119883,0.28561751080939146,0.28561751080939146
66.30191138148862,119.74970102885749,1.8527114109143905,0.027362206592373,0.192862883842741,0.1640072086977979,0.16834803649932495,0.0043408278015270585,0.0043408278015270585
74.20399927760465,59.13017066067323,0.8270118794436788,0.0476648341890985,0.2096997858345516,17.8146004163142,18.644634761841246,0.8300343455270465,0.8300343455270465
54.92736535827714,115.4033006981574,0.7606039289485224,0.0926558366485847,0.1147325530034893,1.0299630507007392e-11,0.0002728500450957988,0.00027285003479616827,0.00027285003479616827
138.1105148356566,131.8819386870304,1.5432339970026463,0.0714045249639369,0.4584007871323908,39.75558312451493,38.60017830177901,-1.1554048227359175,1.1554048227359175
136.46591138898918,132.18090528872506,1.1351689907306273,0.047614083511015,0.2851762904095516,22.042203417695944,22.307176629211643,0.26497321151569864,0.26497321151569864
85.36378631401104,148.95683115440448,1.3736149577590893,0.0675330167867165,0.5200205843259446,8.21577125333971,8.363480197807021,0.1477089444673112,0.1477089444673112
122.44604232514118,116.2806656559933,0.7245900751348255,0.0247922085847036,0.2951142189653126,16.394169661556198,16.675326788140172,0.28115712658397385,0.28115712658397385
117.97086292790952,56.22439664949028,1.6490615054501885,0.0281284316007558,0.5235980323175089,67.36074340901196,66.56987907213178,-0.7908643368801762,0.7908643368801762
52.16269924617938,111.46256083794452,1.3259276479015052,0.0243103671559974,0.1628916650774131,0.0001720274718237,0.005011901674205458,0.004839874202381758,0.004839874202381758
120.89751459393388,107.407601584746,0.1900173931309621,0.0919756901488681,0.5294498301549054,19.816052922148373,19.491948067744634,-0.32410485440373904,0.32410485440373904
143.72620447778405,63.49869887075079,0.0710657183675175,0.028921646195232,0.4647166882963259,80.35788283756476,82.22378814381712,1.8659053062523583,1.8659053062523583
71.77991151164215,73.65182208447206,0.5153577724834153,0.0248647567155298,0.4329623162134194,8.463136495494616,8.407398281019601,-0.05573821447501537,0.05573821447501537
134.81092350156302,78.10651489467352,1.496807816520231,0.0577355415799033,0.4890098947371067,67.43764053648073,65.41809818720218,-2.0195423492785523,2.0195423492785523
124.52147426908346,100.1893025160152,0.1092388712711055,0.0260444391693247,0.5564844836628458,25.77019579527756,26.74714888499401,0.9769530897164529,0.9769530897164529
115.02969740735077,106.4563141177475,0.5356358818649678,0.0250405913495742,0.1585294472598633,11.56913570455093,12.973661927326752,1.4045262227758215,1.4045262227758215
110.91748793796582,113.27803099917956,1.9184897292702732,0.0456619949020494,0.3515492672434754,24.407678830119288,21.242033536399248,-3.16564529372004,3.16564529372004
134.72094875733887,145.3597935814953,1.1159489276263088,0.0914838694743738,0.3767203673824923,22.75376479237709,24.84757847727414,2.09381368489705,2.09381368489705
144.07845205031077,127.9044870197432,1.847047043585057,0.0273224134715891,0.4815684203071554,46.40438314520842,46.525642479062526,0.12125933385410548,0.12125933385410548
141.3041466889856,53.972915336469086,0.8033123340462383,0.0110520746077203,0.4970611393095679,88.00454247463037,89.32044659978752,1.3159041251571466,1.3159041251571466
56.83532003099586,70.15379369876668,0.1196590885482253,0.0701215070216903,0.4649680624387885,0.5033033678221006,0.7905266081318759,0.2872232403097753,0.2872232403097753
54.18803938387755,54.482671415349856,1.4217989508543865,0.0762480437979528,0.3628188574889721,11.722116083600294,10.809766335434194,-0.9123497481661005,0.9123497481661005
125.45395326953876,73.32561352149831,0.4796309685189978,0.0771053277347313,0.3450618036304119,54.85103442105772,54.91261643287561,0.06158201181789025,0.06158201181789025
88.11468820347355,111.610620670288,1.9140369909084267,0.0870905703416153,0.14609460477003,4.600188167428627,4.068555511629657,-0.5316326557989699,0.5316326557989699
120.8954123428422,52.23748457715784,1.3350506286973514,0.0396765578984483,0.5434325339143948,72.99642099023248,72.74153733817391,-0.25488365205856667,0.25488365205856667
87.66764404294625,145.03871441791125,1.4687594097814367,0.0883751098713453,0.2895458771636445,2.699692978721677,4.3739296423986085,1.6742366636769317,1.6742366636769317
93.45309633044954,83.60510462505925,0.5133229229278655,0.0872592460133718,0.4439435222405484,18.99025704636876,17.43415086218345,-1.5561061841853103,1.5561061841853103
86.6721908593799,122.06842502713152,0.1463145485527074,0.0193527953894163,0.1469176915110439,6.860390438709527e-10,0.007838548386474015,0.007838547700434972,0.007838547700434972
98.8155956087309,129.02008240385598,0.3275968862451101,0.0836084569500628,0.13151704477684,0.0016756530104363,0.06312166046164945,0.061446007451213154,0.061446007451213154
149.06955658991805,73.00123400151645,1.6372601555867992,0.028297286066179,0.5644675055280679,84.68877606746858,80.13223383119926,-4.556542236269323,4.556542236269323
76.24160816962144,94.25112319453147,0.7943125053127514,0.0484650266631978,0.5239192945309936,9.213223161079448,8.217284136275493,-0.9959390248039544,0.9959390248039544
137.33694396494187,145.3525262934058,0.4149979749228351,0.0259171175066043,0.5294647920831995,15.975616476552524,16.605846161177357,0.6302296846248332,0.6302296846248332
73.90663840750297,89.77319573036873,0.8242557605615753,0.078818861211702,0.3056433322276105,4.534766528495108,3.1629103002133188,-1.3718562282817897,1.3718562282817897
95.06882886051886,105.4113382090202,1.880902238206188,0.0797612489454892,0.4003920110028324,22.340294277932536,21.833480289732496,-0.5068139882000402,0.5068139882000402
145.30161760404428,135.53033215470634,1.096381390639472,0.0709992691729297,0.5450030260420294,41.33943241029588,39.27366288662206,-2.065769523673815,2.065769523673815
58.661976085469405,59.98578244720257,1.6807756946711894,0.0258621448090129,0.513373921798142,15.754434824243996,15.807837675503931,0.0534028512599356,0.0534028512599356
126.40126256657209,51.036154707777904,0.8273362440551651,0.0106603532808906,0.3422029458443396,75.82478611627641,76.84531895801614,1.0205328417397226,1.0205328417397226
140.81320565606308,110.74335589700354,0.3335106850037386,0.0794869434648608,0.4613766267252942,35.68186322903777,35.6897918560135,0.00792862697572616,0.00792862697572616
119.1910026619562,141.84694001013577,0.6522729404916888,0.0881144199841111,0.3844710202924094,9.3250643384214,10.366846960865798,1.0417826224443978,1.0417826224443978
130.60967479607473,141.27384734310596,0.323858375817489,0.0577358802919782,0.2083745084107845,3.1330415466518176,3.186297389434216,0.05325584278239859,0.05325584278239859
59.14165491145177,108.37678972253356,0.8514991225282456,0.0346789490527777,0.2749534438874714,0.0792749725276017,0.0871473876680965,0.007872415140494804,0.007872415140494804
118.83967049269084,117.14952552915908,1.3601791578095446,0.092425004401724,0.4323659382041458,30.70268433669997,28.48979931746079,-2.212885019239181,2.212885019239181
105.6784910928188,70.5084831971975,1.1271304719588793,0.0170418098520431,0.3952908997291426,39.40328371440706,40.660137644676134,1.2568539302690738,1.2568539302690738
142.07379356930562,80.1972137741846,0.9596310423772344,0.0329476026651887,0.3876025227600792,65.31077483058637,66.97687616231887,1.6661013317325057,1.6661013317325057
50.09058352460902,108.19151551265776,1.6756606771099167,0.084329850308486,0.3313114828954828,0.9158266752010285,1.2583873864774318,0.3425607112764033,0.3425607112764033
81.3735258844654,107.80969309280258,0.3859022086602305,0.0153068595431992,0.1143061670129855,8.057009393265709e-05,0.15208415890910515,0.15200358881517248,0.15200358881517248
90.02122758496719,52.09799948339333,0.9698683777423412,0.0385662138563418,0.3545224979908997,40.28828383255994,40.38275749057031,0.09447365801037222,0.09447365801037222
98.399075033254,58.70046904610998,0.373319418587433,0.0380925857293277,0.3462703352894752,40.55844403232122,41.82222802429577,1.2637839919745488,1.2637839919745488
51.49102641548079,52.06886828420893,1.7392526351367124,0.0191809864254125,0.5339252323024442,14.587534804898702,15.441160724533523,0.8536259196348208,0.8536259196348208
134.044275054602,138.31568886620542,0.2026673547196553,0.0169835481056064,0.3890160191194594,7.707658486925268,7.41324787892166,-0.2944106080036075,0.2944106080036075
106.31643884539548,114.70480913867178,0.7135030992152097,0.031327676926664,0.1613109170985399,3.459563728963829,4.34340250751227,0.8838387785484407,0.8838387785484407
98.52532545932269,73.16116803621281,1.3391757303533274,0.037329129803697,0.1650764572196334,29.14564621995902,31.14967512313414,2.004028903175122,2.004028903175122
61.15122123212764,117.47630413914187,1.0488792715542397,0.0745045127740608,0.3101577628415061,0.3575257390823263,0.36498157811740933,0.007455839035083012,0.007455839035083012
91.10284698067048,82.18618563899062,1.7274336118649989,0.0539176543615804,0.1408667471318484,17.358916213838327,18.207347530810974,0.848431316972647,0.848431316972647
55.61315880210724,62.27271708728216,1.4855533693853171,0.0927818289662277,0.2623579521555444,7.67804897095807,6.156299255421888,-1.521749715536182,1.521749715536182
75.69859378537811,111.02700283082105,0.2294398943900269,0.0749616802768485,0.1633996048905448,2.077936500619878e-06,0.029030556948811213,0.029028479012310593,0.029028479012310593
104.35343783741236,147.03266726373027,1.3759008882270132,0.0348495324425515,0.3742641696469904,7.8485542421791585,9.427799516429824,1.579245274250665,1.579245274250665
89.31704345642642,88.6386042962381,1.540254080211031,0.0625283493888525,0.3986083418472628,21.35345164555993,21.692131062096088,0.3386794165361593,0.3386794165361593
68.6834406294583,106.08338281117116,0.2753259739518787,0.084094444245019,0.3716674316902086,0.1030346667959456,0.06044675158039086,-0.04258791521555474,0.04258791521555474
134.6783027168829,80.93723624631325,1.690358761495088,0.0770694649854087,0.185982230484878,63.65705453267057,62.80241186572145,-0.8546426669491183,0.8546426669491183
89.90404520483041,139.9122829808388,1.6749593509318217,0.0501747165846982,0.3855600725202891,7.306742548444152,7.218808415288181,-0.08793413315597132,0.08793413315597132
128.63095527102797,120.02098938562716,0.5373252423770616,0.0123042962496098,0.4931176985004941,22.860836784742148,21.924309356025176,-0.9365274287169711,0.9365274287169711
101.32935824594983,132.53522128319764,1.688934929499331,0.0741769853674956,0.2037515579214177,5.322488307451735,4.980830430350436,-0.3416578771012988,0.3416578771012988
139.3648649090481,147.1205161190398,0.1162710281181162,0.0853601513233734,0.1610491104628411,0.9313392387063608,4.287208067062948,3.355868828356587,3.355868828356587
112.39455747613884,143.9310363005576,1.4407242603039512,0.0990011634777773,0.2416313663136785,8.346381002786934,8.000261502413744,-0.34611950037318984,0.34611950037318984
51.73887429254339,60.27073006796394,0.7244583105494471,0.0529142160264474,0.2727477707398836,2.5368891211908835,3.4384814696088974,0.901592348418014,0.901592348418014
95.25645034355828,51.20205901772499,1.3714889850833254,0.0227072153760663,0.3726615909953505,46.50112767546543,46.39013825992579,-0.11098941553964181,0.11098941553964181
53.2443446047187,69.23831812242497,0.867773973988053,0.0550142709037127,0.3787078214967976,3.4460366884809286,4.750109016022204,1.3040723275412756,1.3040723275412756
56.86009848951456,50.58207101009026,0.9785818696003932,0.013688599647576,0.44920607476172,13.256113896155773,13.361451841406419,0.10533794525064621,0.10533794525064621
121.73277870408695,141.667190913718,1.7047177033719785,0.0999193187613552,0.2483995379585453,16.688718710683666,14.807237395562291,-1.8814813151213752,1.8814813151213752
95.33535379141952,146.9182303937739,1.1162590692567316,0.0303450880593111,0.1385019638245678,0.0166480941027243,0.11205231299265092,0.09540421888992662,0.09540421888992662
113.37884195450022,113.24350515249547,0.6256511176979535,0.054290924680714,0.1278747679735411,6.721302909520944,10.253284087831695,3.531981178310751,3.531981178310751
145.09681864523992,118.09716237204346,0.0551361470701932,0.0418937136290431,0.5773622797618227,27.74992689863544,31.701889851978553,3.951962953343113,3.951962953343113
79.04109221422465,128.97655362050648,0.3093689036184495,0.0384774510800011,0.185667401077238,3.844301245912356e-06,0.003105262547675742,0.0031014182464298296,0.0031014182464298296
94.39336497031124,52.51604898862422,1.6315520358033144,0.0810834881486186,0.5222112747395691,51.4267653165712,49.22723762058197,-2.1995276959892323,2.1995276959892323
86.83745075847341,69.71958645303917,0.1225832323765054,0.0289389550672967,0.2865228030028292,17.400273001178462,18.17426011338046,0.773987112201997,0.773987112201997
139.6028365324993,99.94867734907228,0.9877644619066106,0.0768967201249608,0.1459848933399522,46.97615015498022,48.600966841704576,1.6248166867243583,1.6248166867243583
63.51662891548227,139.60566874979847,1.5510783038622846,0.0659897769055463,0.4121538506256406,1.8967935430247351,2.518707082376578,0.6219135393518429,0.6219135393518429
65.24069200378814,87.1930805338952,0.5429294116124873,0.0915088596367887,0.534740857103474,4.760190794643087,3.8024633084011508,-0.9577274862419363,0.9577274862419363
53.184174454809785,88.72048178721178,0.3323854904847051,0.0211351930543913,0.1472310772471583,1.2752972466978647e-09,0.007103439448809053,0.007103438173511807,0.007103438173511807
114.31614511633416,61.30253020535622,1.2800639204498616,0.0608658729349108,0.3609861826756807,58.17709608266664,58.30900773947182,0.1319116568051797,0.1319116568051797
122.28392039002122,83.09483947357269,0.3978826065489691,0.099314585427645,0.4794692974985843,43.47640617076472,42.691310019625256,-0.785096151139463,0.785096151139463
102.18330484948498,74.05369025267493,0.4019270586142943,0.0315737510811197,0.5704123675863589,32.02891675366922,30.975703360304372,-1.0532133933648495,1.0532133933648495
96.18644590001696,138.18658623375188,1.4353619522688874,0.063002456711848,0.1075774070622951,0.0893289011563998,0.25277951508556357,0.16345061392916377,0.16345061392916377
73.87771457683023,113.64353445734804,0.7303364205294608,0.0645541362633626,0.3093421288595939,0.7702850698510986,0.760073625014942,-0.010211444836156547,0.010211444836156547
94.43938189157696,133.32949715204066,0.2715721523393259,0.0722408778686037,0.1432996582298307,1.1571266109785291e-05,0.01054028851342573,0.010528717247315945,0.010528717247315945
53.42979013033117,111.37989590420808,1.316492214093289,0.0358812267254085,0.5679212251272449,3.5571104045033124,3.6836099651488197,0.12649956064550727,0.12649956064550727
85.83676323323984,95.8374191755062,1.1887872787346745,0.0677110099417896,0.4675726034691755,16.265601901348063,17.00503602445681,0.7394341231087473,0.7394341231087473
52.62847723376071,65.88609641434516,1.2888958148758678,0.0542044223748752,0.3670609294683959,5.639222774724647,6.030500014031663,0.39127723930701563,0.39127723930701563
56.160798529246925,88.7104158368873,0.7908224207614697,0.083002156132665,0.3750819135106656,1.335994132925583,1.1135169574864314,-0.22247717543915146,0.22247717543915146
137.72005408131082,103.37014971765517,1.4629519005112852,0.0217945786309344,0.5599946542325633,53.59353671317511,52.54252405898894,-1.0510126541861737,1.0510126541861737
65.41450431784871,137.84858477569102,0.2376794636472933,0.0631838128285021,0.4717064850928889,0.0043613957436712,0.019400405232600115,0.015039009488928915,0.015039009488928915
103.76246007473546,139.94411978245864,0.7829895880157954,0.0875681605209437,0.2915289261291919,3.035565441995121,2.7474945164208973,-0.28807092557422376,0.28807092557422376
148.07393435834294,145.23515039590552,0.8582813703786211,0.0904046417081491,0.2274575276959401,19.91888415698844,19.253984113737424,-0.6649000432510164,0.6649000432510164
121.15129003118184,55.63012521035699,0.4818537572965153,0.0232434866261049,0.4479414320936854,66.18532997801083,67.66701662909493,1.4816866510841038,1.4816866510841038
130.38847087352534,97.5175972926816,0.6829482168424686,0.0578101734421231,0.5070488211396351,42.26617216853983,39.06608485496,-3.2000873135798287,3.2000873135798287
57.94065846430296,71.0074956790078,0.9774799733471284,0.0840171227780398,0.5448468723366204,9.683175045177672,9.425939455390774,-0.2572355897868981,0.2572355897868981
146.31151115891737,84.64997710168477,0.4019651175636298,0.0761155282835857,0.1567429860419171,64.21224724170173,63.50948006259232,-0.702767179109415,0.702767179109415
111.9389969366502,103.19689607791835,0.7532157758738298,0.0801893165021703,0.1445811648063533,15.636512503201743,16.111418945811433,0.47490644260969006,0.47490644260969006
69.62943023110671,133.97840356173904,1.3598077553059846,0.0790234912614544,0.2611026860152157,0.3976848266286672,0.521026974400974,0.12334214777230679,0.12334214777230679
75.0966661340298,108.51223250571545,0.3419005943412962,0.087348086061379,0.2440428484304432,0.0376736546475765,0.1956869380029639,0.15801328335538742,0.15801328335538742
98.70160405162396,66.89844095595593,0.2952728962227745,0.059379965426638,0.2906719788604531,32.986103907955126,33.19475617262531,0.20865226467018516,0.20865226467018516
51.17066107309041,108.5330541890062,1.2326153457860434,0.0726099711009462,0.3654188930963438,0.6124004602578945,0.9645404694307163,0.35214000917282173,0.35214000917282173
103.73564047728873,52.7068517679232,0.9549233217026928,0.010291488296752,0.3367337842468479,51.70457105200231,52.78543140603945,1.0808603540371422,1.0808603540371422
58.61321390636803,117.04097766011184,0.1504474096611739,0.0368489193002238,0.1535145149391361,2.1707940104934123e-31,1.9593029666171623e-05,1.9593029666171623e-05,1.9593029666171623e-05
50.12844255268014,69.54580042955926,1.4730938904440447,0.0659364534018391,0.5313731923187265,8.696274055972077,9.698005594033928,1.0017315380618506,1.0017315380618506
67.0106882012076,146.05665928179835,0.572094356981052,0.0586867841572826,0.1040259430132559,1.0467307628507573e-21,0.00017580189628569346,0.00017580189628569346,0.00017580189628569346
94.41834068783666,80.3951906661708,0.8402745656393068,0.0161072010565945,0.3661849627976919,20.63806643639723,22.01270270385834,1.37463626746111,1.37463626746111
60.790571722297614,65.45380036929534,0.086067019489552,0.0985580677057145,0.3425949043255318,0.978624983010894,1.6360677932632492,0.6574428102523553,0.6574428102523553
74.74629812331463,90.87259282762648,0.980939869867248,0.0952399390487783,0.2545203186970947,4.521968986661033,3.8864527949775063,-0.6355161916835268,0.6355161916835268
119.74990360370946,65.80543019030443,1.803060356086964,0.0384762934878564,0.5401296268756984,64.12383884529926,63.291598901773106,-0.8322399435261545,0.8322399435261545
143.2282144070781,97.7351715524499,1.6493366819769877,0.0940643436082551,0.2225219236611033,59.89955746841464,58.46727057334414,-1.4322868950705043,1.4322868950705043
110.3792757286118,102.4249731341874,1.1378448997418205,0.0163317177997271,0.1138956061624091,11.463894252185725,16.879696649433864,5.4158023972481395,5.4158023972481395
106.39195667556235,124.88812796659344,1.739043983004339,0.0204495318169281,0.4388410108302504,19.34726343715691,21.401627677518327,2.0543642403614157,2.0543642403614157
128.00609232181682,103.11797776332966,0.861208310110049,0.0482633338440039,0.5444263164827824,39.97447269237895,36.228116946205546,-3.746355746173407,3.746355746173407
92.7486454090268,88.58608133416018,1.8880334808350905,0.0511361035558351,0.127048624673416,14.07307007319313,12.644730608765256,-1.4283394644278733,1.4283394644278733
71.53592828546084,114.6233214751384,1.0056724212168209,0.0390554705780159,0.1451825041617044,0.0055093976802025,0.03447352003255843,0.028964122352355928,0.028964122352355928
77.32595269982093,137.16689092695128,1.973373770026177,0.0898548619757239,0.2311815036560617,1.6369590723516083,1.1432963482317484,-0.4936627241198599,0.4936627241198599
146.72711903702975,72.8153728259079,0.985685365356898,0.0952742528530501,0.4611113115235666,81.18045953890352,79.8831455217857,-1.297314017117813,1.297314017117813
71.08778406073522,81.1352843428315,1.408350790148802,0.0731375003122777,0.3040880994292002,9.310152964371792,9.077086977070287,-0.2330659873015044,0.2330659873015044
124.16088339433384,132.22299054659254,1.5739783030712202,0.0893265231357693,0.1016083866598772,11.806543285923992,11.475389262600602,-0.33115402332338917,0.33115402332338917
70.13991027938874,77.49655837202683,0.2560386538738062,0.0717785238389052,0.4705363670550854,4.354025147690265,5.9428796169931175,1.5888544693028521,1.5888544693028521
106.66674537501646,53.209114457948594,1.9615435411500977,0.0661667474315422,0.5929795838088855,64.61645596491618,59.507524341083844,-5.108931623832341,5.108931623832341
67.2656535832399,125.76291323847538,1.387087581589968,0.0896432214016596,0.3274918378640057,1.4984441809192273,1.2096828715771362,-0.2887613093420911,0.2887613093420911
82.62539180411468,73.20790881880221,0.5004756757210761,0.0828711564533379,0.451672095514199,17.111685636736638,14.143742464472668,-2.96794317226397,2.96794317226397
100.97227055664813,102.9849809166739,0.1998451354591506,0.0839810148483554,0.5968652609369531,10.58353707694004,9.62201318865342,-0.961523888286619,0.961523888286619
78.61350424583144,53.11730823177309,0.4496942919390204,0.0250573071869905,0.3372250020549432,26.306562352916306,26.5093174021761,0.20275504925979604,0.20275504925979604
133.96293875689918,86.24419144809583,0.5147836511200307,0.0767998836191022,0.1602223777258388,51.06195658281501,51.27962339923314,0.2176668164181308,0.2176668164181308
122.54121231929705,83.55574000420013,0.4856767805837219,0.0709532373696055,0.2721600736079564,41.9074761145491,42.47225116692498,0.5647750523758788,0.5647750523758788
108.28860015472176,116.28240675201997,0.9239903207204276,0.0688939217154627,0.4504593259009528,18.22307521922621,17.626236714085437,-0.5968385051407736,0.5968385051407736
59.34923615839898,102.17500985006689,0.4531862887884427,0.0589466196574698,0.1271651499030044,8.296655677818981e-10,0.0033260753457409367,0.003326074516075369,0.003326074516075369
68.26389757017984,100.79462309990484,0.8380581852995209,0.0126089190132787,0.3370668765527761,1.3355356348022287,1.6931799819817748,0.3576443471795461,0.3576443471795461
57.88066980454074,104.91309953668296,0.6565041496356803,0.0651183470742832,0.4058940164647417,0.478558028521193,0.8058094345600886,0.3272514060388956,0.3272514060388956
62.019154144553866,82.00445197602676,0.2033635716328648,0.0707621233061713,0.5767502748829871,1.472611307085323,1.729275668528635,0.25666436144331195,0.25666436144331195
110.67317247174364,85.03218721062223,1.2276125482070104,0.0706384397601276,0.226392592771726,33.56046247875315,32.42646756063982,-1.1339949181133306,1.1339949181133306
56.76683619000016,66.25863117631135,1.0008386222901806,0.0185994597733734,0.3364783997877277,4.653289124207959,4.569368088467374,-0.08392103574058485,0.08392103574058485
102.98756255182062,64.95033155802284,1.702484758107866,0.080467524579927,0.4043126181469569,48.88008215183303,46.986058475852985,-1.8940236759800442,1.8940236759800442
118.25117301162,133.7585223120779,1.1905238662398363,0.0881826927876586,0.3384148009558986,16.41304857584528,16.118809596817265,-0.294238979028016,0.294238979028016
132.34530537593207,113.85248929042169,1.3456394676390475,0.0717177826552485,0.1637942425088056,29.97532064062388,32.77325947306611,2.797938832442231,2.797938832442231
137.1452064618843,86.19619362291482,0.996699060961857,0.0143528578476592,0.2813274253239644,52.71774083964799,55.58423277701536,2.866491937367371,2.866491937367371
58.37241331089099,61.55240123077444,1.649293036185874,0.0471952518043051,0.472197779913178,14.463945463019764,14.188304625639573,-0.2756408373801911,0.2756408373801911
131.9868147527005,108.31874555705602,1.0000869106793897,0.0394150716484368,0.1141898648981748,27.947218646441726,31.95557746381144,4.0083588173697144,4.0083588173697144
95.11912805538395,81.40372869528323,1.0608199458791256,0.0507475186019387,0.1723054158255109,18.866566148548003,20.01647651184807,1.1499103633000658,1.1499103633000658
77.36663849214577,69.60543514547022,0.214567584373168,0.0904750052420766,0.5021128601504341,12.237926434112588,14.71628167998807,2.4783552458754823,2.4783552458754823
101.39665125226456,142.6227657197305,1.3128045522045797,0.0487749931832009,0.5692287245162064,16.431421962936437,16.227022395394588,-0.20439956754184863,0.20439956754184863
81.08461555173932,61.93670699154009,0.7411513554191174,0.0835678647080607,0.3051256146654353,23.754103103672904,22.13564943612184,-1.6184536675510621,1.6184536675510621
104.02994067614998,107.8204605676596,1.2979114472815558,0.0514276076804372,0.1659144383430251,9.402239517979616,12.262110960809304,2.8598714428296876,2.8598714428296876
134.9098019958676,111.63955247768592,0.4393806694543129,0.017629392452959,0.2016919435958917,24.638843622701188,26.286750742707586,1.6479071200063977,1.6479071200063977
67.6896950823984,102.2172804484338,0.7253947309292699,0.0954227056775652,0.193311351838632,0.0894399360414199,0.03320773636468058,-0.05623219967673933,0.05623219967673933
140.59552097493827,129.19325966784493,1.0689612271741054,0.0305404899342608,0.3532634224384047,27.99263607267433,26.51084045587336,-1.4817956168009694,1.4817956168009694
96.6683155830864,71.94015796373813,1.2810203097144133,0.0814990738919791,0.2935207865233284,33.310872468448615,32.1991809252387,-1.1116915432099148,1.1116915432099148
100.9769673499049,132.9226180336293,0.2384467021646635,0.0125230907776509,0.5892523117579417,3.0567879772969957,2.371478723153798,-0.6853092541431978,0.6853092541431978
144.7090667108519,69.09820305402029,1.1485935752226455,0.0170489651703449,0.4542335892380611,78.1585969096133,80.32951663629153,2.1709197266782354,2.1709197266782354
91.79840855069136,112.78142966875448,0.140900741449066,0.0780671980468231,0.4951132679677295,1.4235531412853533,1.67060838022758,0.2470552389422267,0.2470552389422267
94.3439102836044,141.50784018170168,0.1808772496078302,0.0789934293563242,0.4416917444736398,0.1459322333206412,0.5011899812471045,0.35525774792646325,0.35525774792646325
105.15306529322828,63.127620157377294,1.4059898106655444,0.0919309827347061,0.5964357476996472,54.8599089952794,50.90733030892549,-3.9525786863539096,3.9525786863539096
72.65538485262913,58.58623215400311,0.3686948558690274,0.0557363936844702,0.4096561945526407,16.730198960178093,17.30975861585984,0.5795596556817486,0.5795596556817486
103.83841868964332,80.25220925138665,0.4811246763855423,0.0649408813452733,0.3839474660024274,27.737419853506125,27.105301715432393,-0.6321181380737322,0.6321181380737322
111.41688503188928,117.63768356549124,0.5945732478003948,0.0318562649685853,0.2898098671640425,8.209756511544398,7.079045857011197,-1.1307106545332015,1.1307106545332015
108.76690514732604,104.25310883719015,0.5327589648667104,0.0808430583302832,0.2297591880582597,12.308188464827252,10.938101911285939,-1.370086553541313,1.370086553541313
147.37482141179606,117.35240435180016,1.330319540803382,0.0936078967778046,0.5377429268276899,57.03361070089487,54.04010154314025,-2.993509157754616,2.993509157754616
136.20426509893133,89.607185391669,0.9013992236581412,0.0979152101448551,0.3400467423811589,55.00915073696415,53.05375988100739,-1.9553908559567645,1.9553908559567645
116.9053515316948,96.729523862845,0.3230235094993297,0.0896635799670451,0.429788270899477,25.524491537076187,25.439053642696326,-0.08543789437986149,0.08543789437986149
140.1131239286172,140.86448711192034,0.2118148628046512,0.0671057215275988,0.13229757991968,4.042103591681808,6.225809993766862,2.183706402085053,2.183706402085053
134.45563757121602,73.27503728834996,0.5133270937985397,0.0545343053396106,0.3208822609611749,63.22274196079664,63.60263573617417,0.379893775377532,0.379893775377532
124.03047907559818,135.9222803901797,0.5007417049829201,0.0623530768096724,0.3837530642012757,10.292758100101643,10.375289322811552,0.08253122270990865,0.08253122270990865
85.01615319680326,149.7175403766767,0.1727317303416475,0.0840964979999758,0.155159624685153,5.043387728545883e-18,0.001248884370518922,0.001248884370518917,0.001248884370518917
145.7819323813259,145.3231696364218,1.970773061600863,0.0763914422792986,0.2924236858345802,33.90515315774587,29.70547651941889,-4.199676638326981,4.199676638326981
70.15283780063129,77.07952963474133,0.4096422086296494,0.0773834678099841,0.4808592132474666,6.775487318463256,7.487573920397831,0.7120866019345753,0.7120866019345753
147.08474014850094,58.72215927504118,1.6670054771624463,0.0815439253120001,0.4443770629574335,96.4531923479634,94.74377969684738,-1.7094126511160113,1.7094126511160113
58.07792138743436,146.54571431781466,0.3796952761656393,0.0727676663872693,0.4256210418871098,0.0018710158517603,0.028079008323054235,0.026207992471293934,0.026207992471293934
81.84963132638786,125.80282672954186,1.8015567261730747,0.0547575128248854,0.2045602771805851,1.4596877469326248,1.6386669427977414,0.17897919586511657,0.17897919586511657
60.30191944422061,113.67461631971356,1.6060091937649412,0.0988134847411721,0.3918173407452979,3.3649946428852573,3.310479865723102,-0.05451477716215525,0.05451477716215525
118.39803325601896,69.54478749766604,0.7908612028520727,0.0726521328869305,0.4165943698086546,53.50172536101378,52.497527889876665,-1.0041974711371182,1.0041974711371182
69.27904358191059,80.20740879872815,0.1194850704210717,0.0849094460135928,0.1718760946083793,0.0163837946038081,0.874259349107861,0.8578755545040528,0.8578755545040528
104.71151083286357,139.90911775210816,0.6573042340353968,0.0916333272476504,0.5765790867174235,10.860140562933402,8.722624741259304,-2.137515821674098,2.137515821674098
118.85995206754951,86.39821398977325,0.7373501682324971,0.0906857384067044,0.5063459989065608,42.36653866201073,37.927951291120614,-4.438587370890119,4.438587370890119
88.02411664133902,60.66182471297983,1.290435021109582,0.085641975257287,0.4199277177939678,36.34620017229676,35.06552375847727,-1.2806764138194922,1.2806764138194922
95.23141747634776,101.05560987813546,1.5410770779588434,0.0912397855947639,0.2622689384809494,15.913237835768406,16.000385859345695,0.08714802357728857,0.08714802357728857
134.67007233504012,114.12292758644108,1.305279270301609,0.053234841472416,0.1127241993131724,28.414207467297217,29.807927110916243,1.3937196436190256,1.3937196436190256
131.10216892922267,130.4775009777321,1.0422701541980963,0.0317811041496711,0.3643748301482639,21.52013227178405,21.97835010400199,0.4582178322179402,0.4582178322179402
68.88701867628544,147.6470672848199,1.3458119203983143,0.0949025042651172,0.3448664259134438,0.8953323056788101,1.167425526299931,0.27209322062112085,0.27209322062112085
128.78331881854967,80.52807130311693,1.3582771018343185,0.0358737342960671,0.5167707797154721,58.37015450627285,56.68643361511645,-1.6837208911563977,1.6837208911563977
53.07865688607466,122.61766255722524,1.007105897555605,0.0200401330569326,0.5632542456698887,1.4539863925172272,2.0543733334622267,0.6003869409449996,0.6003869409449996
139.52068376871995,118.45960501163268,0.206098017243317,0.069004054289373,0.4568033191286244,25.595789663646823,26.798572967567114,1.2027833039202918,1.2027833039202918
99.41004157584392,77.89020507218217,0.5261267948991504,0.0763617303062369,0.5882965179346431,30.08631109914542,28.568502732867678,-1.517808366277741,1.517808366277741
96.8183896028767,145.33088632672172,1.957560998427101,0.0708817469310682,0.3528222354542136,9.959786634619023,10.18328801065785,0.22350137603882736,0.22350137603882736
62.95149212828042,112.56732123887586,1.7060563901734782,0.0777482649376054,0.5513435664916863,8.899765821202688,8.462613023186352,-0.4371527980163368,0.4371527980163368
111.07800710757682,61.46632061419604,0.1049011302369248,0.0525853719343262,0.1641777223911927,49.94981753575136,50.11896506871465,0.16914753296329366,0.16914753296329366
104.6309571379299,80.84917169851524,0.3040909807865832,0.0186103140854187,0.514925438625529,26.70647389034305,26.35392025730112,-0.3525536330419321,0.3525536330419321
101.14867692088336,55.807129571686055,0.917196512470946,0.0536741268468719,0.1690974636803825,48.02248089262969,48.313281321216074,0.29080042858638677,0.29080042858638677
141.509845449003,119.2587639671632,1.556094367845359,0.0916655081649071,0.1923165163290789,39.39798447047238,39.30086016224726,-0.0971243082251192,0.0971243082251192
54.99224856633791,114.689591689277,0.5343686494445177,0.051244146736821,0.2705074926220555,0.0006577666606474,0.0032582207591873155,0.0026004540985399153,0.0026004540985399153
115.3162790531283,137.6839406075186,0.2650624192855652,0.0184700185200489,0.5099013360403656,5.046355087037444,6.985005098778402,1.9386500117409575,1.9386500117409575
71.7667399580536,65.9689512462084,0.7830017888634816,0.046894765991795,0.3024723508781879,12.01114267987871,10.993421942746584,-1.0177207371321249,1.0177207371321249
70.50937537236099,141.93411447579825,0.6526126760248846,0.0575625257297584,0.5977524399546361,1.8148336016641409,1.6363044151207622,-0.17852918654337868,0.17852918654337868
61.22115392472729,107.8170965473878,1.4769579955993413,0.0436611181485976,0.2608722265125154,0.5995908217418906,1.0179684628302317,0.4183776410883411,0.4183776410883411
89.01132134339332,105.114619255693,0.6354510624782667,0.0435272443386439,0.5219837652960742,9.99534882388659,9.385099090828101,-0.61024973305849,0.61024973305849
101.13423988609378,128.6879197820963,1.3723464820165854,0.0423443316882546,0.4415106205553163,13.931846879188528,14.691905037272612,0.7600581580840835,0.7600581580840835
61.46399435857069,56.96225382252671,0.2022460364266555,0.0798347362486143,0.4651343168005011,8.067267151328757,8.676586309034287,0.6093191577055297,0.6093191577055297
66.05578107631702,100.30847954736896,1.2220106674307147,0.0505318247323824,0.2197619448989593,0.6045230245083735,0.8777318712057998,0.2732088466974263,0.2732088466974263
84.97032297458495,66.10842469171115,0.4970675878249248,0.0474862268414776,0.3005903344511574,21.12233501050111,22.22807041842208,1.105735407920971,1.105735407920971
81.88173228730047,124.29088460488028,1.997909910660585,0.0500881199828178,0.240304785109005,3.0465222073025906,2.3997560458195184,-0.6467661614830722,0.6467661614830722
73.11758831373942,102.47619540212496,0.6871218735295885,0.0129249924262323,0.2245281275617751,0.2485019727698993,0.15840425035544572,-0.09009772241445357,0.09009772241445357
144.70875469755555,56.76263276376725,0.0757362606433839,0.0497962229952024,0.5349903895738592,88.1597922071123,89.16975017821188,1.0099579710995812,1.0099579710995812
122.48708535798804,141.18804638774594,0.7246843531089138,0.0637113210378404,0.257068023402628,6.098795798281827,8.00659147224996,1.907795673968133,1.907795673968133
145.37036264917077,63.09819037679124,0.7014199061183666,0.074022562163675,0.2857894897750616,85.46525683296318,85.44267019863945,-0.02258663432372998,0.02258663432372998
103.0088496914424,137.60221258682827,1.400652531313399,0.0785231114815565,0.205018322181478,3.632859351770836,3.7361601134636278,0.1033007616927919,0.1033007616927919
112.74151112702953,97.40026812147768,1.0914705800371023,0.0493575364690656,0.2831356472045878,24.906812772168536,24.49278315476298,-0.4140296174055571,0.4140296174055571
82.69776232427392,71.18901557137355,1.428116368305884,0.0214802463277275,0.5876137664349838,28.30961818311749,27.779572175696096,-0.5300460074213937,0.5300460074213937
118.8134706086542,148.39282017016177,1.8648774988456696,0.0550538029870289,0.4561668251868734,23.90241734649525,22.144976663357383,-1.7574406831378653,1.7574406831378653
132.80549729692729,100.39253538248326,0.9809715505716404,0.0360221028370531,0.3312359996893864,39.2112572653698,41.17779659884868,1.9665393334788774,1.9665393334788774
131.08205378381513,53.8184952679548,1.4882832024897794,0.0778521938733085,0.2246766220668432,83.15223133109902,82.91176757827508,-0.24046375282394195,0.24046375282394195
147.60138232792136,121.52429571211358,1.691866319350939,0.0233205870012956,0.5700973877368463,55.4143222103726,56.013978868165,0.5996566577923943,0.5996566577923943
103.13307926731758,54.41101594946191,1.0367825923172809,0.0578724909785525,0.4100965682756815,52.47103325981159,52.666772287877066,0.19573902806547494,0.19573902806547494
68.38128894818149,112.47352021229628,0.1046945001575505,0.0577917666338893,0.2886192393946267,1.0259695259923053e-07,0.01273641231870007,0.012736309721747472,0.012736309721747472
51.92991322269848,121.09945317392338,1.9273326037716072,0.0883100458682482,0.5498889060366015,5.478650585943727,4.376398583177095,-1.1022520027666323,1.1022520027666323
148.15517379172206,94.50410750575318,0.2444809341422522,0.0781992117491801,0.2379771432965927,55.44076069338492,55.52724118909785,0.0864804957129337,0.0864804957129337
57.05500637098946,149.913707621651,0.7148200052441952,0.0777472356639536,0.4979046131360187,0.2019543591014372,0.4394369066121471,0.23748254751070993,0.23748254751070993
53.59422737967421,136.26181017594303,0.6494267171419112,0.0640595509164197,0.1612139728390619,5.150622769699405e-12,0.00018041316843708064,0.00018041316328645788,0.00018041316328645788
144.05039528794026,69.00092948312523,0.9904421533443272,0.0197242752419963,0.2939286568685322,76.42859493450399,77.89982323903268,1.4712283045286938,1.4712283045286938
70.96902774302009,134.99845354992084,0.798266655807128,0.0971285169731471,0.1087538905750625,4.38820673088303e-09,0.011578529373634808,0.011578524985428077,0.011578524985428077
112.14644226567846,120.47767291149508,0.610749726865001,0.0159340157847097,0.4470449231658061,12.714898971180858,14.059238725660196,1.3443397544793374,1.3443397544793374
90.63230318455793,102.75533961458342,1.5590383488736392,0.058579248480534,0.467606508183786,19.63493764640218,18.708437359907347,-0.9265002864948322,0.9265002864948322
108.30064830045512,135.09235754042857,0.7187835180819901,0.0581357352846787,0.4961321904342701,10.920442535110276,9.315524590446563,-1.604917944663713,1.604917944663713
66.4270449455928,73.27659642933531,1.7655019169630315,0.092658498150688,0.2179501457085748,9.696646235046892,7.092203469656071,-2.6044427653908206,2.6044427653908206
61.11693327538412,94.3763301509376,1.047249831107389,0.0473033132793239,0.2871228599528415,0.96266642313726,1.245075986643817,0.282409563506557,0.282409563506557
127.23183917356393,141.8451671927122,0.5466096893168826,0.0475085481200666,0.1949082988982902,3.355354375788039,2.959161555992514,-0.3961928197955249,0.3961928197955249
103.6430396789492,136.0582226045779,0.6028744229293714,0.0859019138419518,0.4694839588028886,7.0004840425159,7.52450630998872,0.5240222674728194,0.5240222674728194
81.34105862196249,111.63376672361268,1.1373933475202265,0.0832488010645882,0.5622933126083782,12.858201248965123,11.18505754107537,-1.6731437078897535,1.6731437078897535
133.40422679266703,86.09340323923277,1.457843069497179,0.0548549598167887,0.3005152928654601,55.20201749886314,56.559418787357885,1.3574012884947422,1.3574012884947422
136.44029871943977,78.0120196601388,1.4920940894613155,0.0198192963871171,0.5950240552578935,69.09678367181263,66.59066229973342,-2.506121372079207,2.506121372079207
123.86620535618252,78.35079067064768,0.5440612213434513,0.047612349265282,0.4947272584411,49.02940188751133,49.471832293158414,0.44243040564708735,0.44243040564708735
70.26719063073047,59.50878783735364,0.1638524341565363,0.0405060019927326,0.4970556876232335,12.55109175618022,14.856259164366744,2.3051674081865237,2.3051674081865237
58.42130111770983,139.10608372525462,0.6499732031930614,0.0871440683943059,0.4899333827506245,0.2507834779894911,0.49362499421595724,0.24284151622646616,0.24284151622646616
83.2456157148712,72.12767553722333,0.1531054678238056,0.0554928577127135,0.2482971768562114,11.918007407491274,13.047362450691416,1.1293550432001425,1.1293550432001425
133.32292639878057,102.10559686322271,1.005635935646097,0.0171983727493892,0.5763124678247585,46.08657376194734,47.990953120350774,1.9043793584034319,1.9043793584034319
129.7998035219224,91.46838858234436,0.9917366423592098,0.0920114919765198,0.1622603557300941,46.324595405499096,46.19791474320594,-0.126680662293154,0.126680662293154
119.356245597047,60.50794455566039,1.274372411454351,0.0661143023937362,0.5660341943453604,66.58890535406576,65.39856537555339,-1.1903399785123696,1.1903399785123696
137.62033622249848,83.56337258823261,1.139271727590332,0.0446786474196033,0.1076075892388854,58.20399526919971,59.55524167395344,1.3512464047537307,1.3512464047537307
109.61380616965349,97.42475154002696,0.0511193227516292,0.0962152370799925,0.4048452053304362,13.059744551449713,14.762849658476355,1.7031051070266425,1.7031051070266425
59.11373390897072,103.0761950155023,1.255518461121493,0.0408941935989715,0.5372152199441471,5.00503716515944,5.6456747779681935,0.6406376128087539,0.6406376128087539
144.01760633010565,112.72089084435846,0.0893033271020748,0.0247841529983278,0.5297732537652272,32.05707217897823,36.14658840981301,4.089516230834782,4.089516230834782
75.86208348880388,135.45352003016797,0.827769056556369,0.0694466757396274,0.1079380761479817,8.964066807398715e-08,0.02695239446174801,0.026952304821079937,0.026952304821079937
63.68803196918277,105.84646424364728,0.7789577573486433,0.0311351024335801,0.1316614945931234,3.226875674465198e-05,0.005749192458956907,0.005716923702212256,0.005716923702212256
90.96710533759926,112.67125759567875,0.8871079398583946,0.0833339345705606,0.1589994077389358,1.372751522448464,1.4023329104046711,0.029581387956207017,0.029581387956207017
118.37348778214267,127.89100627055764,0.3378324861662492,0.073944679336483,0.4133936262921851,8.71621029335391,8.58033432457081,-0.13587596878310038,0.13587596878310038
131.31821472844612,54.143124612843664,0.3832693296255592,0.0552636962463098,0.4129630723527357,78.31084990780357,78.52455710187282,0.21370719406924366,0.21370719406924366
145.7490531021221,91.89140682959616,0.3715973865870808,0.0882244041919121,0.2437546000236774,56.82331618733129,55.80667025491265,-1.0166459324186334,1.0166459324186334
133.11389644353827,134.08483295891853,0.3260203072863442,0.0396308410147517,0.2891514919339985,9.11326448056225,9.166090371797216,0.05282589123496528,0.05282589123496528
127.16407371953017,75.18849945297868,1.4904667182127034,0.0411803736791543,0.3594454439626435,58.1716633768842,59.065784553849454,0.8941211769652568,0.8941211769652568
66.11000232564223,129.69455636216577,1.874635738190175,0.0843434028910326,0.2670946943726646,1.1082715589226249,1.021347739402069,-0.08692381952055594,0.08692381952055594
54.63532694342796,61.85299442691407,1.1137473173327792,0.0217901918350145,0.268504115248487,4.006171512216209,4.612471942679951,0.606300430463742,0.606300430463742
128.5202867912825,70.76113655684429,0.9974318795180404,0.0773397261713357,0.2703796443130452,63.06245567436237,63.11531121838628,0.052855544023913126,0.052855544023913126
82.60234522779848,88.58896437093833,1.2659410632548114,0.0731835027886873,0.2301654693607091,9.37284009377366,9.558936600370934,0.18609650659727528,0.18609650659727528
63.86525291133037,122.84766841211328,1.186038533041207,0.0853228791530706,0.2247135842282581,0.084368199116401,0.15056891173712206,0.06620071262072105,0.06620071262072105
77.68277972350515,56.26956388863841,0.5164711717423776,0.0732056967301171,0.3474962342432682,24.03835684699096,24.094620423838816,0.056263576847854324,0.056263576847854324
115.27281237772242,89.96758904418704,0.7686309005987432,0.0395358843835623,0.3631482048427703,31.335593542872477,31.367933593085986,0.032340050213509386,0.032340050213509386
73.75161205940601,92.27070225303343,1.3165407233774973,0.057470900880813,0.1905152000125572,2.563047153646984,2.837414128906695,0.2743669752597109,0.2743669752597109
140.0960895690468,128.42633772952806,1.4574753193206884,0.0353944260417198,0.1886057820279789,23.060666313840272,23.61825358327909,0.557587269438816,0.557587269438816
120.94027697193312,146.37734552603064,1.730035481264881,0.0386148257326139,0.2439064061024847,9.643317408578042,11.326461703498095,1.6831442949200532,1.6831442949200532
107.1772352048322,54.80118656091927,1.5292814099921055,0.0389717214946801,0.1571002142521616,55.54699849759353,57.15559596781674,1.6085974702232093,1.6085974702232093
149.72378999036027,123.22942661400872,1.0907302253497655,0.0302708210840434,0.2194444110246483,33.06738542027706,31.188798695116468,-1.878586725160595,1.878586725160595
60.61603535474672,147.62096057964328,0.1528388977636899,0.0743474335272995,0.562120435713212,0.0001478067919857,0.00356616735425728,0.00341836056227158,0.00341836056227158
95.93436555939564,114.31576030590172,1.8775715389966363,0.0782687238758306,0.3806032459270374,18.669357062726377,16.135251531115863,-2.534105531610514,2.534105531610514
129.41345617322725,110.33406295022266,0.5613814235813084,0.048446750296644,0.4140942185064382,28.151510306418444,28.20817307252072,0.056662766102274276,0.056662766102274276
64.27856366678847,127.41986595291866,0.2661318881002162,0.0583471697326459,0.2571967524917584,5.123144779044119e-07,0.00015072134405507448,0.00015020902957717006,0.00015020902957717006
102.0082683216584,78.31960058075506,0.9905908022767336,0.0973358634978046,0.4411628301939669,35.15436720738082,32.92913990697744,-2.2252273004033825,2.2252273004033825
125.70118677473604,112.68809237585424,0.463865854383491,0.0277568105025458,0.3291011549295574,19.322743647518408,20.37730207293692,1.054558425418513,1.054558425418513
70.83269468600398,137.35342010653153,1.850960011733166,0.0354424951574841,0.5758664943822737,9.19797136600885,8.359026280027091,-0.8389450859817593,0.8389450859817593
138.1197339555641,145.5367280731174,0.5799701897170232,0.0831628670454767,0.3683210833947744,15.156456904349907,16.0203057602998,0.8638488559498914,0.8638488559498914
117.34197289114329,92.35773855817206,0.0832968798974043,0.0189493424298916,0.2957681361214938,25.13614238424759,26.75928172118893,1.623139336941339,1.623139336941339
109.67229901062171,102.12662385624438,0.6843279656563268,0.0227888689100689,0.4567407429828064,20.72213119049139,21.522511694892412,0.8003805044010228,0.8003805044010228
50.76978029547128,106.97705039079015,1.7753471986680025,0.0944782965942871,0.3135439171911228,1.0622877922310527,1.1455287016114275,0.08324090938037476,0.08324090938037476
56.96458677482656,118.1440265463897,1.5854903889878935,0.0634431886877986,0.2451139295637608,0.1829994735308016,0.18649609023590397,0.0034966167051023733,0.0034966167051023733
118.58724552314402,76.52885153552936,1.8545599528279355,0.0215695208118561,0.1695477523272476,45.20987130213436,48.70921336763213,3.499342065497771,3.499342065497771
115.26890393409258,85.52569895602855,1.0401184824599368,0.073344127589755,0.1037346159026934,36.02551234075358,37.21154790390494,1.1860355631513642,1.1860355631513642
85.24810469433511,138.24931274191465,1.543866459897255,0.0158935634116728,0.565482801548222,11.255650931212235,11.089364875894006,-0.1662860553182295,0.1662860553182295
145.6226197076154,140.09024889891043,0.1069026134140661,0.0142273334485816,0.4639680636800791,11.804899717897968,12.504582075037861,0.6996823571398938,0.6996823571398938
110.67162019700038,91.06881716757718,1.220691160314383,0.016418170301283,0.3004623892944595,26.51746569583475,26.704145210160128,0.18667951432537677,0.18667951432537677
116.0386440271344,89.08516806325096,0.5807608076233892,0.0163466267893933,0.5649988569389742,34.636631350278364,32.754078072898714,-1.8825532773796496,1.8825532773796496
132.18393227529026,71.05838940826445,1.5175857415101408,0.0543295738066328,0.275309502799733,66.96639812628067,66.12671169867723,-0.8396864276034393,0.8396864276034393
90.5422825139155,59.2636368687806,0.5868979860953408,0.0601638033588708,0.3306057838544587,33.585156371892346,33.25802312814972,-0.3271332437426224,0.3271332437426224
68.4854455525527,141.02271992824473,0.6355396635670133,0.0397193487950878,0.5914032557332062,1.3801924561835826,1.4673756109081983,0.0871831547246158,0.0871831547246158
84.84779757956554,107.95941984312684,1.83596741321655,0.0198944000126,0.500490283517759,16.539299265599322,16.83911765878469,0.29981839318536885,0.29981839318536885
130.25607481516278,64.23744655926163,0.2542010187788962,0.0442948353800413,0.4842963351281468,66.7482344256341,67.10572182414246,0.3574873985083684,0.3574873985083684
131.83606413952168,90.38296964446714,1.644943540489876,0.0716312982964081,0.5134747187669927,60.08365996829668,57.7489195229851,-2.3347404453115814,2.3347404453115814
63.83975859681246,64.32831142805654,0.0708068885563265,0.0467974939813376,0.3069482405158873,1.949134291758096,3.0308193683447926,1.0816850765866965,1.0816850765866965
101.44613277398942,149.75056931735014,1.4864073578634651,0.0605915620330708,0.1030168056940979,0.042217051302235,0.2925961540960634,0.25037910279382836,0.25037910279382836
108.38582673080154,119.56416079155902,1.9839521278762813,0.0371686225037305,0.4378500281689326,25.255464917309403,23.317413850477134,-1.9380510668322692,1.9380510668322692
111.34018465221712,138.74788848112837,1.7061433510781574,0.0470698286437926,0.2751805341620167,9.97897327564673,10.27836377182864,0.2993904961819105,0.2993904961819105
104.12963353010704,129.8313133763347,1.404781298084623,0.058305756007217,0.4751797356397439,17.79000154981287,18.034789893630265,0.2447883438173939,0.2447883438173939
136.03503348085565,50.33936482148606,1.5699942595820484,0.0506658843331449,0.4184378635003671,89.84761713704043,88.83393821735346,-1.013678919686967,1.013678919686967
50.73104886549408,61.67850413401366,1.6169264590827597,0.093406725452575,0.5710917005596379,13.582292129587046,11.996582012924252,-1.5857101166627938,1.5857101166627938
78.04298615735769,119.50750787548786,0.7394627770451256,0.0607573468973042,0.2985107586927318,0.7306902579257413,0.8054609678707185,0.07477070994497725,0.07477070994497725
145.8554007949528,111.40484407715326,1.5334524652831658,0.0626698183221664,0.3033657379741453,48.61585091682038,49.011436820230244,0.39558590340986655,0.39558590340986655
127.08145216643211,144.92992869069354,0.6350966799173534,0.0561491776277301,0.3903166821107929,10.878784266632437,11.718844309741696,0.8400600431092595,0.8400600431092595
83.75488131003252,147.8222670026489,1.987830085748317,0.0586863854404684,0.5263838833451067,12.4910697132466,10.757087343891182,-1.7339823693554184,1.7339823693554184
88.94346800776732,79.6312138447044,0.4723030575908423,0.0197534366271465,0.5261145848158338,17.71306464418675,15.39870695561912,-2.3143576885676307,2.3143576885676307
102.5631914599504,108.52840456830891,1.6692054305921775,0.0805114676322866,0.5625102160202888,31.99969702295841,27.943116370986992,-4.056580651971419,4.056580651971419
90.75983338321812,92.11045930771688,1.1339995533278078,0.0578022877464872,0.4163017174357324,17.873753643868774,20.031629228527315,2.157875584658541,2.157875584658541
94.1530501373377,101.493867958731,0.2821598328787154,0.069454366774621,0.18518029391296,1.7010411074851604,2.499274648593183,0.7982335411080226,0.7982335411080226
101.09967919343424,57.332891204616566,1.6588492510992348,0.0169880929637592,0.4101495365812843,47.87963817271464,49.64904516589227,1.7694069931776255,1.7694069931776255
103.21179724587827,70.8920677695088,1.329251323059913,0.0623024132583818,0.2156906684202162,38.2135411208519,37.89354693793317,-0.3199941829187267,0.3199941829187267
53.836155478797465,78.73253994058962,0.6235811823674527,0.094598472867484,0.4021476421585324,1.6240283909910698,2.7474785439875387,1.1234501529964689,1.1234501529964689
97.33541793328013,138.01322377189098,0.1784922057957883,0.0380789387433419,0.455797239847204,0.3343433441386052,0.5998602110518368,0.2655168669132316,0.2655168669132316
62.65269140490757,67.50073292976118,0.8725638383848731,0.0247078011807932,0.1573495576260717,2.30788212407278,3.466479672729823,1.1585975486570432,1.1585975486570432
89.77934409290981,121.38474496287267,0.3499289198416823,0.0368891064805235,0.2984672271170173,0.3904329871789764,0.6232487105096408,0.23281572333066441,0.23281572333066441
59.72542158555324,90.14779826089588,1.973254337834769,0.0616371547955708,0.1985351153531591,1.4763265105515109,1.1771251059807826,-0.2992014045707283,0.2992014045707283
56.950779651519326,67.30536877858835,0.6469948786528272,0.0903770349836141,0.1406245168384053,0.6106257229051604,0.6756379878102772,0.0650122649051168,0.0650122649051168
135.18362587619004,101.40421761552614,0.2480916414289397,0.0153157317584449,0.1021814284578172,34.16398328317159,34.70130646455797,0.5373231813863839,0.5373231813863839
81.5653626982324,99.95866531218924,0.9788693224552028,0.0263142061906934,0.1873240973604605,1.485429401295601,2.6055642038735316,1.1201348025779305,1.1201348025779305
93.16155173723492,74.55801328657353,0.7269621662679342,0.0572888704423659,0.5430999262437264,28.2320242923363,28.243369367384492,0.01134507504819382,0.01134507504819382
68.67684162700088,64.74943140865969,0.2190020876096821,0.0709840126443788,0.166778873662633,5.3955626382082045,7.4945811405265435,2.099018502318339,2.099018502318339
106.26541196713092,113.8439721779828,0.5075367177783886,0.0557762349465338,0.2713070543075927,6.3329709352054735,4.744935002834788,-1.5880359323706852,1.5880359323706852
109.33436571884718,60.90766946000829,0.1979824944637576,0.0233140864154546,0.2579852706774727,48.70718512370021,49.90815130533117,1.2009661816309603,1.2009661816309603
55.06224722690742,115.56198804449888,1.856603896117599,0.0682153109074809,0.3359090495484548,1.3971391106354725,1.2513218431501485,-0.14581726748532398,0.14581726748532398
84.45965957269718,130.85398166969733,0.1367174924951941,0.0486439102048071,0.4913084746702587,0.055898077700737,0.0772943923267728,0.021396314626035806,0.021396314626035806
97.52929765655082,75.04238878522405,1.755111838362296,0.0768156683718492,0.5434012902479702,42.10413932512888,39.62473902143778,-2.4794003036910937,2.4794003036910937
120.47842934477268,123.60122941611394,0.1471089141076477,0.0641066906084868,0.4519457224189378,7.443907819726746,7.447572110948754,0.0036642912220079538,0.0036642912220079538
106.02414637830526,61.20281553133321,1.82251381288804,0.0117941819401487,0.4618489666293762,50.827898994748885,51.396950374020506,0.5690513792716203,0.5690513792716203
109.78999788110852,124.408044410506,0.9044406139899038,0.0727244167444347,0.5969624990532094,22.06930938299943,17.80508938475583,-4.264219998243597,4.264219998243597
147.85059669326898,148.92517284795548,1.351602129532572,0.0793131515076587,0.430428313054131,35.39495691726269,36.57382743584137,1.1788705185786839,1.1788705185786839
145.548089478083,80.08756636243189,1.5603591985831238,0.0916017213637915,0.3278984046837463,76.69476749135059,76.48855716178325,-0.20621032956734098,0.20621032956734098
119.57583379921807,96.5323395070852,1.5377878241720877,0.08768975314169,0.3982825254657111,42.11143422899535,39.17668347877783,-2.9347507502175176,2.9347507502175176
128.39123805872336,97.30475044615454,0.8416464301224539,0.0214506746124432,0.3747729520616365,36.91292929471001,35.78870596850551,-1.1242233262045005,1.1242233262045005
140.25529066795667,84.9104115449581,0.1297426810740586,0.0433736555412408,0.5448339640003045,55.8539183551368,57.09552416859043,1.2416058134536314,1.2416058134536314
126.97466228570872,142.0258250111774,1.0649719219313445,0.0248280978289084,0.4464857602685347,18.904445969804183,20.145496805477993,1.2410508356738106,1.2410508356738106
83.38420643433858,62.0154852314581,1.406070481821177,0.052474618843145,0.2236338590064771,26.45721061871908,27.467192970338292,1.009982351619211,1.009982351619211
60.59058044037576,109.29053414052636,0.1506909558711266,0.0378852547324722,0.271839122042266,2.2579881317464322e-08,0.0004841129225881461,0.00048409034270682864,0.00048409034270682864
90.03566268398306,133.52497040162336,1.5391877190250909,0.0108108913447406,0.5711654124028002,14.016120595403692,14.568357510575437,0.5522369151717452,0.5522369151717452
93.4984179170463,66.09422674752246,0.3950049473854202,0.016993972914944,0.1188341299518602,27.846377577487612,29.905008965748184,2.0586313882605722,2.0586313882605722
125.1230188908082,113.34378188697184,1.468954021784219,0.0485655485221544,0.5792814596580742,42.329553933231445,43.350265419949395,1.0207114867179499,1.0207114867179499
108.6936506558907,70.07421831657433,0.7269471023400086,0.0613389628451824,0.376423136026711,42.45865263688672,41.70935147024861,-0.7493011666381051,0.7493011666381051
142.4237700814133,52.12080506314153,1.0786183143289794,0.0564946055641092,0.562230501605894,94.01568010085704,92.67868058000158,-1.336999520855457,1.336999520855457
149.25146201619714,54.690641038115054,0.4564731431313227,0.0245178922395907,0.5275028648558816,95.18991242423984,95.05132079125033,-0.1385916329895025,0.1385916329895025
55.86295590986155,129.55890137695468,0.4413026900289536,0.0237087336268128,0.1753945185150596,6.673749694543457e-13,2.2139464953678666e-05,2.2139464286303698e-05,2.2139464286303698e-05
88.1621044176604,63.50479987278034,1.012699333900977,0.0475791346453367,0.519925720426918,32.82875387438812,32.248736108184005,-0.580017766204115,0.580017766204115
80.32751475675956,67.522751301703,1.5277050562279075,0.0314957058022419,0.5026866305675196,26.706366228452232,25.91564620823276,-0.7907200202194709,0.7907200202194709
62.2583156507183,94.31019024958478,0.902208518054327,0.0576777058264845,0.5834371262257418,6.236290842151316,5.123535009564382,-1.1127558325869344,1.1127558325869344
60.17824726204037,146.66536713277424,0.8004499304401083,0.0551800894724053,0.2298748499848549,7.958885641025696e-05,0.004098370258668743,0.004018781402258486,0.004018781402258486
93.26601076907168,72.8385036726862,0.3505281136434192,0.0683175486389652,0.4798943836473657,24.239159603415125,22.83974885354475,-1.3994107498703734,1.3994107498703734
142.1029516053802,118.23245786079914,0.5875699612151267,0.0274345006269608,0.1081563880253697,25.788981129085,29.276010037222015,3.4870289081370167,3.4870289081370167
81.46889738713266,118.10723910979245,1.643552975398921,0.0126668666662376,0.1496980450746891,0.2477834412423321,0.8301777042035245,0.5823942629611925,0.5823942629611925
101.25762159242116,111.72129780442768,0.3466327134493353,0.0227974490001902,0.289132257157546,3.389822873942876,3.136656343558798,-0.25316653038407777,0.25316653038407777
68.6500583404804,135.42568026544154,1.602040119268218,0.0303535106272979,0.5292017894253594,5.6604708457542525,6.313701825483836,0.6532309797295834,0.6532309797295834
91.61609464061578,138.58630260756604,0.8315423427197626,0.0555159083244371,0.4917040476385678,5.64232658693701,5.903895145427276,0.26156855849026606,0.26156855849026606
60.51882848789717,123.80508939355208,1.1089596443467262,0.0819261388353577,0.2481081151634428,0.059852405615276,0.0875995322307448,0.027747126615468805,0.027747126615468805
137.8216310274203,103.19144245347272,1.7123358834901707,0.0858232796933268,0.5075206497947488,59.69595877961637,58.38401224418764,-1.3119465354287314,1.3119465354287314
64.11990635371849,52.731951164174326,1.6138927595825172,0.0687356087909103,0.3178084417663424,19.759029281342254,16.891185654632526,-2.8678436267097283,2.8678436267097283
119.66889878731968,78.30138030809474,0.8731234577380846,0.0657667852530848,0.1477015462601588,45.73791394582544,47.37099327739142,1.6330793315659804,1.6330793315659804
84.99285337714076,87.70504930509153,0.4005553402434925,0.0204145718826179,0.5861380118393053,11.679150536258597,10.236350533629128,-1.4428000026294683,1.4428000026294683
63.39986812056707,125.83320868344336,0.2097656501216075,0.0578709041911564,0.2209822223844721,1.8573148678935318e-11,7.61024121617433e-05,7.610239358859463e-05,7.610239358859463e-05
143.05620270355726,55.66948289706243,0.5865194612465999,0.0579576532826061,0.3094116304173235,89.2473895574393,88.88001544089079,-0.36737411654851826,0.36737411654851826
144.80532818528903,69.88206908507541,0.6055629839623105,0.0978540632169447,0.144962848693842,78.94394389355097,77.7833482350631,-1.160595658487864,1.160595658487864
80.92681114996954,125.16162624323093,1.1036223237862848,0.066349696148608,0.2485378877705317,0.9445753551923088,0.9205853496420466,-0.023990005550262206,0.023990005550262206
90.7862963425662,138.8465558869911,1.2601353173364966,0.0917664335560022,0.4456779136017126,8.53609565262957,7.75388642814937,-0.7822092244801997,0.7822092244801997
57.85362427927987,146.1008848910822,1.5284639448105155,0.0275506185294307,0.339600122460352,0.2361673121857197,0.4333820362388519,0.1972147240531322,0.1972147240531322
124.93153551424344,66.74830859762407,1.523859902599758,0.0880371363105906,0.2449614682611186,66.6119379876576,66.46695050659041,-0.14498748106719006,0.14498748106719006
112.91175786342669,127.30708125683694,0.4271837693056526,0.0340011026195294,0.3578926019431847,5.920765106801674,7.714349129535688,1.7935840227340147,1.7935840227340147
60.08071971390852,116.13737363753611,1.2348995260999958,0.061944211756624,0.1267767488278745,4.3956055568452126e-05,0.0015030917273472814,0.0014591356717788293,0.0014591356717788293
117.15335290546288,83.72862133835896,0.0888703995055251,0.0384862570455279,0.2918143721112278,33.71071344690907,33.80593963126839,0.09522618435931918,0.09522618435931918
100.34172708548569,132.96857115563677,0.4328333290480863,0.0104327255968354,0.5475329345935487,5.219264900794144,4.48040035984732,-0.7388645409468237,0.7388645409468237
116.31462489752089,135.10424485859022,1.381865894180507,0.0719189023171136,0.4267885640398701,20.745884840101475,22.197430564246147,1.4515457241446725,1.4515457241446725
145.82856281444737,125.1026693613328,0.158700727554606,0.0869323237888675,0.3797079853805162,23.81702566853949,23.780883024773104,-0.036142643766385874,0.036142643766385874
79.1229140198042,74.1713732091318,1.6411456101672852,0.0335963521350641,0.3230186855193169,17.20377540867473,17.118604074106397,-0.08517133456833292,0.08517133456833292
54.64488172857615,67.0438016142797,1.97705749216092,0.0677893942967227,0.374712500036657,9.876822951992956,6.953818038818429,-2.923004913174527,2.923004913174527
134.52255581607398,62.20217286311748,1.8425226447861036,0.0395862144914398,0.2786077322347386,76.84222857246687,77.5660436599151,0.7238150874482301,0.7238150874482301
109.94305420276216,70.72706660184525,0.6230981470512073,0.0275669429946973,0.3589084807334619,40.968483476348624,41.69995883361296,0.7314753572643369,0.7314753572643369
131.1810769439195,127.79606339555768,0.7822759448015165,0.0430396595940127,0.1523382427067748,11.311495184716447,14.036134074415378,2.72463888969893,2.72463888969893
109.59268121167338,110.30682627528046,0.585723569861225,0.0574462585559997,0.226134883279287,9.01520634784935,5.792122664334869,-3.2230836835144814,3.2230836835144814
69.01538629126105,143.34911700356122,1.7685053841348155,0.0364016927382848,0.376678849700211,2.0126761488131555,2.5694753712881777,0.5567992224750222,0.5567992224750222
84.65241679527182,101.2268750784452,1.9006900619563083,0.0211494868599046,0.3319523370137405,10.902439574602177,12.249447218860738,1.3470076442585608,1.3470076442585608
106.18138803383088,136.28840668405098,1.1668094765645889,0.0526682718019509,0.1525450057219989,1.2104904920074198,1.7871495219216176,0.5766590299141978,0.5766590299141978
136.3547522514545,121.33675535640704,0.2430309343555162,0.0595602919975161,0.3940555449496756,20.447672348341086,20.40771849215888,-0.03995385618220482,0.03995385618220482
75.695229950847,79.38710471095443,0.3310351930876313,0.0668111252248851,0.4588788514461465,7.112077091397506,7.110586606764914,-0.0014904846325913823,0.0014904846325913823
134.13083514997018,81.00138501509781,0.8978639992983999,0.0538646878251234,0.5346437764476824,60.47937361953087,59.11404203542341,-1.3653315841074587,1.3653315841074587
84.03174042981914,124.3331029315623,0.9578365740055742,0.0483326755000033,0.2587781300585664,0.9977290882342196,1.36044277257099,0.3627136843367704,0.3627136843367704
123.05600808974653,62.658981600553545,0.783322475712413,0.0293779070551812,0.4195769174026552,62.19329878653884,62.08000861234258,-0.11329017419625842,0.11329017419625842
69.93501289446863,119.32570158395018,1.4192564889081016,0.0424643442921948,0.2616094273547648,0.7649546940821894,0.998990225750268,0.23403553166807856,0.23403553166807856
125.71666254125196,107.17673380210468,1.4557848622045355,0.0913496091056492,0.269524837766149,35.40718026247171,32.54670320919345,-2.8604770532782595,2.8604770532782595
126.63472131046524,135.98747500702683,1.98441180705158,0.0606018033570526,0.5249480225194284,38.754253293583496,38.170059236295586,-0.5841940572879096,0.5841940572879096
99.31955197879292,100.72827716587224,0.1646374179190531,0.0406667418979214,0.5205035098852602,8.02048339514188,8.449926258315326,0.4294428631734455,0.4294428631734455
84.27309254279072,109.36147043805607,1.933648785448648,0.0152145716675694,0.5694603425609889,19.528377197002843,17.27250998373319,-2.255867213269653,2.255867213269653
92.61212379522308,134.44111489426632,1.1682795789428186,0.0389815101805887,0.1772484604561592,0.3737432457910365,0.43950443501463277,0.06576118922359625,0.06576118922359625
70.56294755322813,97.7080630641519,1.7689341141836514,0.0688409071607943,0.1260719589273992,0.7111560610203043,1.4611851878652453,0.750029126844941,0.750029126844941
137.3575305759734,114.71426793301092,1.7681031382408745,0.0992787724017754,0.5873259266179751,59.43573632938024,55.52423448202223,-3.9115018473580108,3.9115018473580108
54.397164162145486,61.77902955254125,1.3381888951008003,0.0793303448802226,0.4703376487066296,11.216538532392846,10.064881008105647,-1.1516575242871987,1.1516575242871987
89.5941095813974,104.04549589213424,1.258926645696862,0.0957984098439488,0.1647926815832391,5.462776660386751,5.5379324356420465,0.07515577525529515,0.07515577525529515
141.64683486660567,66.69122128377988,1.7787385562693354,0.0289050545991576,0.2939615348885258,78.56739167818674,79.78208179341891,1.2146901152321732,1.2146901152321732
98.10511274763184,96.17328971592536,1.4506694137891298,0.0956746341048546,0.1734040546733073,16.82828893261558,14.108879553244863,-2.719409379370715,2.719409379370715
130.49668338816855,123.3580788885938,0.111288807417925,0.074369101047989,0.2483018262024728,9.45990476709423,9.808514251021109,0.34860948392687874,0.34860948392687874
77.4071589342191,56.207848403203606,0.3287390370524419,0.072227752710933,0.4655455503063881,23.325984844309158,23.35155477875644,0.02556993444728306,0.02556993444728306
83.27637153356794,86.86713835013217,0.6645377917207916,0.0182658581384489,0.5771873401784965,14.48540630996257,13.464297654722547,-1.021108655240024,1.021108655240024
99.04544085197848,79.93201091392362,1.8706354038703892,0.0561007853152731,0.5985013975772541,42.61109972393086,39.53024773172188,-3.0808519922089843,3.0808519922089843
132.7150195503877,64.00685073292615,0.0678144062065291,0.0734346454874162,0.5304577471097116,69.026126014699,71.25837674945005,2.232250734751048,2.232250734751048
69.28396089422456,114.3173795339342,0.8025847299516154,0.0899403279051528,0.405193440057414,1.798719951484749,2.2780014887093745,0.4792815372246255,0.4792815372246255
134.2430802150447,99.23271501847118,0.998410616042479,0.0541635885300826,0.355069198222559,43.49579230076176,43.309142797019355,-0.18664950374240163,0.18664950374240163
110.58529683838958,74.49811033917794,0.7943325009466734,0.0360758470682863,0.2120966206461007,38.26490653345198,38.45331916296372,0.18841262951174542,0.18841262951174542
91.19596798957988,89.60419159248644,0.2529603181415205,0.0987973102135267,0.3769492158361055,8.814303217683246,8.421854230873508,-0.39244898680973783,0.39244898680973783
148.32576109615698,124.55101371879198,0.2323853510351561,0.0417202757094255,0.5768386257693724,30.66381110983748,28.220126287757168,-2.4436848220803107,2.4436848220803107
139.7774068255051,67.81533312461292,1.5906223766422176,0.0605521131127084,0.3113519650980935,78.4294967852623,79.38566709991815,0.95617031465585,0.95617031465585
107.31279232725646,129.24599925459972,0.6967097465434187,0.0640805545044031,0.4059881973459913,8.705832789993778,8.09467977822496,-0.6111530117688186,0.6111530117688186
148.68768469417205,97.21448513821193,1.9298196613914305,0.058215999225294,0.4184418243434976,67.98573099410817,62.150042771765584,-5.835688222342583,5.835688222342583
93.17168850266113,123.69655547272887,1.5513441048142635,0.0959570285953939,0.5215217872923634,19.250652663517656,17.49139307082554,-1.7592595926921142,1.7592595926921142
55.4410127750178,128.7918359414786,1.1256111711141228,0.0742964668956262,0.3531964708374425,0.2370164365090921,0.37492321750278507,0.13790678099369297,0.13790678099369297
98.29688720853552,110.38172189682716,1.6704982350159772,0.0129290171089645,0.4870414272855033,20.898151775914656,20.628833764858445,-0.26931801105621034,0.26931801105621034
87.99599522597526,130.85527962274213,1.2749237059260756,0.0224361818612418,0.4028817616905292,5.602969943330617,7.321683006725313,1.7187130633946959,1.7187130633946959
64.3156311664072,149.20082330020028,0.1054559354214005,0.0115817664306629,0.3660862914144737,1.2442970259953973e-12,0.007114356389552875,0.007114356388308578,0.007114356388308578
84.09585714355583,72.31532510417408,0.7268256230830994,0.0951447126100223,0.3531856191672461,19.6672837969273,20.596607897189124,0.9293241002618231,0.9293241002618231
128.02126485356337,75.82029594685693,1.96541836710814,0.0595619185581013,0.5932383957797212,69.87912067014068,63.22009749279201,-6.659023177348672,6.659023177348672
79.99914705537111,67.6047479935819,1.3421255649571038,0.0275891212261665,0.2037190235526692,16.651039653597515,17.692498656176554,1.041459002579039,1.041459002579039
59.9237664919681,59.05944057475666,0.3266535944906968,0.0810028368409469,0.5080780137730934,8.04896188626293,8.461735086619678,0.4127732003567477,0.4127732003567477
115.22640059437704,59.82465075519119,1.6000354136610098,0.0519119707138879,0.5560631836318842,64.24456697022518,62.557196486269,-1.6873704839561796,1.6873704839561796
86.30822963986351,98.68294279374214,1.8391330545932816,0.037900550223068,0.162921871406394,5.30721931932997,5.223898198080314,-0.0833211212496563,0.0833211212496563
104.9669669003691,113.0587121470129,1.9126871905816951,0.0336553001524836,0.3267605801665046,18.340330668556295,17.52561859322157,-0.8147120753347252,0.8147120753347252
143.9832123613475,105.99404390366765,1.0328768459084738,0.0795447108284467,0.1316407162906453,46.35795184352274,48.015576760221116,1.6576249166983743,1.6576249166983743
56.5204591260492,111.6939138048048,0.5985603110985884,0.0598621165352654,0.3587362898879042,0.0730814341585919,0.06905534259489331,-0.004026091563698597,0.004026091563698597
118.2479066236862,119.47241276365811,1.6719267359554224,0.0360993302979851,0.369765371702781,24.79994048426351,24.274909410001534,-0.5250310742619746,0.5250310742619746
83.32998598705251,115.30872509563751,1.2216282436677488,0.0280823074219954,0.2793981522671185,2.751534491194711,2.992350363484872,0.240815872290161,0.240815872290161
107.88067545119404,107.397471046831,0.1011042445940303,0.0493784190798545,0.4990909372955847,7.311715415767836,10.432763867090697,3.121048451322862,3.121048451322862
94.41442022201196,85.34092242323092,1.4017634406165853,0.0520301512852661,0.3188622875677552,21.882104357940385,22.98957711400692,1.1074727560665352,1.1074727560665352
146.1070317469455,149.70748769131438,0.429962997195934,0.04376408164553,0.4449039653624452,16.58946156593693,17.91632301779215,1.326861451855219,1.326861451855219
71.33465745601265,136.92175321661995,0.9863139017738756,0.0460086048013601,0.1725180959241649,0.0008198786722476,0.022856459726595828,0.022036581054348227,0.022036581054348227
139.06785956054708,57.26214739789624,0.141632120430915,0.0597370625426922,0.4134093851612684,82.28814553239862,83.22184340881132,0.9336978764127082,0.9336978764127082
110.10767990063928,113.79349943647505,0.8648465341574978,0.0958529232249198,0.4445647589086529,20.402712408987973,18.489194612521253,-1.9135177964667207,1.9135177964667207
68.81999816798623,92.5685239118434,1.123276031350061,0.06870808962506,0.5304769118727574,9.91103376196864,9.395262536835775,-0.5157712251328661,0.5157712251328661
76.66596583882011,135.61713044512535,0.599948876548975,0.0336954835241636,0.2522174887246505,0.0141560860559358,0.11149798134551574,0.09734189528957994,0.09734189528957994
115.08788374957771,77.14878861425558,0.7801522396402709,0.0574855319555069,0.2242024211428817,41.40039932764657,42.583933385561,1.1835340579144287,1.1835340579144287
62.90736653068295,133.12635997424138,1.8054315587877343,0.0532573964416301,0.2659245199680595,0.4085240389082769,0.6432116656742867,0.2346876267660098,0.2346876267660098
56.701653775121,86.9135907964135,0.3776464912420045,0.044072664679643,0.4900231979031592,0.826827928521034,1.1071265611938792,0.28029863267284516,0.28029863267284516
128.238309322355,141.91948589495362,1.9405734931009784,0.0256741491849,0.3296842039987095,20.662944340476123,20.87542665952214,0.21248231904601766,0.21248231904601766
61.035505655787546,67.2525054122435,0.8714481697868182,0.0169468235082292,0.3198331758053712,5.22034567997235,4.645454396747999,-0.5748912832243516,0.5748912832243516
106.09379715353862,106.19541425098686,0.8497684901745834,0.0231404842250924,0.3413182270777172,14.145616962417208,13.56586410247043,-0.5797528599467778,0.5797528599467778
62.95537377604956,81.41335169254049,0.6715318949427747,0.0407884571878815,0.1037421325565867,0.0063142132515634,0.6316861919644716,0.6253719787129082,0.6253719787129082
149.56451766743493,56.83708793105898,0.7208363678000844,0.0316088302942594,0.5968074359878017,94.4395563715988,94.00911159860615,-0.4304447729926437,0.4304447729926437
125.99971583309684,84.85204443423208,0.1885423482118309,0.0775051691987957,0.3441335877976499,42.39264937413438,43.4913567011585,1.0987073270241225,1.0987073270241225
139.1868204381326,107.93582314323264,0.1251675711820616,0.0860571915192661,0.3909174309644089,32.5856266821705,32.97237978496157,0.38675310279106867,0.38675310279106867
123.13450951852715,111.6449647150324,1.0324314979383984,0.0372783499957109,0.3297052637359214,24.428529685515144,25.737518366521485,1.3089886810063405,1.3089886810063405
64.7073480929038,128.2921652940895,1.3110300912075206,0.0729097643111727,0.3689403922884721,1.342233575199714,1.521509952289676,0.1792763770899619,0.1792763770899619
135.5925189591298,54.88699587070656,1.5345475029460536,0.0151386945910708,0.1049278307181766,81.96590869199707,82.84460500903693,0.8786963170398536,0.8786963170398536
101.96116758030077,112.88397885586828,0.5617421637874994,0.0178544786537693,0.3738623985409445,7.636147825902604,6.83202288545674,-0.8041249404458641,0.8041249404458641
127.48498465340992,102.47879361510964,1.292210889746265,0.0129058054659371,0.2306872850125532,29.691303276819298,32.933100562163034,3.2417972853437362,3.2417972853437362
102.00680211778108,69.57134149282652,1.295263535146654,0.0373576095914296,0.4621539157260083,40.64172474027133,39.69510172346232,-0.9466230168090064,0.9466230168090064
59.73767291080042,103.8631647532304,1.2347378707628638,0.026239952608578,0.4119439400286927,2.2202256752335554,3.1006558776292827,0.8804302023957273,0.8804302023957273
141.66431026939162,103.24802068605884,1.3705228736189807,0.0611027194021632,0.4350055569168429,53.85552061191868,52.87366210975273,-0.9818585021659487,0.9818585021659487
114.8209177448556,67.71205956991048,0.0982004679501188,0.0528361730275703,0.2666043627140368,47.45927483476208,49.08423551293926,1.6249606781771817,1.6249606781771817
112.5496837116704,69.70340638871183,1.9178500518437291,0.0378348845360337,0.4833546892627546,54.09404452991269,53.65159376639925,-0.4424507635134418,0.4424507635134418
127.5234538899056,101.8761945801508,1.930272302747477,0.0155850344057912,0.4212198864075491,42.73086484228061,43.26759727603226,0.5367324337516521,0.5367324337516521
73.51555700084171,71.68939412390579,1.6622453580097445,0.0320336195093263,0.2913200661797006,13.536016763209751,13.967773887537703,0.43175712432795166,0.43175712432795166
72.07696127887604,61.0880608598485,0.3200663890872393,0.0880817157143104,0.2258854344058552,12.923460851472242,14.049005792399278,1.1255449409270355,1.1255449409270355
66.02665990405869,101.55861668916044,0.6487443481945989,0.0202749811929084,0.4554781167633563,1.878351066845665,2.681730880559313,0.8033798137136479,0.8033798137136479
128.86149646724064,119.02895299335832,0.8116437162009866,0.0227163172603685,0.1662806193737976,14.845019584580513,15.64432179137337,0.7993022067928575,0.7993022067928575
130.59293661594654,91.46789478433988,0.2847073986183094,0.0116666165365632,0.308549847222435,39.520203438822165,40.29785685640687,0.7776534175847019,0.7776534175847019
99.71747640084271,138.06235159750224,0.561977268668922,0.0656182047506192,0.5596919349365104,6.965388596264518,7.493414861819039,0.5280262655545211,0.5280262655545211
61.114782746710894,136.18075459643734,1.268777688703427,0.0609246626781871,0.1563266887886621,6.68334299516371e-05,0.001462837780144853,0.001396004350193216,0.001396004350193216
108.33072481842046,97.76135697110963,1.4418403222037184,0.0919097774155456,0.1098421106482139,22.89181151595865,21.54370033052447,-1.3481111854341812,1.3481111854341812
145.14994392273525,78.17866204206788,1.1229718084087217,0.0752310037569632,0.2688731374867914,73.36848276112926,74.20792652065731,0.8394437595280522,0.8394437595280522
98.97858679882408,55.475993118962805,1.2777579256268898,0.0230247019858708,0.3514049422352879,45.89035371530682,48.24166757248627,2.3513138571794485,2.3513138571794485
81.12174950633936,73.48901659718202,0.4191418961583252,0.052079900782666,0.3782506794113414,12.947161756107818,11.880472206219867,-1.0666895498879505,1.0666895498879505
108.89436485073487,118.07121206133804,1.0794012575795997,0.0447292962880088,0.3212317279955579,12.934451151533942,11.740535201523912,-1.1939159500100303,1.1939159500100303
102.42859833747512,81.76876027471016,1.876047266405659,0.0313572386701455,0.2403782236259451,28.44944978112577,29.51321817923988,1.0637683981141066,1.0637683981141066
78.71522634376286,71.84838272314919,0.1366663174272452,0.0391037024696016,0.1206550729803694,7.267774849513287,9.290862828494403,2.023087978981116,2.023087978981116
79.0503247198619,124.56668371560484,0.3606545088722138,0.0584220337115253,0.3329034496960167,0.1042438244684456,0.2124751636365464,0.10823133916810079,0.10823133916810079
52.21332755581181,50.125012751849965,0.8868396156989414,0.0661411616594343,0.3636020181216276,9.514002855716416,8.647318240437247,-0.8666846152791692,0.8666846152791692
53.31964861054699,126.0584804976167,1.3236939153292495,0.0302447413097976,0.5840668025135475,2.793359819826617,2.6598775528328793,-0.13348226699373766,0.13348226699373766
144.71614629002477,142.6848543162676,0.1523675649130186,0.0751573038972707,0.47782849952578,12.544263865315628,13.373824562361605,0.8295606970459772,0.8295606970459772
117.6177562075434,65.49296868447233,1.5358078775162212,0.0800562676713369,0.3948541883813252,61.00550573023123,59.90243111617138,-1.1030746140598495,1.1030746140598495
99.58194726485392,105.74116576468948,0.5494933624097392,0.0701651156348659,0.4744339424186098,12.996633988745224,12.459655848656196,-0.5369781400890279,0.5369781400890279
97.57040781890562,102.67712833153182,0.1789196843152138,0.0511259876372267,0.4796761679234471,6.137148517515087,6.7515279803018435,0.6143794627867569,0.6143794627867569
149.60669551947967,75.82164179013765,1.9942635432171405,0.0573283749707013,0.5176010300324129,86.94038921353643,81.05747320185579,-5.882916011680649,5.882916011680649
133.64397373761233,119.36495143896548,1.1626741211099425,0.0174734059919587,0.5649787031440074,39.02084565783006,38.141286051441135,-0.8795596063889235,0.8795596063889235
124.77652771400322,125.71618488220965,0.5834224531223804,0.0235669659888811,0.5476437897892998,20.998094632053665,22.339988049742306,1.3418934176886417,1.3418934176886417
136.8757230536587,62.335361317907136,1.047920468075927,0.0998476873179633,0.3315903550333073,80.77271471384142,79.17935696168178,-1.5933577521596476,1.5933577521596476
138.29524558474972,95.16410272677376,0.1846597085180453,0.0814657051208421,0.1708125090564157,44.55202352568647,45.578370663627084,1.0263471379406113,1.0263471379406113
75.88887419705046,96.36393585966356,1.040634941505373,0.0461896539146284,0.4813433155086609,9.472495009420657,10.266915528512145,0.7944205190914886,0.7944205190914886
110.0472863250274,101.72742897664143,1.4087152041754127,0.0820441714599414,0.1813083531625245,21.56439932074537,20.861880102432586,-0.7025192183127835,0.7025192183127835
129.48095487499293,130.99450091529027,0.3546370606852269,0.0181033374176335,0.3972018742471777,11.887221072144875,12.466432288474975,0.5792112163300995,0.5792112163300995
142.47859097140136,92.41441737795024,0.1704783553597423,0.0492355009492763,0.3664951359819908,50.8454474942952,52.15158518049746,1.3061376862022627,1.3061376862022627
84.5627037036159,50.73376252231346,0.4620005629115079,0.0679231960262683,0.5033026931397563,35.92147820057222,36.7495684801778,0.8280902796055827,0.8280902796055827
145.32923963662898,113.51370481158264,1.0318085726332291,0.0327533308297317,0.1071989215774439,35.6091148219851,37.79457375490862,2.185458932923517,2.185458932923517
54.75476088811635,69.9342550530206,0.2243233122528137,0.0523845713216842,0.4797038745454661,1.1049860723960396,1.161480641659794,0.0564945692637544,0.0564945692637544
79.98975929945362,55.77362796509811,0.5217575641721393,0.0577743599014273,0.2909027815490347,26.041224630084123,27.11906855883415,1.0778439287500277,1.0778439287500277
145.4666356879069,128.7056095845733,1.3332490146240736,0.063098868039664,0.2556320829994509,32.64692250387212,30.313872117812558,-2.3330503860595613,2.3330503860595613
62.1442615728375,128.462029238536,1.406530762132869,0.0197819363371432,0.4255734152342222,1.6528735442683369,2.6001956648224933,0.9473221205541564,0.9473221205541564
124.83558536657398,140.3223624970936,1.0459485802173212,0.0706035838652878,0.2845939254322589,12.173959068283814,12.726376799066,0.5524177307821851,0.5524177307821851
92.37701199309234,105.68587557372618,1.4209804106722383,0.0828595419696895,0.2623527812428209,10.807808258708448,9.826311283656782,-0.981496975051666,0.981496975051666
100.70596467387182,78.66155584497277,1.7891092148667906,0.050600105682884,0.362575964495071,34.68891074087599,34.56058879626932,-0.12832194460666813,0.12832194460666813
73.22126951468172,114.403927252641,0.6474835670335223,0.039881071894863,0.5190750597845838,3.0622327904529243,3.026523472127403,-0.035709318325521267,0.035709318325521267
73.27302418700535,148.16472365702748,1.1839589894838132,0.0485580210107083,0.3503572917285318,0.7027055032435277,1.0862037398967186,0.38349823665319094,0.38349823665319094
84.69589503775859,128.95021761153924,1.394019407837518,0.0452711625371767,0.341700361465946,4.161062579555683,4.510328555539602,0.3492659759839194,0.3492659759839194
109.5355722510312,92.10208945631432,1.2687354092097516,0.0438039377280276,0.3275133129178746,28.23630369247479,26.15023198294026,-2.086071709534533,2.086071709534533
78.6087778204969,111.13077653925896,0.6923739800120543,0.0697535756719774,0.3940880479956432,2.9335459861745576,3.3478296379161656,0.41428365174160797,0.41428365174160797
137.42720265915165,95.03196008753604,1.1253416334077024,0.0543498543609858,0.5069665785621411,55.05246207587222,53.872022572442035,-1.1804395034301862,1.1804395034301862
96.15289585400518,145.88783191184578,1.8263587171734448,0.0900724917794668,0.1149698915000797,0.3709614164189263,0.9706900745097302,0.5997286580908039,0.5997286580908039
147.82206685265584,130.33775714379212,1.0185411534697346,0.0263949475809194,0.3982791615780134,33.88527961993934,36.339145428157465,2.4538658082181257,2.4538658082181257
101.8561688665734,57.16119120895182,0.7653592616004734,0.0659081213929185,0.4981605344242058,48.57360093919117,48.817408693201166,0.24380775400999966,0.24380775400999966
142.8175939066235,113.0900220396625,1.148198364244584,0.0541347714533921,0.4477581315310219,46.10626987434405,48.1018947153819,1.995624841037852,1.995624841037852
137.40717733051852,57.20369250185201,0.7735450932988523,0.0583021148303708,0.5126071805900139,83.01501154135318,83.0644656024412,0.049454061088027856,0.049454061088027856
101.47764220004537,81.18632849388872,1.1522684472677416,0.0524858782455824,0.1335007459795806,25.16893164307791,27.7873618247853,2.6184301817073887,2.6184301817073887
66.36559428657046,100.22801292685278,1.0622448725666194,0.0882863736500033,0.2480381456995887,1.0095422703480486,0.874534720015426,-0.13500755033262257,0.13500755033262257
114.93788202366224,116.53496322635664,0.2977537854187493,0.0672394063907707,0.594971482600004,15.134713416247584,14.015034258006922,-1.119679158240661,1.119679158240661
103.99571302805596,147.01539625917218,0.6468589440170482,0.0916531211059986,0.4851687523612655,6.233508883608707,6.217389807310334,-0.016119076298372725,0.016119076298372725
140.7289561452572,102.80303048951733,1.479651799546217,0.0610548530684518,0.2909105522828245,49.34351344097165,48.926424424095686,-0.41708901687596267,0.41708901687596267
139.50327516051695,88.97648751959287,1.6261784728501998,0.0164631937571311,0.2311179945731278,53.59531838404206,53.753578662493574,0.15826027845151458,0.15826027845151458
91.10407805746117,118.93048702412156,1.2967572126081963,0.0519953053085602,0.215467759956599,2.895768818720807,2.2101319532554777,-0.6856368654653293,0.6856368654653293
72.86428055034628,146.4737559601968,0.6832948979610864,0.0696600121250943,0.231158516031474,0.001630859374946,0.029788304743791513,0.028157445368845513,0.028157445368845513
145.2585981317419,63.29660480240933,0.3439638577843811,0.0229182277911422,0.478472422188841,82.46958495739588,83.65044660307187,1.1808616456759893,1.1808616456759893
97.30351250837003,73.0319316807508,1.1263830473079457,0.020451626051454,0.2935181003466018,28.10129026657647,29.82433358025822,1.7230433136817496,1.7230433136817496
93.6048297972588,68.78412885345449,1.6531967674640349,0.0149031541798048,0.227759958892044,27.96603053505812,30.431397595816737,2.4653670607586164,2.4653670607586164
110.95643339798968,142.48216019311698,1.765012373644991,0.081028271907558,0.3376927184169662,15.116329195977116,13.475917908626977,-1.6404112873501386,1.6404112873501386
77.70125243259788,109.44640485272362,1.6431263531648366,0.0219806176912572,0.575568350924486,14.56194679478801,14.112516066509903,-0.4494307282781076,0.4494307282781076
65.76342317168178,77.15028452968807,0.114951401214726,0.0662702597492569,0.1541851327888593,0.0019468501639522,0.15762368805751498,0.15567683789356276,0.15567683789356276
145.39285770025873,129.28649871024712,0.1956692137472535,0.0577413219139826,0.4036710617554522,20.908549262145087,21.02576546025401,0.11721619810892392,0.11721619810892392
62.50889098364036,139.12518131481664,1.3571895677527206,0.0177803666895796,0.1568806907881153,3.925872114498934e-05,0.0006678991145183062,0.0006286403933733169,0.0006286403933733169
148.63821716288922,144.98358817712574,0.2955339585974164,0.0769876013719371,0.5051878336740672,19.55117820757019,18.98738083088767,-0.5637973766825191,0.5637973766825191
127.68809957583076,145.97139331335566,0.1301478216795376,0.066935554554142,0.3997243850713358,2.0850956603431747,3.22266658328257,1.1375709229393953,1.1375709229393953
78.33976945705939,110.72126026993658,1.407341615177611,0.0897325844495358,0.2919410795935362,4.78933737506512,4.912026879669674,0.12268950460455397,0.12268950460455397
134.56263001150188,95.42987889209728,1.026111218209154,0.0569286640601227,0.4225421765838826,48.885089298641816,49.69321506630988,0.8081257676680664,0.8081257676680664
109.82252940637387,110.9701832151544,0.4499657884671231,0.0994400103052604,0.5493204263621795,17.704168883246076,13.881271012731316,-3.82289787051476,3.82289787051476
138.43434279712875,127.47068680155616,0.3720232682660247,0.014115362394664,0.3144208195838189,16.985122120450626,18.542280471203245,1.5571583507526192,1.5571583507526192
145.23013846011065,69.60297407292958,1.556466303898575,0.0243715776964593,0.4343669015725289,80.0159674992648,81.43627348083469,1.4203059815698822,1.4203059815698822
122.43388171287413,115.52548308390996,1.7148199662480856,0.0612808969119436,0.5713845940381176,42.9840805198368,41.35628358257556,-1.6277969372612446,1.6277969372612446
115.58343876174052,134.18261681905443,1.405319112623846,0.078055426356569,0.3075014202098142,14.82277609146218,14.64643577466964,-0.1763403167925386,0.1763403167925386
130.5430043045979,121.18972503066855,1.6848164922234266,0.0245286059087722,0.1269963684932918,17.14739237367695,19.54847933072071,2.401086957043759,2.401086957043759
130.01375827520758,124.11526732856586,0.670492273588979,0.0780463722130307,0.2338120939092907,16.78713785694727,16.479922541500294,-0.30721531544697456,0.30721531544697456
132.28880682935022,64.70309405204829,1.0028628793760843,0.0696685618525135,0.1733136623433002,71.95208833651711,71.5426576167824,-0.4094307197347007,0.4094307197347007
142.61328387732337,58.89604337815679,1.8980948190737716,0.0734493098026375,0.5976978911761237,94.79034505667806,89.73968387419961,-5.05066118247845,5.05066118247845
115.5232484576344,97.59829944872595,0.2665756876653303,0.0459723275407187,0.294626562439563,20.033130625090024,20.55650311376999,0.5233724886799642,0.5233724886799642
62.71824536325109,73.41573307438756,1.5315104439830198,0.0991875133598435,0.3822326005774866,11.58437109835711,10.192547179037108,-1.391823919320002,1.391823919320002
79.09584305179617,133.29614298586506,1.7532769160737984,0.0321521033634398,0.4915837424794265,8.77936644506459,8.412578613257942,-0.3667878318066471,0.3667878318066471
86.56421627042113,52.64398830739131,0.5935757873391859,0.0842650055187487,0.3023173094478123,36.53677366926709,36.79170026593248,0.25492659666538486,0.25492659666538486
148.49896561408752,134.82746006672284,1.6381000731779058,0.0574061429757616,0.1137449690816822,26.6478687633997,28.349227085218875,1.7013583218191748,1.7013583218191748
117.9551862285185,65.22309567539342,0.5604276266306005,0.0509482698742739,0.5070303284664828,55.25886939876247,54.7970628681053,-0.4618065306571708,0.4618065306571708
138.0251773281687,122.49394406104554,1.013656596047538,0.0537121486388583,0.2634982152819368,27.167862859070112,28.141711367686398,0.9738485086162854,0.9738485086162854
94.94591931837412,134.21262495086285,0.5582180146446527,0.0272288049081193,0.1701915845006169,0.0206570293602968,0.08298462205588579,0.06232759269558899,0.06232759269558899
95.55016952192202,114.8898397997076,1.6459197409472452,0.0267975195792836,0.4899076674215492,18.75905924603022,20.494847175469094,1.7357879294388745,1.7357879294388745
66.56631674764128,117.96723701008636,1.670635529268084,0.0106250097474043,0.2594399171819627,0.5965405673691335,0.8938562037583366,0.2973156363892031,0.2973156363892031
87.45401188473625,122.99983109899703,0.6328784803486122,0.0767399682805835,0.5090822262336057,5.574497682179249,4.9847573433200045,-0.5897403388592446,0.5897403388592446
144.06901877232318,114.30176824140024,0.7971439730154001,0.0624747549558943,0.4283325310373896,41.6912889503018,42.69611879184225,1.004829841540456,1.004829841540456
51.96105324742536,129.6085696269575,0.4720829082944428,0.0997616643291548,0.5596333704774481,0.12687146438412,0.2736387347445238,0.14676727036040382,0.14676727036040382
138.8642669362955,138.75553009463553,1.3137536518318336,0.0496350989798571,0.3808624902120998,27.92170398224161,31.00532558990661,3.083621607665002,3.083621607665002
103.712074828674,59.83938643990353,1.4436628206850013,0.063959585877549,0.2569988654982887,49.307853449043385,49.3378673954048,0.030013946361414412,0.030013946361414412
97.11678989328146,147.14920564732137,0.6924584149967519,0.0366535380078349,0.2016082964137866,0.0670661678105253,0.5255491911260012,0.45848302331547586,0.45848302331547586
54.29122726601942,122.58218906791664,1.5865430229122708,0.0572139905840406,0.5921048589096911,4.905987396886516,4.3877577544909006,-0.5182296423956156,0.5182296423956156
77.88719262609649,52.7792789967078,1.9256803094739856,0.0603171928653068,0.5631970592053996,37.98118471612624,34.81587145084495,-3.1653132652812914,3.1653132652812914
116.504811238256,127.75878933731364,1.2025816495329358,0.0740567914552616,0.1388982446852275,6.901520101402639,8.052788588978776,1.1512684875761376,1.1512684875761376
146.32026409714166,87.7101079484485,1.692516960278612,0.0176076495214002,0.5615881756864054,71.6362585191153,68.57130710042009,-3.064951418695216,3.064951418695216
70.13637821359744,128.90108430548304,1.7042343689722346,0.0766772160508991,0.4635569753114505,6.422319161529916,6.040955946509871,-0.38136321502004566,0.38136321502004566
80.49346376976608,63.58078150490427,0.922420920269753,0.0912365842943369,0.3861456446538488,24.749464621698397,23.30833535364252,-1.441129268055878,1.441129268055878
140.07601624507325,140.96245294121815,1.1399777546592458,0.0424144679441912,0.5870688424166474,36.71015844420401,35.45315464453479,-1.2570037996692207,1.2570037996692207
53.00260053293928,127.60942862183244,0.6511834249403069,0.0261506368756265,0.1861190286711395,9.7284009881806e-09,0.0001967643019186205,0.0001967545735176323,0.0001967545735176323
88.45113276448126,104.52621272468572,1.2129812424675792,0.0317649186401453,0.2285033173494876,4.600329323941665,4.9386055647706435,0.33827624082897856,0.33827624082897856
123.81507548416896,131.62527115304155,1.6651623654227743,0.0692942206107416,0.3947777196661881,27.63798326660361,27.811545435971578,0.17356216936796898,0.17356216936796898
134.48640854105085,126.17484969288851,1.8150842661181417,0.0211670123974452,0.5637669511984835,44.71837292857916,45.756906905275514,1.0385339766963568,1.0385339766963568
112.8426456614587,105.2519780366978,0.2098296547875837,0.0263758303907299,0.4052741133009744,12.777198097452995,14.341055626116171,1.563857528663176,1.563857528663176
149.67264010577333,92.4526264569504,1.954420051698232,0.0334360871522914,0.1045124086853384,63.06880643326612,62.06874997622161,-1.0000564570445079,1.0000564570445079
143.31929170490184,109.96544250464792,1.828713071721848,0.0873765367385191,0.3994800697090739,57.14160169609592,53.85370182426452,-3.2878998718313994,3.2878998718313994
125.69947594896556,75.75524383453958,1.3989566084010066,0.02063673749451,0.5323455822907485,58.56380483280139,57.00486905880443,-1.5589357739969572,1.5589357739969572
93.28399210571725,124.1419890863,0.5449862090924926,0.0810887928017582,0.3691822781009243,2.936936343099706,3.696267510514683,0.759331167414977,0.759331167414977
146.9242130458038,105.74550522726264,0.0692344789907831,0.098037777425867,0.2407171106127675,41.89403508114253,41.112004306355594,-0.7820307747869393,0.7820307747869393
142.32393837281876,138.75388849728597,1.098311776715257,0.0356131707469587,0.4328114103641262,29.42920605169047,30.94494085178879,1.5157348000983184,1.5157348000983184
133.81759206857384,87.36805410781005,1.742191661105244,0.0224792220808282,0.2398450567098783,50.84749719959116,52.53146001438515,1.6839628147939862,1.6839628147939862
142.7900629862027,76.6341112802403,1.5081229283317137,0.0268917789663767,0.1921345767899356,69.2194812792835,70.99259626444224,1.7731149851587418,1.7731149851587418
74.47155970237009,99.95353977440402,1.5633023730087714,0.0107621434720813,0.2007410372935674,1.4501020337850807,1.6435415516339107,0.19343951784882996,0.19343951784882996
94.1853708091064,65.33934225269212,0.8745047736110737,0.0455201542381109,0.3422558588554875,32.58728283843402,33.20941036777588,0.62212752934186,0.62212752934186
149.20384737785946,123.21681708741882,0.144624198653796,0.0131899269215838,0.1243367946168873,26.22188344369808,25.143083566881778,-1.0787998768163014,1.0787998768163014
87.70539310016989,104.31138867153204,1.3837430329883735,0.0607247900832314,0.1067751616003399,1.6121868366138337,3.3639432282254687,1.751756391611635,1.751756391611635
76.64669412092027,59.85500723773434,1.6314972993777035,0.067131249803538,0.5419440932355424,31.312006029488053,30.666438780266258,-0.645567249221795,0.645567249221795
139.3509971393318,91.89528952658604,1.3792320332060344,0.0856156528768426,0.4523999202229732,62.25669466423545,59.78036774727021,-2.4763269169652347,2.4763269169652347
112.3743084864009,57.19819370564287,1.4616104597922572,0.0546873646924661,0.5384473945522162,62.51529506518472,61.55268672815451,-0.9626083370302112,0.9626083370302112
125.16797670314232,116.11663092677766,0.8307999880194841,0.0996412007840598,0.1173440966049734,18.659279378355023,17.93257303519215,-0.7267063431628742,0.7267063431628742
78.97596020286561,75.68826583582111,1.640019207699419,0.0554734058003026,0.5077669459631562,24.191162954910656,22.970810632103323,-1.220352322807333,1.220352322807333
91.64904123690698,60.3754355729678,0.7761571339645837,0.0834469507086877,0.5633539552216049,38.14313448652084,36.09884681097965,-2.0442876755411916,2.0442876755411916
72.43471863717645,134.4547682553791,0.119053841072279,0.0423000702413508,0.3659872821585064,1.405038666321092e-06,0.03128024760974018,0.031278842571073856,0.031278842571073856
83.93052673095674,88.52849260339826,0.3231583554061567,0.0596017712466265,0.4912538459625311,8.097375964476882,7.741675278089999,-0.355700686386883,0.355700686386883
109.87233410567303,138.01374714453272,1.7169667356123284,0.0971276175039732,0.1161056212086572,3.950104424207474,2.825279349111092,-1.124825075096382,1.124825075096382
100.7047659047678,148.96028985770016,1.6317369328930338,0.0308344520846343,0.5517148643915322,16.541127936755792,18.6140065699733,2.072878633217506,2.072878633217506
81.06009713953296,135.38272078327563,1.1381527262489606,0.0952113471488606,0.2788760061730954,1.1730313389116578,1.3911357031783673,0.21810436426670954,0.21810436426670954
82.53904235612396,118.44367641854154,1.8090924267936288,0.0201266644242041,0.3303488689653819,5.7657701486234,5.811788057356435,0.04601790873303546,0.04601790873303546
80.15440132888654,98.04452385001788,0.7792453668964492,0.0553022639718705,0.1259305415308676,0.3345067041073815,1.552744731451087,1.2182380273437055,1.2182380273437055
128.2194036046453,71.13576108589172,1.0580539871197083,0.0166276503345642,0.3420522295676602,58.8912362269231,60.695422795371464,1.8041865684483653,1.8041865684483653
55.12938489812156,146.25695873776323,0.7568137102403987,0.0939003502311945,0.4944212259374428,0.2346402026121234,0.36600541058133457,0.13136520796921117,0.13136520796921117
74.7812442906907,103.09437310723646,0.6114891027262559,0.0249405375771797,0.1418612730785262,0.0084849489081343,0.11373038656460097,0.10524543765646667,0.10524543765646667
141.7045590154476,74.51864292155287,0.5973798284340398,0.0140782867524746,0.3016455676424808,67.82849437856599,69.47527319791749,1.6467788193514963,1.6467788193514963
62.66558728471939,130.2765287536304,0.3902504514050425,0.0524965338755684,0.1919349096105236,2.55129404123657e-09,2.3516928291464608e-05,2.351437699742337e-05,2.351437699742337e-05
84.04115561142596,73.14531713196403,0.7409397087485418,0.0456777924812565,0.1011843406834391,13.389614641600248,15.515035172314176,2.125420530713928,2.125420530713928
134.31448650297455,135.60893463902073,1.6469796982438856,0.065907510958528,0.3259199912001326,28.11080478071014,25.320803613898246,-2.7900011668118943,2.7900011668118943
51.65371245606708,114.75661660447354,1.2790592704027175,0.0453001488605736,0.5414723703548645,2.4444913328027376,2.652407965276998,0.2079166324742605,0.2079166324742605
60.68209929639906,111.70541946217926,1.247060188992258,0.0503062614941147,0.3325734082838286,0.9096020992942266,1.4367013050299098,0.5270992057356831,0.5270992057356831
93.03164280423908,114.0617124225558,0.8995593118951626,0.0453144619080898,0.2929723859922805,4.8086024116134,5.412992279448671,0.6043898678352715,0.6043898678352715
80.14561864106679,81.63492877630321,0.5222131004240554,0.0710209634219013,0.526919825443678,12.745294095078805,12.017598435414822,-0.7276956596639828,0.7276956596639828
84.5016839924566,96.98438202398472,1.325912437185102,0.0325820682029894,0.3036218837927134,8.559443555682225,8.865610965637915,0.30616740995568925,0.30616740995568925
103.99853797158556,122.55651973308676,1.994730145938056,0.0563286113930716,0.4136488961997567,21.86149234054414,19.92204654702769,-1.9394457935164482,1.9394457935164482
120.593661771162,50.196201831095536,1.708394366686999,0.0218353520737744,0.5994581257501809,75.65223093232265,73.51654061620467,-2.135690316117987,2.135690316117987
64.06954238607463,71.57172294481943,1.6733964389935718,0.0377723701110427,0.4767798062993489,14.382290449716578,14.87769700997999,0.4954065602634117,0.4954065602634117
110.36445245059878,120.58367737667125,0.3451392212801273,0.0193371205625747,0.3188925908308695,4.683932672484026,3.370507281693348,-1.313425390790678,1.313425390790678
103.2351126517139,129.44706467360058,1.0225008586167748,0.0737606199621337,0.5044612214239077,15.02318836393586,14.529218104636005,-0.4939702592998554,0.4939702592998554
138.36839676879896,60.66130863112108,1.1507065942938897,0.0899152564146875,0.3283463497200528,83.70928617190557,81.99371485932977,-1.715571312575804,1.715571312575804
63.226871509848166,132.60820696300232,0.2293914312169902,0.0858257147101037,0.356392351959566,3.993509126656923e-05,0.009376124189534013,0.009336189098267444,0.009336189098267444
139.5669212637893,54.68607557792037,1.3482652852328552,0.0518649635814364,0.1196672755098527,88.57427725056061,86.83273522499194,-1.7415420255686769,1.7415420255686769
102.1541449193514,116.325851469563,1.1125596462856886,0.0775528344983643,0.5255608415401234,20.594150792998832,21.17597150175717,0.5818207087583396,0.5818207087583396
135.8291335553106,128.2827019958449,0.4162649097632531,0.0578382932740642,0.5902312409729066,25.45125016856403,24.579387798299347,-0.871862370264683,0.871862370264683
109.61826694023767,66.9572456531842,0.4653714872041166,0.0930817862711049,0.3930455842284202,45.68902533847094,45.11546058932219,-0.5735647491487512,0.5735647491487512
101.1442833917623,103.10858164052937,1.3056386669044753,0.0206024628588883,0.3649567166167475,17.030905777108373,20.70677927044303,3.675873493334656,3.675873493334656
64.60906997730861,141.62612150932193,0.4675259873070925,0.0926464879165853,0.5811087621125541,0.4418804098526236,0.5348133505473655,0.09293294069474184,0.09293294069474184
104.48816860293934,58.27340634345218,1.790509228821294,0.0332604305961229,0.5895265821072883,56.255015065341816,52.767355357724725,-3.487659707617091,3.487659707617091
132.46314679891134,131.55652157439488,1.9944162106545429,0.0155606521449541,0.4983852037987955,38.27617944443139,39.50679179819198,1.2306123537605913,1.2306123537605913
108.0737139797352,85.31330751434123,1.079306555809555,0.0279921381558881,0.5154725077107312,35.167644810656675,36.29890741827427,1.1312626076175931,1.1312626076175931
143.3113221168653,141.5623781066785,0.1857026341604359,0.059217914251783,0.4313071525574393,12.219544302301005,13.118588797662536,0.8990444953615313,0.8990444953615313
59.73668937912211,118.64123437411652,1.86407739786894,0.0767251565843008,0.4592531304000639,5.095150562429483,3.97724034464738,-1.1179102177821028,1.1179102177821028
128.9712009210549,135.08599260554004,1.811476821296539,0.0804216407411136,0.5403934719515728,41.29178291033691,39.0702114294661,-2.2215714808708142,2.2215714808708142
139.6995289364411,95.35371067657184,1.3472623354775677,0.0600996731656338,0.3107039386747079,53.62607006371401,53.19421806799655,-0.4318519957174587,0.4318519957174587
137.62923485239375,132.73914062194143,0.8368309049929328,0.0809872934747107,0.5415238279195722,32.938101886435874,33.17084889510036,0.23274700866448939,0.23274700866448939
73.82896705530916,68.60500328086995,0.6702171374474767,0.0635359530996078,0.2107172169923771,9.879654201670576,10.572187680709638,0.6925334790390618,0.6925334790390618
133.2134177957742,95.73199562107108,1.609243230006507,0.0879498747481895,0.3626662467580939,53.88968751008812,50.54092300804634,-3.3487645020417816,3.3487645020417816
97.07009994910617,119.44762294166634,1.8332534271771583,0.0437353468408673,0.1048747094363886,1.483127716904196,2.438272530609381,0.9551448137051848,0.9551448137051848
53.76973904226706,137.67106826597552,0.3588043093471108,0.0140742583652617,0.50572037600079,0.0072125125463631,0.046106648111756916,0.03889413556539382,0.03889413556539382
105.06633794408516,147.22146509462698,0.8578779090080993,0.0913875724682249,0.2413492134903511,1.6256208510760022,1.895503077173428,0.26988222609742585,0.26988222609742585
105.68444131345626,98.09936394209524,0.8599580216531854,0.0885712507343368,0.1904495033094586,16.6687068610658,16.255458957944807,-0.41324790312099324,0.41324790312099324
90.22946780763186,73.70814049312715,1.3699299051096627,0.05319395803573,0.2482511085837925,23.792025328611537,24.46123540574946,0.6692100771379224,0.6692100771379224
51.28216495106058,129.7902758894126,0.0913089837150706,0.060168546990815,0.1036406013241642,2.595535130752364e-192,1.9300390056812213e-05,1.9300390056812213e-05,1.9300390056812213e-05
135.15814000172372,104.21581075233487,0.7858407471152447,0.027032056639371,0.3793259055924844,37.545609831533895,39.08820116097201,1.5425913294381175,1.5425913294381175
113.72014768082803,144.53679748120027,0.3475764174681127,0.0685181075834328,0.4402171114047889,3.7143777632121022,5.125803827432262,1.4114260642201595,1.4114260642201595
55.70868560893149,123.6416911776449,1.6476356320055203,0.01673197779684,0.3745950954066653,0.893961330706365,0.8462316012649986,-0.04772972944136633,0.04772972944136633
122.3420113688585,144.83844262726166,1.9770448162919665,0.020857853829511,0.1504525366716047,4.616401574056624,6.91625930853227,2.299857734475646,2.299857734475646
98.509465997954,124.60863228216274,0.6927840141419029,0.018122910956982,0.2916032033139065,2.5913065426857003,3.5533444380443235,0.9620378953586233,0.9620378953586233
72.149354885964,93.3256563689223,1.2846857554255844,0.0363152923774656,0.1009322062867612,0.1176158663059974,1.0127693873044974,0.8951535209985,0.8951535209985
53.35591816472511,75.53495585343067,0.2520545993292729,0.0641505960861021,0.5040735498539726,0.7068232953729217,1.0832613916006193,0.37643809622769764,0.37643809622769764
99.04784072080672,130.595612782804,0.0521995566432398,0.0269519862782651,0.4660500215902868,0.0186434033056497,0.37296354958688416,0.3543201462812345,0.3543201462812345
140.8437547872265,53.44897196794537,0.2205607585039315,0.0367198111239848,0.2824271745981168,87.8259151224366,88.83531423265867,1.009399110222077,1.009399110222077
101.98353671551348,83.97327053450292,0.8685880886514451,0.0166001765068873,0.2787749885932262,22.050506994279715,21.18174229489464,-0.8687646993850748,0.8687646993850748
62.15873495335269,77.58501251492206,1.2359574892249292,0.0473654722136882,0.5752482491536136,11.996160743013874,11.448489468874817,-0.5476712741390575,0.5476712741390575
56.01423426007853,69.4001814415213,0.0913578137307515,0.0352198592887778,0.3586560574631556,0.0658862262008546,0.6787888095936615,0.6129025833928069,0.6129025833928069
84.32754890644483,78.34458595054454,1.4713501115952394,0.0429451937930096,0.2645457648740507,16.343326297374666,19.82075768291444,3.4774313855397736,3.4774313855397736
108.29984797183155,73.4615956925233,0.4222662116745219,0.0728796726919799,0.313000378582567,37.19314367832981,37.293944536954086,0.10080085862427524,0.10080085862427524
144.7623658520667,58.52492450115503,1.6057066582588178,0.0476486178069084,0.4482753379803544,91.37964676402537,90.78442889881632,-0.595217865209051,0.595217865209051
148.0322072727826,55.51367351612724,0.6990844911259647,0.0206224898735039,0.186599694447002,93.31312525263792,94.50717539018144,1.1940501375435275,1.1940501375435275
108.51831414984134,105.19360472466592,1.2029395578910926,0.0893912965420046,0.3830845360967879,24.808922448360327,24.921994423762822,0.11307197540249447,0.11307197540249447
139.20743510936205,149.00981192160515,0.4967415513162541,0.0542715337264198,0.2702191575326086,8.112020453961307,8.945948849303438,0.8339283953421308,0.8339283953421308
61.78601086797701,91.90719581193387,1.9735940647077863,0.0287604718974296,0.3511148191452439,5.161536896106801,5.49540382018012,0.33386692407331875,0.33386692407331875
87.97374048216489,105.70768419744304,1.2206933240271742,0.0413168706615029,0.4466280958209364,12.749001628402349,13.592365677682071,0.8433640492797227,0.8433640492797227
55.62095578662222,138.1706541001855,1.3234211892874048,0.077921176245461,0.3563164352254737,0.3102185272876201,0.3819085909778901,0.07169006369026998,0.07169006369026998
101.4927508860672,149.119801031919,1.3727367823628662,0.0763477360054456,0.3183866705349073,5.650313961879345,6.745650790057523,1.0953368281781781,1.0953368281781781
86.79849069377079,79.53718762589948,0.3824870997456195,0.0319212327279889,0.5055685113919929,14.897185094732675,14.281770198137162,-0.6154148965955137,0.6154148965955137
138.85924946232922,94.5593854534419,0.2777904267598867,0.0717920642553596,0.5082982376099516,47.03463738854211,46.95501202415434,-0.07962536438776624,0.07962536438776624
53.92694142416523,147.13297002123198,0.667750582538779,0.0947246839993779,0.3557371822974151,0.0040386445141803,0.0367652451759334,0.032726600661753105,0.032726600661753105
147.4872533431243,68.94301972830775,0.4844682694082585,0.0835888144300736,0.3233016336786829,81.28140294094531,82.05784982803729,0.7764468870919785,0.7764468870919785
58.9249751636584,142.8177660285043,1.419209346197556,0.0238495471025663,0.2209634566148612,0.0038373462397728,0.027918426468051642,0.02408108022827884,0.02408108022827884
126.57842927157245,85.76964395405602,1.8475868816868648,0.0415702523840773,0.1524375633217232,47.23751616441815,49.255513962805686,2.0179977983875332,2.0179977983875332
99.37694913726617,80.02027353535485,0.7635644082418206,0.0994824488399312,0.4229518189917191,29.041550446616892,27.143150101442597,-1.898400345174295,1.898400345174295
120.39359073278308,109.3906260225598,0.7827380770581497,0.0489220112400972,0.2204228814478875,18.306332966704502,19.338110828154253,1.0317778614497506,1.0317778614497506
85.72709219960451,99.38250406537382,0.7239601844061496,0.0515162436331961,0.198007721753402,2.343609849139497,2.7106629274803593,0.3670530783408621,0.3670530783408621
115.58207673273928,83.1251246991996,0.4146533262978918,0.0387010558679318,0.1185400643104112,33.78026244843167,34.43715556240116,0.6568931139694882,0.6568931139694882
75.89042747931396,94.51996462706344,0.1893382732916529,0.0456230441728264,0.4928449230323062,1.549460714611115,2.4801578071922132,0.9306970925810982,0.9306970925810982
129.5581836542283,130.84479201591188,0.0969075471557263,0.0846989674486332,0.2533095571465781,3.970487357174825,4.918823803092722,0.9483364459178967,0.9483364459178967
102.64985273282412,132.58018421552632,0.6123015438499729,0.0507195723670974,0.1146361692857037,0.0202420205047401,0.2238241588143848,0.2035821383096447,0.2035821383096447
62.328377929894685,130.5699185335282,0.3942315044706441,0.0133640582279568,0.3116141266898118,0.00036458476888,0.00823564284982471,0.00787105808094471,0.00787105808094471
60.73186604740151,92.98551235309282,0.5175979903740986,0.0735864386935904,0.4016933924866028,0.879827359212463,1.277294310772452,0.3974669515599889,0.3974669515599889
137.2520516846182,93.11336782506558,1.7697795792499174,0.0831236939679368,0.1116275683798473,56.8773334653621,52.738297842699446,-4.139035622662654,4.139035622662654
134.20387836055212,101.48297815580216,1.957114797996812,0.0139282879973892,0.2116202731940838,38.08114352679976,40.65919960557434,2.57805607877458,2.57805607877458
77.68705169651567,101.2096957455134,0.2334390690019015,0.0610274741053649,0.1424643170585132,0.0002046813628238,0.06976736165205955,0.06956268028923575,0.06956268028923575
64.63730665889678,77.79047474520615,1.5462742418435202,0.0228131548445438,0.1918911645865832,2.6663094426630813,3.8144586877724462,1.148149245109365,1.148149245109365
126.80893784186664,54.335321411952805,1.360487385794865,0.0663864775231358,0.3795560025323145,77.37774298208484,76.76262656481352,-0.6151164172713237,0.6151164172713237
71.97503001668795,56.59960030018517,0.2244704527465004,0.0579907280734365,0.1656717822245157,16.108255503039466,16.81410764925948,0.705852146220014,0.705852146220014
140.80836870598546,90.44796953079546,1.2481250863579376,0.0518420676424583,0.4373622057087779,60.08205746723067,58.74279710910271,-1.3392603581279587,1.3392603581279587
98.1273951827605,88.79126303871286,0.8128200317983475,0.0466390912378385,0.4396780108733447,21.59459103776,20.385263896086816,-1.2093271416731852,1.2093271416731852
85.06492829540187,105.3647328866973,1.16003510237507,0.013424248596275,0.5729186553833356,14.670899638987764,14.253807438257024,-0.4170922007307407,0.4170922007307407
86.5244201615372,111.53054291287592,0.8546426483143638,0.0270162642591334,0.5396923949231803,9.998909254783058,8.577041185543386,-1.4218680692396717,1.4218680692396717
108.79742483703484,54.079284826061766,1.553202660196066,0.0466460200016592,0.4962029783532649,60.749242192271616,59.8891644624517,-0.8600777298199134,0.8600777298199134
94.97779415657033,97.09385785102282,0.9892415852396454,0.0582852301935796,0.1539625676936761,7.51020314665525,9.671292162772968,2.1610890161177174,2.1610890161177174
97.17563093908744,72.37640204076985,0.0647377907186164,0.0187716659044059,0.1107247109800907,24.887129899509876,26.679399163010967,1.7922692635010904,1.7922692635010904
98.6057541902681,148.88791192550133,0.2131650061727467,0.0170459872281221,0.3847260223497878,0.078555465637595,0.46581380362265873,0.3872583379850637,0.3872583379850637
87.80310622331952,59.90403318421524,1.4156190150504406,0.0472013777532835,0.1917933374533425,31.918120368665942,32.70702324420771,0.7889028755417691,0.7889028755417691
141.59920013620774,84.16740138910473,0.8644053796700952,0.0837951228135334,0.1287447510283896,63.31273544854048,62.40013775889847,-0.9125976896420127,0.9125976896420127
118.6236028115818,61.726736554258565,1.633989966343758,0.0439698585019425,0.2783805137902949,61.398703893382056,63.92691394558506,2.5282100522030078,2.5282100522030078
128.19942855110605,138.85046923914047,0.867191830423351,0.0777819918977442,0.246638431903513,11.013667172694966,11.380655383932451,0.3669882112374854,0.3669882112374854
84.96533804622376,149.38118130350443,1.5868894071916566,0.0754126935347696,0.5406732372948871,10.826946475453552,9.998885532956768,-0.8280609424967835,0.8280609424967835
109.7682335523459,127.36401553995344,0.1697613606245786,0.0418297485688131,0.5448660518626331,4.228665673809214,2.744523141295583,-1.4841425325136313,1.4841425325136313
86.86206524982887,63.19053932554447,0.4746873888173423,0.0992041966203223,0.2394687736642509,26.63418745629744,27.229572701682415,0.5953852453849748,0.5953852453849748
148.49291084414915,117.26881395923591,1.90088214909261,0.0918140790282493,0.2694779447146476,53.021950546805584,49.11362021548976,-3.908330331315824,3.908330331315824
137.6306029666794,90.86290137192832,0.5835787451668011,0.0408215785338587,0.2540585606004891,48.994056764882885,50.46609336210313,1.4720365972202458,1.4720365972202458
144.60756180688315,71.64369706323387,1.19047232430021,0.0281927944201466,0.5238367213765732,77.9288364396701,77.10955765476638,-0.8192787849037302,0.8192787849037302
112.75580800840636,98.36900262647856,1.9264967871548588,0.0629569896003569,0.3995397807246756,36.88527665777441,36.61473408206094,-0.2705425757134705,0.2705425757134705
80.49955183026859,59.21534172008363,1.72401373820195,0.0235035651831838,0.1573642608232797,23.90153280633461,25.964103493858826,2.0625706875242145,2.0625706875242145
114.35776951965248,125.4427029159928,1.2827907977472657,0.026073395511612,0.435468510829912,19.634892894027036,23.33159307632187,3.6967001822948333,3.6967001822948333
83.40499656687692,75.20468596720706,1.9167627849300328,0.0261112218292194,0.5630306720645014,29.861281661121808,28.642702500363146,-1.2185791607586616,1.2185791607586616
93.5606497480966,92.3998698357982,1.7787384637215726,0.0513840715042709,0.4974328077258312,28.004211389263745,27.2271260034885,-0.7770853857752442,0.7770853857752442
120.21135501716856,70.29253925531151,1.859592369135603,0.0535974009515607,0.589962661402243,64.78418906468009,60.54784738248883,-4.236341682191259,4.236341682191259
58.62491713039649,100.96801335283313,1.4199942395301242,0.0797453275045244,0.385737792583396,3.087354774123792,2.398412288495846,-0.6889424856279462,0.6889424856279462
85.91639386339531,128.8820306352253,0.1632798474810793,0.023322603323522,0.1532246855851503,4.1661128823016605e-11,0.0014631461985614514,0.0014631461569003226,0.0014631461569003226
54.15959562564695,140.19344250462052,1.8521354951898903,0.0345393831951766,0.1548537972678121,4.89766026313984e-05,0.002540017387043245,0.0024910407844118466,0.0024910407844118466
86.48224702077987,116.88005990334013,1.1284921146155418,0.0702682378259132,0.2380981288736459,2.545786623368876,1.838384322510542,-0.7074023008583341,0.7074023008583341
108.9443220604249,133.84394231973516,0.422007176899712,0.0765634285257963,0.1916979695518042,0.5496904701217851,0.21406837665075162,-0.33562209347103344,0.33562209347103344
100.58331796566024,73.59068444211843,1.503053150035779,0.0578974569991081,0.4262202949130556,38.52354024534491,37.224883348680684,-1.2986568966642267,1.2986568966642267
72.2065174541392,103.64452053515352,1.814316123226956,0.0812427245129312,0.3664854332185837,8.562277896512839,6.24503955797812,-2.317238338534719,2.317238338534719
148.0987378162685,114.98223366499676,1.82115412548924,0.0683247743738767,0.2236744475602171,48.42448370799353,46.33726668025146,-2.0872170277420707,2.0872170277420707
50.1243438866102,114.65050072061814,1.74300122755445,0.0923714757663372,0.2041472692819786,0.0408248444824776,0.15500685978024784,0.11418201529777024,0.11418201529777024
105.88408709546664,80.8897602295404,0.4254889291330529,0.0635915646113568,0.4490152281476818,29.31766892588768,28.569270003007283,-0.7483989228803978,0.7483989228803978
107.1991945306708,105.65953629235077,0.5923672541569376,0.0709240819390621,0.1108781849123121,7.24094708935128,8.855259517779498,1.6143124284282173,1.6143124284282173
128.40617798284788,53.918939303713564,0.4246058365049988,0.0389834074963053,0.3135341546018437,75.3724170161569,75.71707201720598,0.34465500104907676,0.34465500104907676
84.1817351697876,115.2828398222002,0.816982406632161,0.0628197369707267,0.3911959959695379,4.458874426408105,4.285855720080221,-0.17301870632788408,0.17301870632788408
52.36385860463364,97.03963528439724,1.3413814033849747,0.0622874844330783,0.2711448931756188,0.3905508093734502,0.818456223931442,0.4279054145579918,0.4279054145579918
137.6296640491485,98.25339895444569,0.2778681387111001,0.0408616855936756,0.5523024248368843,42.373887078770025,42.28734244912346,-0.08654462964656773,0.08654462964656773
96.66343699501871,122.98489027491884,0.8525099593466275,0.0579772069430266,0.4370845772018771,8.747005274295482,9.812244550772665,1.0652392764771825,1.0652392764771825
138.01313534336418,121.3285572902442,1.13242508356571,0.0985369661694608,0.2455005441079908,32.57201744620133,30.619675070644824,-1.9523423755565048,1.9523423755565048
53.06525022058061,103.267772659125,0.5906915685619439,0.0164185649408116,0.287408916896636,0.0068688951326166,0.04881934021012558,0.04195044507750898,0.04195044507750898
62.10812982414628,79.81311240826443,0.8178595543095017,0.079860013448678,0.3512964728169208,3.723134010665316,4.075244367069504,0.3521103564041881,0.3521103564041881
95.84676101457238,87.59457268344968,0.5279169745503696,0.0746754973085292,0.3465177342600315,15.996298963856075,15.851590615734946,-0.14470834812112976,0.14470834812112976
108.54859383150357,65.42886148580969,1.6960967306721104,0.0827485446015156,0.2051869186039518,51.74078059637725,50.13543905445333,-1.60534154192392,1.60534154192392
114.82975272988016,106.16729588389444,1.164271367981039,0.0348010685808004,0.11473505591616,14.07847731258994,17.36580629449623,3.287328981906292,3.287328981906292
77.72908562684233,83.31093639962687,1.7067023518191398,0.0114170137662758,0.5587537553555115,20.772593058165175,18.90863429323499,-1.8639587649301852,1.8639587649301852
103.96617889031523,131.61910627593068,1.9744628112158065,0.0879923424444531,0.102168148265144,3.373576123242664,4.051009010889889,0.6774328876472246,0.6774328876472246
75.21951614279182,73.31579985366045,1.3740616837343822,0.089013331716819,0.1989593232108234,12.932292936007444,13.101538063841053,0.16924512783360868,0.16924512783360868
122.95082286523969,120.24971168239118,1.7836803179595184,0.0651000252196962,0.5433587524145002,41.08476911430484,38.19739073300502,-2.8873783812998184,2.8873783812998184
135.25106362892052,119.06112081288998,0.6939235810366281,0.0301705555829193,0.2375843811407429,21.90749238282146,22.617659579134493,0.7101671963130336,0.7101671963130336
102.023048910309,121.32391520202,0.8600659870786512,0.0565159912373033,0.5957339305600894,17.489701827689196,16.15037225364316,-1.3393295740460367,1.3393295740460367
114.81179230208346,127.99771628241557,0.850899705632153,0.027023293296317,0.5801014091295548,20.48237370959561,21.153610333580986,0.6712366239853758,0.6712366239853758
69.98209203413641,81.57518681390232,0.4665149103084898,0.0966769941614814,0.4766325485006846,6.086210898098795,6.87095306569059,0.7847421675917952,0.7847421675917952
119.01313479368922,64.47390982607301,0.8520046989364466,0.0570179880137346,0.1579124053106193,57.59648711550467,57.220237972797285,-0.37624914270738685,0.37624914270738685
112.00013334774084,108.76272972414706,1.9520493207103584,0.0511904762695129,0.5099165274209392,36.53222559546359,36.69717813886456,0.16495254340096466,0.16495254340096466
142.36026679779178,115.81561566243997,1.419108831146592,0.0180834324470007,0.2204811508532553,32.9077902554656,34.20344259370362,1.2956523382380212,1.2956523382380212
65.31445000839562,132.6500666980728,1.3735872959632491,0.060157555308688,0.5998338945407697,6.181892282313822,5.331265522959785,-0.8506267593540366,0.8506267593540366
94.67215559898736,132.90218916654192,1.342832834420949,0.0404219509544861,0.1021654627452701,0.0344203428909967,0.3337569227759741,0.29933657988497736,0.29933657988497736
139.60912999234932,145.32160305061865,0.2138979529144143,0.0392625645703182,0.438480765646285,9.34772491276616,11.213315493809148,1.8655905810429871,1.8655905810429871
56.26896216218658,70.4543957544935,0.7837424443201668,0.0297955418765546,0.5130539150206029,6.02218798729853,6.093859048185945,0.07167106088741537,0.07167106088741537
142.53280538641638,64.13222394382029,0.8661660037427275,0.0444865391763883,0.1110685637656231,80.8247658172501,81.70286410641079,0.8780982891606897,0.8780982891606897
76.92845198087093,64.72059854735927,0.8493471858706684,0.0352761468375946,0.4971541063292113,20.912969396888805,20.150725153505554,-0.7622442433832504,0.7622442433832504
61.70414826884435,103.98434359818508,1.2917900311522528,0.0194352203004517,0.2247951126115672,0.1976558881381562,0.4078133868914195,0.21015749875326328,0.21015749875326328
87.33531610318317,99.87393308123382,1.616544644444014,0.0931438310366038,0.3955019980504138,17.916353620246,18.33021281267187,0.4138591924258712,0.4138591924258712
87.8347581682647,70.34530505292277,0.130634240769313,0.0720540832916344,0.1201835605958831,18.148488016339076,18.73508375461073,0.5865957382716545,0.5865957382716545
61.22013667656429,135.75965307137872,0.7031817919092281,0.0293952576441629,0.1992022880116739,5.106071384801609e-06,0.000850804305932763,0.0008456982345479613,0.0008456982345479613
141.44119459249598,112.90575985596335,1.2593005203444505,0.0786721730571276,0.4832471603838568,50.00202449574769,50.63885375019251,0.6368292544448195,0.6368292544448195
115.4522269010942,92.16565268215882,0.5985236310910715,0.0234597808858208,0.4853965297053205,30.616730208571248,30.697822043756762,0.08109183518551433,0.08109183518551433
81.6537731334959,83.84156910951093,0.9717403590995618,0.0851412217283272,0.2229669302282958,9.410417052137596,9.446040127264617,0.03562307512702034,0.03562307512702034
123.02491895295712,59.13617373088768,1.8571747805590837,0.0635603937632761,0.3766771236637786,71.29038162002485,69.35086055674527,-1.939521063279571,1.939521063279571
130.88585390335652,55.50277139723674,0.4357694848295186,0.0401470303756237,0.5237782415795438,76.39802919751766,77.63228297561979,1.2342537781021292,1.2342537781021292
89.00382776543051,101.89793531448063,1.8714239751153368,0.0567023811349984,0.2339610369404427,10.213319190033587,8.453084833989159,-1.7602343560444282,1.7602343560444282
88.49587226375571,122.53754133245748,0.8883845545298984,0.0395130882984201,0.3666468525735539,3.92237271198556,3.865911176249477,-0.056461535736083146,0.056461535736083146
78.89685249210585,60.278557855729645,0.7667040322562667,0.0156588181280517,0.5518144209235389,25.00169985775881,24.556207980853642,-0.4454918769051659,0.4454918769051659
74.23106063874476,140.5772577720374,0.9154031908192484,0.0260290761298938,0.3413665326821088,0.3777179560827282,0.5340702999777339,0.15635234389500574,0.15635234389500574
113.40505083067194,65.42147484885807,1.3515011031157245,0.0376906939050641,0.2850481599810495,51.61226283183468,52.4266990671706,0.8144362353359256,0.8144362353359256
115.85405156700548,137.01130411088653,0.8243110852756548,0.0856056787246389,0.2708746539481652,6.918209404820921,7.445965320713899,0.5277559158929783,0.5277559158929783
97.69833926176535,111.57338334821452,1.3257356092274104,0.099017742866347,0.5716728385738651,25.144044837774445,21.399232978925323,-3.744811858849122,3.744811858849122
119.49818861265426,99.84902270344142,0.4354353217444047,0.099134656496097,0.5653941055862368,30.56268222462265,28.42703274572658,-2.1356494788960703,2.1356494788960703
108.20701311242236,74.2376459649256,0.9418892343845794,0.0938062278913982,0.2368713002482742,40.4036135473842,39.28916525323428,-1.1144482941499163,1.1144482941499163
82.03619704923062,67.49112239166372,1.6586970591795418,0.0183996202192529,0.2620250658972621,20.26846646037053,19.430277052848776,-0.8381894075217531,0.8381894075217531
100.25660764634424,124.0594199476187,0.1750953223622078,0.0984518064700386,0.5047675972395358,2.224115574349213,1.4692248918926814,-0.7548906824565316,0.7548906824565316
67.04975217878942,147.1363858134525,1.7970606628875485,0.0257697444787899,0.3710761757294086,1.4257522658326716,2.140612901682466,0.7148606358497944,0.7148606358497944
64.77283058505742,91.05669452939202,0.6726990221120487,0.0358799512235661,0.4682378159327497,3.320286142684946,3.828931385677832,0.5086452429928863,0.5086452429928863
104.2041984553949,148.81915595037108,0.1891354482390962,0.0779598969766107,0.5858419451674136,1.306226349111448,1.5393909326772766,0.23316458356582848,0.23316458356582848
72.8235363493699,58.5535359299462,0.090312245487313,0.0904106074417551,0.3719397494571612,14.803904333043684,15.557900010497473,0.7539956774537888,0.7539956774537888
127.2497846096314,70.43983436620798,0.8496602096067006,0.0776264699306988,0.2475383675510326,61.31800997083764,61.620917709816204,0.30290773897856127,0.30290773897856127
99.45154569583184,76.06113708081,0.2369296394897225,0.0812819253558275,0.5222151643898666,26.247426046957848,26.648428231736816,0.4010021847789673,0.4010021847789673
139.72965885332945,142.23764547449397,1.709195737012159,0.0784843300538657,0.3553723659618552,32.674243264710775,29.054109393316473,-3.6201338713943017,3.6201338713943017
99.01114766364554,87.39160272185669,0.0663063999401612,0.0126878823297292,0.1864619787256072,11.699215216111895,13.004937978634864,1.3057227625229686,1.3057227625229686
129.8704573842639,52.890998664195656,1.35359570290462,0.0228277692682395,0.4502601928148271,79.22373566413629,80.2114384128424,0.9877027487061127,0.9877027487061127
88.43550385241349,121.7035921586684,0.6954666468356692,0.093252673754496,0.362818761462566,3.373103835397707,2.606755287415982,-0.7663485479817251,0.7663485479817251
140.09077302669908,122.56451882806672,0.5735247110759957,0.040390052304951,0.3981180532803738,27.7737554809724,27.551278498916272,-0.2224769820561292,0.2224769820561292
101.62478232000603,71.40178672380063,1.9203420600003571,0.0947640691603656,0.1362704579873782,42.11290207822402,38.331013374155084,-3.7818887040689333,3.7818887040689333
72.23182092142262,74.02579884224546,1.8950488116676223,0.0518427474101832,0.1483323623714131,8.59535618820862,8.899061564145956,0.30370537593733715,0.30370537593733715
122.28143032084836,64.37412560197193,1.827327135887083,0.0958005197273555,0.2236580999342142,68.27100323666693,64.99082822466882,-3.280175011998111,3.280175011998111
70.59800358769617,106.30047639806972,1.3079727566513306,0.0255765775644512,0.4962467501231333,7.199168509457103,6.841896889095601,-0.3572716203615025,0.3572716203615025
62.24814168502972,65.89074819807344,1.653620916772885,0.0941660068259887,0.1449481286073978,7.936758936477531,6.6195624501814105,-1.3171964862961207,1.3171964862961207
62.03829647746197,67.89138637130138,1.738850197512037,0.0819216196868908,0.584690107407419,19.76557219371856,18.10101390926962,-1.6645582844489368,1.6645582844489368
114.36337881196206,146.6606336659486,0.5434103561659405,0.0931337960401536,0.50823136344017,8.862410553131753,10.215744050007032,1.3533334968752797,1.3533334968752797
149.13279015642206,105.47463038319256,1.1812790163894256,0.0734870748576641,0.1799530356900656,52.53774705247743,51.70667841092818,-0.8310686415492512,0.8310686415492512
82.10198105508996,57.78142061525634,1.1800098966272552,0.0158385177606253,0.1432964835204269,25.42134096580217,26.92267956423624,1.5013385984340708,1.5013385984340708
77.36266662816658,67.25317006871086,1.1030754987022344,0.0661908893337504,0.28922320639009,17.836670007207985,17.136116470913365,-0.7005535362946205,0.7005535362946205
72.42098122088431,130.91807067013838,1.7332313064261375,0.0648463391066166,0.4713986072977897,7.001933482483235,6.608752877813282,-0.3931806046699533,0.3931806046699533
140.30975070493096,60.382708601111936,1.5373380620092427,0.0594548995269565,0.4328410976922873,85.96025573986174,85.88386643523846,-0.07638930462327664,0.07638930462327664
109.90110442135676,79.7419124229099,1.3084226337938094,0.0471610548332259,0.3051969739489956,37.10255993743496,37.7400338625276,0.6374739250926424,0.6374739250926424
77.32035060502325,75.57276184671932,0.0574229565819863,0.0720913832743625,0.349638493451334,3.710320643071128,7.018429951855935,3.3081093087848066,3.3081093087848066
91.82640809025756,129.11886687763996,0.6348171178072974,0.0888928878299142,0.3724927988313029,2.8127646757951865,2.3426344952951386,-0.47013018050004796,0.47013018050004796
97.3919760911192,55.01787769163633,1.823069855838244,0.0682425582874368,0.2371254383220678,48.92549027731328,49.20328893003952,0.27779865272623994,0.27779865272623994
134.43335491993378,119.94903745971764,0.8453528309825853,0.0154357794112229,0.319147846103948,24.114119553317,25.561689530747753,1.4475699774307529,1.4475699774307529
141.46957435212147,78.15747218822841,0.622923481845018,0.0522636448330643,0.5311446863655521,67.08649659843336,66.04008630883126,-1.0464102896020933,1.0464102896020933
144.27317741351257,117.12280778566702,1.1160438029199824,0.0883043182295582,0.4220586236854758,46.06729263936322,44.28709246686108,-1.7802001725021341,1.7802001725021341
77.08063280369726,127.0011389902282,0.3470194732986676,0.0806987113547499,0.5718472603586173,1.195243488912304,1.462368437456824,0.26712494854451996,0.26712494854451996
112.7630354901788,147.9229815868414,1.410085228848702,0.0636988630439969,0.3490821280046623,11.020890482009762,12.114562177213203,1.093671695203442,1.093671695203442
75.15130396764008,125.67913427452952,0.2945814410405294,0.0274846821270603,0.5207839297251728,0.396850291839439,0.5664743337895332,0.16962404195009417,0.16962404195009417
95.0623425108169,86.52872602799448,1.113551662724393,0.0783988971898606,0.4051757689385459,23.92529067740441,24.804964297296518,0.8796736198921096,0.8796736198921096
77.26240007335338,141.87645436942262,0.5582032045391679,0.0957950684066486,0.3172869178745623,0.0786172675311737,0.23038336135734577,0.15176609382617207,0.15176609382617207
66.97584982071359,72.62623192677317,0.8854390701771615,0.0257507516616383,0.2073700747634445,3.590736468746865,4.167422399317021,0.5766859305701564,0.5766859305701564
61.19196193977279,82.52382321067103,0.391859628744226,0.014567867327264,0.3491191344276694,0.6412137483708413,1.0637123978867669,0.42249864951592553,0.42249864951592553
95.0383213039008,96.7130142763483,1.0894244187561113,0.0257817484266963,0.1321359964349171,5.714714839533997,8.156197911202156,2.4414830716681593,2.4414830716681593
121.20719922479304,118.85842889075168,0.5039279640351753,0.0190794733646224,0.3559834622453071,13.83439576814601,13.683600059001277,-0.15079570914473273,0.15079570914473273
105.3371189749772,113.77456662457178,1.7367185345694047,0.0494644952348707,0.4759811265851537,26.28658155028318,26.137541572530324,-0.1490399777528566,0.1490399777528566
52.30854805517702,68.89655747315986,0.7297136551490625,0.0289668556767744,0.2420607068270234,0.6455723906736264,0.9724866794497635,0.32691428877613715,0.32691428877613715
81.62701497293068,100.5027088502294,1.9072744935745176,0.0547307587904604,0.2108277302876998,6.1267577305720025,5.142027017845921,-0.9847307127260816,0.9847307127260816
58.46698142752894,98.2610170593636,1.3603310639425057,0.0467890952152709,0.5091238408676161,5.411227687851861,5.66011504979819,0.24888736194632877,0.24888736194632877
54.01477700287404,103.67540361756495,1.7606917232755213,0.0142712129430201,0.3730587383182718,1.7509698279564845,1.5080522684032487,-0.2429175595532358,0.2429175595532358
57.7649334671605,144.0416792632526,1.3031831391897426,0.0774609457161075,0.1390477716200403,3.821769900816033e-07,0.0001870865173389612,0.0001867043403488796,0.0001867043403488796
57.53214321674048,69.74295747657747,0.9639440214194758,0.0271591706260082,0.327276675815554,3.840421330820533,3.961421103160705,0.12099977234017212,0.12099977234017212
51.83557243791418,96.74122870683512,0.6888646262435786,0.0418268621751367,0.5849154361456875,1.7665449047718047,2.0968851000862454,0.3303401953144407,0.3303401953144407
54.550423779029614,101.07182779128648,0.7371588156487393,0.0111157911160419,0.5028312476376987,1.1275849404551597,1.7221166736928142,0.5945317332376545,0.5945317332376545
92.38997519969982,105.23790082644668,0.4139037742045982,0.07729614954932,0.4238693716059283,6.441200501493647,7.137388290828123,0.6961877893344761,0.6961877893344761
110.77521222527226,134.9911435092138,0.6140726156598355,0.0728046655637903,0.453763663763111,9.290091503992096,8.961484379941087,-0.32860712405100934,0.32860712405100934
114.97907275126246,79.47044150386257,0.4334451889511836,0.0169493637784957,0.1380193036079475,36.09036308322585,38.216758298059816,2.1263952148339627,2.1263952148339627
112.80834765714354,131.45615561026165,1.40610832888546,0.0896360559488402,0.5051588319643104,25.40903619155278,24.987167901504943,-0.4218682900478363,0.4218682900478363
81.01472210908021,137.1674775583567,1.5159030018390909,0.0805041102056366,0.1197783081927536,0.0134243711864444,0.13067109748427844,0.11724672629783403,0.11724672629783403
117.65133857772466,113.56280558356951,0.7675462879404152,0.0429307577180725,0.4975871192805347,23.751378262507806,24.8241462564724,1.072767993964593,1.072767993964593
62.60020278639943,139.66009580549783,1.1720406945189847,0.0104383310530409,0.5983042741744707,3.128163585690414,3.4235185433617206,0.2953549576713064,0.2953549576713064
114.47199773818176,131.90688248064072,1.365476729762,0.0497858366373347,0.5337053136161924,24.91294604880791,25.18449108757937,0.2715450387714604,0.2715450387714604
101.52553641125768,123.9659685195577,1.5651606479671083,0.0773472117160832,0.5336106469024287,23.662359294531115,22.034449174887317,-1.627910119643797,1.627910119643797
75.74792164924693,125.93950917969666,0.4799236026152381,0.0559207891072871,0.5653496601922182,1.9666273538110293,2.5506091283305423,0.583981774519513,0.583981774519513
77.79581571309849,120.2043252142437,0.5067279089476819,0.0446742045374345,0.3052780680329995,0.2298025959387288,0.3047886244976599,0.07498602855893113,0.07498602855893113
103.56889704560298,107.26228231899152,0.490783572696202,0.0796981226384117,0.4223446581197306,12.367572566906183,13.87379729492952,1.5062247280233372,1.5062247280233372
146.7859924081416,143.8732908043375,1.3983743882099815,0.0741147077349189,0.4359929591447966,37.44849196564505,37.05311544607765,-0.3953765195673995,0.3953765195673995
92.46834916969604,71.8559291286829,1.060810110916221,0.0622666896391188,0.3636154920963098,28.420558266971675,27.849830073456875,-0.5707281935147996,0.5707281935147996
134.4405612292066,117.59107318023446,1.2423434359803205,0.0553699039474954,0.4271618736292065,37.31371834191207,37.324022349538126,0.010304007626054101,0.010304007626054101
82.41544029621731,117.12984805201772,0.468401556748025,0.0350021204591227,0.5984068748328222,4.587598483120484,4.1021965638886115,-0.48540191923187237,0.48540191923187237
145.31110852819305,76.91563776114276,0.8705268849566897,0.0336210716954652,0.3593111633414304,70.9193824633359,72.13749398821153,1.2181115248756385,1.2181115248756385
130.4546692142533,99.28700328477892,0.1393203375287917,0.060179183479769,0.4454469934251395,32.34672041798608,33.68834700005546,1.341626582069381,1.341626582069381
132.75063198732212,88.64797499874585,0.7790922501847386,0.0904014149466128,0.2077363128783346,50.16068442900293,48.554806847666704,-1.6058775813362232,1.6058775813362232
69.6688558231213,62.06088233519162,0.2828636815263952,0.0976154200841896,0.184425898152352,9.501872175035947,12.264083252145861,2.7622110771099138,2.7622110771099138
101.97739485560176,133.80922267069514,1.6134524577809457,0.0245558243466931,0.3142290122025712,7.862576429807305,8.204215011146806,0.34163858133950065,0.34163858133950065
61.22727583289096,109.73726647975188,1.798226577871276,0.0924909132556036,0.3818939875126582,4.437834440817468,3.8203925392943576,-0.6174419015231107,0.6174419015231107
81.49403056812496,138.86915661600665,0.4001387187477965,0.0696377162072576,0.1700696565601549,2.9531137291506197e-06,0.0002631947125581283,0.00026024159882897765,0.00026024159882897765
80.17792231362765,55.77279588023322,0.1388978958285628,0.0230497260428301,0.1107368597017683,24.58340076901684,26.02001260055645,1.436611831539608,1.436611831539608
94.8851365652003,140.5414813336102,1.8526325616877413,0.0825955322990034,0.1698791774455652,1.910840443550816,1.7413565183485131,-0.16948392520230282,0.16948392520230282
113.74046122611836,52.88762692657364,1.9656190941542848,0.0291278593324643,0.2213581039598045,63.82452322922291,66.51702976826485,2.6925065390419363,2.6925065390419363
112.129244904961,65.93107355250149,1.3527599532642676,0.0435106938988608,0.5870820639162457,55.86955406567486,53.17071858139333,-2.698835484281531,2.698835484281531
72.09981575236351,94.52940639376958,0.5003336495314656,0.0833784599156681,0.3874315602618615,2.4839671576524798,2.1883007921626554,-0.2956663654898244,0.2956663654898244
98.91799615470362,137.41355069947954,0.2048155726015075,0.020489246155756,0.5788739944516799,1.5694807843584204,1.6823284618621033,0.11284767750368285,0.11284767750368285
110.14711008812074,104.90421808222618,1.9824632892240928,0.0717415703145525,0.3803042954880646,32.105373183819786,29.015865925815262,-3.0895072580045237,3.0895072580045237
121.40027085235114,133.05755220633415,0.1216107423816581,0.030740939859886,0.43018658917101,3.277356779767622,3.6907381854062646,0.41338140563864245,0.41338140563864245
140.95689433445875,95.33389987162968,1.540045776797411,0.0953253732078952,0.3357443772593623,60.69180905459886,58.26112820037973,-2.4306808542191334,2.4306808542191334
82.67388905686336,94.18924919666505,1.029399501206283,0.0534139242418553,0.3409160089902106,8.834455508899175,9.105463302141516,0.27100779324234026,0.27100779324234026
77.5729636980756,98.37541516759026,0.2186454536797992,0.0262147325298369,0.3746879407672804,0.6593805798635906,1.0038323324451477,0.34445175258155714,0.34445175258155714
110.07921493396192,84.69893186486107,0.3189590861794377,0.0537483819203226,0.2039115021790873,26.847737252751717,26.0436665158489,-0.8040707369028155,0.8040707369028155
70.6017404291376,126.60080638040772,0.4841598256999822,0.0631489378926081,0.5605724876184326,1.2603618942628456,1.0815944243186442,-0.17876746994420145,0.17876746994420145
97.60181293687666,127.47149780111911,0.0568057064112132,0.0981169129090633,0.2102992470425946,9.171691342679805e-08,0.2376129609003588,0.23761286918344537,0.23761286918344537
107.70204016905583,95.48417208732158,1.7946397206605549,0.0273255954983297,0.302967946014027,25.713012529803837,23.94435749078183,-1.7686550390220077,1.7686550390220077
105.1337542699076,61.6935938250662,1.3307983124027771,0.0985279225367095,0.5785861740240357,55.10892460844755,52.261168893155116,-2.847755715292436,2.847755715292436
63.892747991286285,50.49984536876768,1.320286104832608,0.0280778092350163,0.3756735890860904,19.04202477776871,17.85879504174437,-1.183229736024341,1.183229736024341
146.22915416725868,102.21044530119016,0.6141393832528377,0.0741171466370909,0.4627567617651963,51.433404326754,49.400800894865675,-2.032603431888326,2.032603431888326
97.59816903492202,57.5652601980685,0.2054015621135117,0.0238190991514161,0.4725136301362572,40.34699026025175,41.61377357438196,1.2667833141302083,1.2667833141302083
69.06759467547914,120.39350754040954,1.77144209732212,0.0489301452148666,0.4916574644111899,7.697963892978105,7.586693537097896,-0.11127035588020906,0.11127035588020906
69.58250488551577,136.2740043657841,0.3511441102723163,0.0808916862950969,0.2007530635589882,6.198771921656348e-08,0.0037114438576301523,0.0037113818699109355,0.0037113818699109355
132.37242861369873,121.22943875664892,0.2368340779090087,0.0116893452816644,0.4476092979020437,17.65617411425653,17.140078484309665,-0.5160956299468644,0.5160956299468644
131.3415414320869,68.11945752701148,1.993338435815786,0.0475063016940952,0.518663567193654,74.39526149106149,70.17632262730118,-4.2189388637603145,4.2189388637603145
93.19875924251572,60.66821941183095,0.3086663054767264,0.0102216632041229,0.1728816963742152,32.72165639211546,34.37880740653835,1.6571510144228867,1.6571510144228867
94.33956658334408,146.43460803827952,0.5234475778026134,0.0319341517356579,0.4549339788730738,1.7861980460108118,3.2414855678984296,1.4552875218876178,1.4552875218876178
95.09036530931482,116.03683896373872,0.1745177597154897,0.0581339215695076,0.3937230395973381,1.0679833703299373,2.8663360790375245,1.7983527087075872,1.7983527087075872
127.7727910067793,59.477512139137104,0.4509591293700517,0.0509783708376702,0.3656198730505464,69.65079996823121,69.08542966637964,-0.5653703018515728,0.5653703018515728
144.09566212589348,93.60083330858332,0.8490795678031765,0.0393357687897842,0.4272520804165187,56.15964053924206,56.48982707820304,0.33018653896098016,0.33018653896098016
135.61495725959415,123.33399754526828,1.7969621619564171,0.0281634574369527,0.166078142939047,22.687643058932863,25.48857422457271,2.8009311656398452,2.8009311656398452
72.02469404313717,143.57145460285335,0.1951339034549667,0.0292352715972337,0.2533233937405443,8.602849717536388e-10,0.0017341092183679823,0.0017341083580830106,0.0017341083580830106
122.48705057140668,96.48627983231567,0.1043880094518922,0.0361551089871894,0.4329338244261296,26.61990260795628,28.046610661323868,1.4267080533675873,1.4267080533675873
88.18576252218325,142.88075753949818,1.8306136616597264,0.0383587593498178,0.3867554487061161,6.824253084651605,6.599270264222108,-0.22498282042949747,0.22498282042949747
79.23725843302546,114.14927795747116,0.3400302144238392,0.0719250175198127,0.5019740748860837,1.6497089701748866,1.9516295826289187,0.3019206124540321,0.3019206124540321
146.953254153502,54.48413749975733,1.3324630204554817,0.0430612522527953,0.4535381388689179,95.87868351457196,96.78090778114043,0.9022242665684672,0.9022242665684672
104.42573370152508,127.83622637945344,1.4590694929677923,0.0817710841227651,0.5302309718322987,23.072467651065992,22.24508723963196,-0.8273804114340315,0.8273804114340315
131.73053122132367,69.42431214337577,1.4023252979128435,0.0698929819499833,0.441569736880366,70.44610880361856,69.68033391715804,-0.7657748864605196,0.7657748864605196
149.59066403863423,112.88842480337196,0.611655953906893,0.0806149366874032,0.3084698517079455,43.32203063651215,41.357139998034185,-1.9648906384779679,1.9648906384779679
137.29458358764083,128.8958335010346,0.2501963629995998,0.0303313565346176,0.5376607175580481,19.355689775902263,20.147358614473063,0.7916688385708,0.7916688385708
148.4083469199295,97.041347604481,1.8056222872436187,0.0211671104319969,0.5313015096431922,67.64572839151418,67.16180346183457,-0.48392492967961687,0.48392492967961687
67.99996166106868,98.05591247944317,0.95661960206544,0.0300408454938814,0.2792892890873241,1.1408842350142958,1.6605288155895808,0.519644580575285,0.519644580575285
87.12276477574306,118.65194587244618,1.0175309139803048,0.0568363692180341,0.4936974838116376,9.51596434190076,9.701825022615973,0.1858606807152121,0.1858606807152121
130.95792609149848,107.553151620364,1.9753226392358307,0.0376869686450163,0.503214508713943,49.66069760694358,48.871222852859546,-0.7894747540840328,0.7894747540840328
108.13848953365112,95.89396609351806,1.0922811952514222,0.0101864286266866,0.3191977324061094,21.113572502794742,21.832101765523404,0.7185292627286621,0.7185292627286621
62.6283472584569,87.66972592935105,1.3728246227519625,0.0288345605382149,0.3084538875634491,3.0106711014825613,3.55039294844733,0.5397218469647687,0.5397218469647687
92.55056592718428,83.26852973756405,0.9052457267169832,0.0886975728816334,0.436800197662001,23.144079391257392,19.128765336359034,-4.015314054898358,4.015314054898358
134.6550775819863,122.14044133839546,0.4076796496994563,0.0331571115300339,0.3120122398501586,18.72654591681122,18.22945556296019,-0.4970903538510285,0.4970903538510285
146.4882994163853,98.79696858115886,0.6935117609970205,0.0573436746184539,0.4713868058661428,54.651335668381634,51.983907015022254,-2.66742865335938,2.66742865335938
76.95616932524595,51.323107078370455,1.755364923817717,0.0160245869638248,0.3998492900963096,30.801962007510063,31.811375661172388,1.0094136536623246,1.0094136536623246
137.92795561570068,93.97641950284424,0.6462091028049156,0.087304224212693,0.1470061809065546,49.106906214831625,47.50197867749304,-1.6049275373385825,1.6049275373385825
71.99911268969306,67.18104089285598,0.6301067448030451,0.054257815552606,0.1600266911941008,8.092593036280256,9.169059174553812,1.076466138273556,1.076466138273556
140.80185454216624,100.55944016908455,1.3755908512584514,0.0290478761822437,0.521985175846114,55.63890321752173,55.32470525543693,-0.31419796208479767,0.31419796208479767
88.87263478765468,58.68364204400115,0.855819122279391,0.024636798628993,0.4525095447270688,33.68128271723269,34.03808802577499,0.35680530854229886,0.35680530854229886
130.55031112598633,100.85574889063528,0.0772384816708441,0.0198041025780382,0.4757690588579163,29.99042299115092,30.879108049251645,0.8886850581007266,0.8886850581007266
95.40553226095491,66.80731473043804,1.7073843077824564,0.0931794356448702,0.1277698466383101,38.42787668997047,35.98200089667819,-2.4458757932922808,2.4458757932922808
102.66422635251976,72.6989932347761,1.4746811131611302,0.0859784652789835,0.5872147637208278,47.12717766943721,42.912588725475835,-4.214588943961374,4.214588943961374
148.00519429764847,55.4269773716554,0.5594742984441637,0.0363999675937156,0.1153481444087391,93.6955628974994,94.29041468694982,0.5948517894504164,0.5948517894504164
133.77290986226564,56.02572908717336,1.9178970169426064,0.0350815190402601,0.443883485028981,82.76807240770844,82.68660863588346,-0.08146377182498554,0.08146377182498554
95.92651971732138,79.0950425552129,0.2023153515926071,0.0334204332461251,0.3599405867483096,18.098755668116155,18.492145325355377,0.39338965723922215,0.39338965723922215
117.7124263482564,75.75690325236971,1.9188154408951743,0.0766156438169637,0.4243606838262603,56.49519335451188,53.507097943310356,-2.9880954112015274,2.9880954112015274
112.8631215568893,95.55584890946926,1.5441627396691386,0.0888897120527506,0.1986417083309523,30.817464230901948,30.360427391258174,-0.4570368396437736,0.4570368396437736
71.57406791764541,124.18821683231694,1.718682088150981,0.0119624505626074,0.5121293906873681,7.413839146584342,7.886426232643046,0.47258708605870403,0.47258708605870403
135.292435817845,79.37758070011121,1.8433891160913176,0.0647841811004428,0.4366916502763484,68.7036017181976,66.38960954676598,-2.3139921714316216,2.3139921714316216
54.51109955203939,142.07645196329372,1.418583309422041,0.0963336446371122,0.288702662706383,0.0786299462042711,0.22626006024633374,0.14763011404206264,0.14763011404206264
142.69406627820393,82.31473797703435,0.6768261618736587,0.0786162480777203,0.516538903893006,66.19365676495603,65.9124941786476,-0.28116258630842594,0.28116258630842594
79.17946467237252,63.02825786475995,0.3009852951294388,0.0135742813714642,0.5916945999475914,19.570012991331534,20.96181148870273,1.3917984973711945,1.3917984973711945
131.26930433757823,110.20315961413084,0.0772132864702862,0.0138094565075825,0.5985560372665318,22.669668361307306,25.35257213781097,2.6829037765036645,2.6829037765036645
57.5863328108664,84.52071008353323,1.5016641545454317,0.0891684385317117,0.1845899388764368,0.9998339553744132,1.0230085596572889,0.023174604282875655,0.023174604282875655
72.26036365412378,73.58429989432753,1.5519428994527802,0.0541691708200034,0.3080956502720384,13.105499278012388,12.932772601143858,-0.17272667686853005,0.17272667686853005
117.8542029790759,77.1616799078002,0.3643349754919418,0.0273583413008521,0.5768895472044393,43.12953359599149,43.680254467903005,0.5507208719115155,0.5507208719115155
85.44249487930549,89.90512186711541,1.387838185011529,0.061984059933585,0.5663796500175798,23.446829253558505,23.160199599985333,-0.28662965357317205,0.28662965357317205
106.83051045948368,89.00376479272902,0.8720050074684208,0.0381502734571165,0.1756651588616744,21.42991707231377,25.337177382850427,3.907260310536657,3.907260310536657
96.17161438131193,84.78096495859168,0.4592766114238843,0.0962390693202779,0.5051746857327627,21.017737640921773,17.92908427344172,-3.0886533674800525,3.0886533674800525
109.16971623063256,115.07971417200795,1.7754375076243527,0.0550893470081433,0.4600235120917334,28.178177104869825,25.81928820153052,-2.358888903339306,2.358888903339306
97.59063274732009,126.83680685907632,1.2439837561536553,0.0755209445081569,0.1144754684919455,0.5940494220674672,1.4179127549060018,0.8238633328385345,0.8238633328385345
69.76903031144876,106.29169201201006,0.9587147201112448,0.0227540861505896,0.2641991725564436,0.5813693933155921,0.4633734467197558,-0.11799594659583634,0.11799594659583634
52.310685278748025,87.15493888554309,0.5886145244757471,0.0534724794940401,0.1978369645652418,0.0021935617933322,0.0160809284024074,0.0138873666090752,0.0138873666090752
121.56764801225768,57.60939730498305,0.3624724463436322,0.0889950989919643,0.4792901992440961,65.81196476037431,65.99865547203473,0.18669071166041817,0.18669071166041817
119.16434019733182,88.31041668442322,0.130776540176929,0.0240692356282852,0.5367364598296818,31.63716884634738,34.03925044651529,2.402081600167911,2.402081600167911
137.161684632885,119.8561025135247,1.0510123417912498,0.0192646196736337,0.3910926299177707,31.55327426851146,33.16943193328124,1.61615766476978,1.61615766476978
144.14742375060655,108.37614208779856,0.7520763056391705,0.0941770948754672,0.4812166045420021,48.6150684109038,45.88631786361739,-2.7287505472864098,2.7287505472864098
145.05939659311244,68.20809332502549,0.8748026126801721,0.0445481056995257,0.3700822471835491,79.58312358715892,79.55990635728799,-0.023217229870937217,0.023217229870937217
137.97952074934597,76.11234684675232,1.0053550062843102,0.0936571365956557,0.2158772413333372,68.71090374419883,68.13201434737974,-0.5788893968190933,0.5788893968190933
83.02846675020844,69.49594960335105,0.8691983421296765,0.0591320616360521,0.5123898778070137,24.12718069161982,22.700154081039056,-1.4270266105807643,1.4270266105807643
78.18256790996847,78.91650609877348,0.1527917671108106,0.0887489840595345,0.3771328285937168,4.75047600939844,6.635810387086195,1.8853343776877551,1.8853343776877551
111.81557343181191,77.62181685109499,1.9088117656765715,0.0268041878610573,0.1848929109453807,38.56544002095066,42.78023018203313,4.214790161082469,4.214790161082469
124.2369937089782,125.57674009492924,1.3169062592895846,0.0542011421005911,0.3585651794889813,23.52102745836256,23.797926319941343,0.27689886157878263,0.27689886157878263
52.50251015638666,131.1429892682255,0.4204451786167555,0.093669247885741,0.3125967024379255,2.6829068441605163e-05,0.005447298575635465,0.0054204695071938605,0.0054204695071938605
123.79277689988002,95.62561011419731,1.872542553302556,0.0234031150535885,0.5433081803118265,49.74735315585044,48.046437035839155,-1.7009161200112857,1.7009161200112857
58.89295227550239,147.76290983027428,0.126865837678352,0.0258748153105944,0.1171767110595586,5.881791307637278e-108,1.9525864024089987e-05,1.9525864024089987e-05,1.9525864024089987e-05
65.46848481848612,84.50296230117254,0.2611039400382856,0.0213393990483349,0.2144362280115255,0.0316624223723501,0.10095502248014716,0.06929260010779706,0.06929260010779706
70.16999626310255,118.29937462355694,1.5439420280834313,0.0385522430102093,0.2263466232653436,0.5151511667673843,0.5778600124030384,0.06270884563565415,0.06270884563565415
88.87951189614026,123.53799159460004,0.6554403121266934,0.0349111719493203,0.5782778155081177,7.3678362483611295,5.50997516264219,-1.8578610857189393,1.8578610857189393
108.25516963846002,110.14935235424667,1.4822164650801055,0.0684307755834047,0.3110202261840166,20.343905644471448,17.762654543775245,-2.5812511006962033,2.5812511006962033
145.07727077313382,81.40147102448348,1.4579898427041884,0.0341079808355936,0.2283906123201772,67.7388133936969,69.71697364939945,1.978160255702548,1.978160255702548
65.49253111434426,93.39549202495178,0.1129771935732145,0.0905839633484043,0.3746692641399907,0.0091851772214759,0.36439925690604613,0.35521407968457025,0.35521407968457025
54.75177572071104,102.13976879026784,0.0842516448558883,0.0236080506538115,0.532938105406417,7.603809556420505e-05,0.029493078918140247,0.02941704082257604,0.02941704082257604
142.70121129250805,144.70814499038457,0.4118460392819078,0.0234706618286472,0.2508695784392916,8.871097553175645,10.043989548336514,1.1728919951608692,1.1728919951608692
128.2988357265736,113.38794681883208,0.3522957400718164,0.0246186441728844,0.5827889344080825,25.65007122041105,24.179427490946647,-1.4706437294644026,1.4706437294644026
70.35348738868964,145.6635013477613,1.7529914581743549,0.0189411806278323,0.3513863443324208,1.3529193637380663,2.0425183938550697,0.6895990301170034,0.6895990301170034
145.6019710486567,101.56310553120323,0.7399741419939404,0.0485669718971554,0.5776617688157224,54.66489073889676,50.912982469596905,-3.7519082692998538,3.7519082692998538
119.93788657332212,98.56369930776864,1.5312690207830009,0.0763212114736823,0.1630568080476579,32.78170744917335,33.838746268669745,1.0570388194963911,1.0570388194963911
103.80946641211114,79.49823839223245,0.4977855308828324,0.0711156338764399,0.2782263477621539,27.543464039990425,28.129751866443765,0.58628782645334,0.58628782645334
103.30305614882556,87.82559115526495,0.0715495721461106,0.0190834045099258,0.4803342388080591,16.184841173590925,19.591463093141726,3.406621919550801,3.406621919550801
73.2128602103106,121.6604364519514,1.2027011396193588,0.0554405707995872,0.2801996027851439,0.9422759412317968,0.8666011244279765,-0.07567481680382027,0.07567481680382027
124.87733218218078,50.32829202882154,1.092945347136791,0.0938909854667129,0.3465058393696495,79.47849915195629,77.57248377628265,-1.9060153756736327,1.9060153756736327
61.25041332380915,110.02068575926714,0.7393755420093303,0.0211721641298414,0.5756578524105236,2.4454038754908254,2.480613985396988,0.03521010990616258,0.03521010990616258
126.190181260487,72.2573111288635,0.7009160122909829,0.016816965225012,0.4173187928307047,55.490186120375824,57.460960697228934,1.9707745768531097,1.9707745768531097
80.70877433602487,147.73629079086362,1.5591655869182357,0.045295915021242,0.5903906027355436,10.248621824458962,9.998524035228018,-0.25009778923094395,0.25009778923094395
147.51019011002003,109.37891535891566,1.1491420899021143,0.0211273854623831,0.3029745108654312,44.15049013382459,45.87531574472418,1.7248256108995932,1.7248256108995932
54.74156361400849,123.45167742737694,1.5362194449202062,0.0200250183641919,0.5737825975906695,3.788738160560792,3.7247562766729825,-0.06398188388780968,0.06398188388780968
135.47783462955792,96.2234172848446,0.4177216245629965,0.0266245910988755,0.427870867507225,41.80837378507667,41.039233296502644,-0.7691404885740241,0.7691404885740241
108.6608463175474,67.42015086764829,1.239225168047456,0.0573925937095563,0.353610241201,47.063094849445065,47.10620811224733,0.04311326280226524,0.04311326280226524
111.714498660403,134.79625912891998,0.2519033157493381,0.0534810241856829,0.4107181198160801,2.775401341610792,4.808166243360888,2.0327649017500957,2.0327649017500957
86.18530932051387,91.58340502680296,1.609635162477755,0.0352467941927279,0.2581928457325506,11.062765778047726,11.626721484683191,0.5639557066354648,0.5639557066354648
91.27583202773934,105.02841774693388,0.3575606080142351,0.0506518689607188,0.5493043374765492,7.606351426056836,7.095885332070819,-0.5104660939860173,0.5104660939860173
98.91965179806157,111.63796046156384,1.6765943898277282,0.0320163526713994,0.4721473238343625,21.284162114008105,19.405781615271323,-1.8783804987367816,1.8783804987367816
66.93991256326072,89.5824853617285,1.410857776721222,0.0518114344417632,0.578259080485076,12.984799891960352,12.563963484533039,-0.42083640742731276,0.42083640742731276
106.0168183461842,91.90314170841276,0.3116143777223228,0.0530264737710479,0.1139894180600962,15.632082889864122,13.911681415798675,-1.7204014740654472,1.7204014740654472
131.66787392759232,142.08391860937957,1.2323626486763328,0.0733626671499554,0.5489659991799307,32.24084681607694,31.103638653255626,-1.137208162821313,1.137208162821313
111.61790816070078,113.1820807364833,1.1536130179472404,0.0525873567760594,0.3362363988203437,18.307287457521305,21.27056394634111,2.9632764888198047,2.9632764888198047
123.14964640431393,70.94523750253401,1.8597169468991308,0.058030692806216,0.581346263063367,67.07523654392546,60.663473058155915,-6.411763485769541,6.411763485769541
82.88606325306772,79.26681072466758,1.0830591957074618,0.0379143984203676,0.2956769132044196,13.494291617097964,13.318924281034969,-0.1753673360629957,0.1753673360629957
146.46855564468416,107.97934606979057,1.412730127702916,0.016344261924563,0.4648041422349048,52.42185887449672,54.66447184223855,2.2426129677418274,2.2426129677418274
100.77309640122382,74.21579997060287,0.562252237735702,0.033077833738441,0.3105152546916013,28.66305565268324,28.964656743708776,0.30160109102553534,0.30160109102553534
96.9040747518154,69.7192692372041,0.6943446343763792,0.0432022351813792,0.1769863139193374,29.27420840455163,29.678707793029123,0.4044993884774932,0.4044993884774932
68.62449382997747,88.64486584836231,1.0883376931356334,0.0752240364191693,0.5561974920784666,11.372092453686896,10.973568489284162,-0.3985239644027345,0.3985239644027345
140.62545805210368,97.70499377168822,0.5092197060543366,0.0602351234784175,0.4200839860405406,47.37915211092941,47.147901269549514,-0.2312508413798966,0.2312508413798966
147.51924110715265,128.03384384498634,1.4041073872824892,0.0366088906354465,0.1288569435111467,26.90218058214212,25.466457727952637,-1.435722854189482,1.435722854189482
102.25765993367452,52.047846112439935,1.9516628550931792,0.0829658548136897,0.2312322861259992,58.02284511008072,54.781007859064566,-3.2418372510161575,3.2418372510161575
115.46211935154628,134.09420244918255,0.2389524483189363,0.0738965541037868,0.1135308559918651,0.0199185663239076,0.9919096665778242,0.9719911002539166,0.9719911002539166
89.70150412371916,84.7140597094776,0.8136322977229303,0.061495902551168,0.5532086715526211,21.71342587805493,17.069901269621642,-4.643524608433289,4.643524608433289
117.41993749428606,100.71771607685764,0.4784418200914971,0.0435853879141729,0.3860884319935798,23.2049618103173,22.39379400214319,-0.8111678081741118,0.8111678081741118
98.1682322455192,73.37861036424071,1.2554916012923785,0.0555352723883496,0.1710623036698001,29.91279175233315,31.47232636355305,1.5595346112199024,1.5595346112199024
136.11302430447813,124.40572370356516,0.7208056861615101,0.0237435226957104,0.5874101949337995,32.922559172751335,33.157020497053004,0.23446132430166955,0.23446132430166955
56.72286355708105,141.57685177094618,1.0571349755787405,0.0118911062877038,0.1415125995376551,5.612416597355512e-10,0.015671348316764748,0.015671347755523087,0.015671347755523087
68.14354350897973,104.76682345123464,0.0836501858161977,0.033390261187761,0.2447803100651666,7.431823718804655e-10,0.008904121053333465,0.008904120310151094,0.008904120310151094
133.69393582910502,109.67188523814887,0.4482514357644483,0.0836931021264689,0.3975656629456452,31.307566310731005,32.65733889800912,1.3497725872781174,1.3497725872781174
117.13044235642798,133.35803188619633,1.7007735756949929,0.0871649232649793,0.3543446384471855,22.297139900325902,20.933744903178052,-1.36339499714785,1.36339499714785
61.34735212405891,116.9481004890028,1.194876618116011,0.079380837940736,0.1629682506182095,0.0039839672286707,0.007096003211356675,0.003112035982685975,0.003112035982685975
91.77667821673336,87.97902614779552,0.1234990041116731,0.0686575021227036,0.4455168942712848,8.145225919197543,8.96541667539711,0.8201907561995672,0.8201907561995672
104.23865601904387,85.33798869322013,0.3915444391280798,0.0588654223787741,0.5337166373585579,25.503260449095077,24.87485883392391,-0.6284016151711675,0.6284016151711675
89.0515697684394,118.58604714722492,1.5825940301268864,0.083849248373388,0.5821456664459387,20.740254368168788,17.506374751347586,-3.233879616821202,3.233879616821202
84.23072848275197,134.87255704961947,1.0217473363171998,0.052352708639547,0.1736508828586962,0.0528870382214855,0.10393903676965989,0.05105199854817439,0.05105199854817439
73.47544217249713,101.56399740198452,1.8432342789225613,0.0177392479014023,0.3304272541681994,5.853992300940714,5.3728729184082935,-0.4811193825324205,0.4811193825324205
134.6514338690278,80.33353823949872,1.6608187124650562,0.0267518612726656,0.2210938428610415,58.07439791160131,58.51800519684332,0.44360728524200965,0.44360728524200965
89.56699140963161,62.398720662636734,0.7235127707665803,0.0958280429234229,0.5965031753077984,35.30710603013899,32.170536499096485,-3.136569531042504,3.136569531042504
65.82407418152627,139.63433041346934,0.4036478047852604,0.0871092158163121,0.4868667304854351,0.1003392576599153,0.17647734824978284,0.07613809058986754,0.07613809058986754
79.8042522791356,140.94281989890067,0.5339215228066344,0.0236941604005945,0.5981764172882607,2.187391335129652,2.8476908075709155,0.6602994724412636,0.6602994724412636
52.47741269343837,53.618613047586514,1.2276063011848943,0.0342511593975175,0.236183823616393,5.957221946977782,6.152138168535852,0.19491622155806976,0.19491622155806976
105.37282313983611,121.71498830838108,0.1506538817633724,0.061552772214954,0.4930149785939665,3.048262070752937,2.7197535589576214,-0.3285085117953157,0.3285085117953157
133.49737856829623,61.06955956956915,1.1332011611369603,0.0581546964623617,0.1641701358099382,76.32261900382079,76.39566514933466,0.0730461455138709,0.0730461455138709
114.50974456426532,69.19571514347659,0.6946773141120205,0.0570347864720014,0.1554650394026311,48.002049089305046,47.403328471762364,-0.598720617542682,0.598720617542682
51.7957863750151,60.2534981287696,1.9694030021421725,0.0965624697883823,0.130492460203996,4.778347881683249,5.347052826387171,0.5687049447039216,0.5687049447039216
98.75022786202798,144.1862194091722,1.0390793532347051,0.0487556924949492,0.5602006663327634,11.434944999551831,12.57568071907765,1.1407357195258179,1.1407357195258179
139.88110930274215,109.71933101133772,1.1523547848530509,0.0905584607796217,0.2044606787863901,41.6574266967714,40.59907652226575,-1.0583501745056552,1.0583501745056552
99.9983531604835,110.38690028256232,0.5514196954923322,0.0328444329774698,0.3370289943269482,6.705154998279205,5.505887711639416,-1.199267286639789,1.199267286639789
53.79822209601952,122.93775778747036,0.2968506551733563,0.0979199715818915,0.174168016913781,1.9191303853107457e-17,0.0027597625418304852,0.002759762541830466,0.002759762541830466
108.82022669483904,54.88882295051853,0.2036839844188564,0.081606743092644,0.5315013797171314,54.84538432676144,57.468755711557044,2.623371384795604,2.623371384795604
146.4690478828461,91.4406855670532,0.614337099979749,0.0329919445576292,0.4295537581255157,58.08943492645075,58.15506900000067,0.06563407354992279,0.06563407354992279
81.07616953724214,108.10944411887536,0.823972787663237,0.0146264019540814,0.5617082878124756,8.655155654061442,8.519454303598222,-0.1357013504632203,0.1357013504632203
116.66474656992774,145.14874716617902,1.591313871489802,0.0664372027962194,0.4329749464208763,20.195678454454416,21.22081136957933,1.0251329151249138,1.0251329151249138
123.67502209132276,89.05459830399332,1.566612337062862,0.0739040810721586,0.1394515744996125,44.38661521051169,44.52357907528143,0.13696386476973998,0.13696386476973998
122.08932190520976,61.98600534136561,0.8426683084556007,0.0529667395996397,0.2534398190671161,62.8142843423747,63.15690590696367,0.3426215645889741,0.3426215645889741
146.95846277645586,54.35465778433753,1.2890951566310112,0.0308276619029705,0.5808339839569446,96.111065057249,96.61664115010055,0.5055760928515554,0.5055760928515554
82.45763356293673,122.38153094826654,1.5269192746655793,0.0782379482550626,0.1113829418590186,0.1101079283575408,0.5727535479485643,0.46264561959102346,0.46264561959102346
127.25264231625944,53.54590235257633,0.0695652254102429,0.0990664226489331,0.3080016306130463,74.07448709301968,75.42817479147865,1.3536876984589696,1.3536876984589696
136.5577145624552,147.56521313912714,0.054332594492811,0.0916282282330973,0.5677782177860012,3.4320464220341904,11.63320509326405,8.201158671229859,8.201158671229859
149.86984818412867,114.59672550239422,0.8969756901140074,0.0449424296255321,0.204286699638668,40.38283612946397,37.581447868573264,-2.801388260890704,2.801388260890704
73.06346456614133,144.5811366558129,0.3610922635450393,0.0567087902964254,0.2895866638408922,0.0002947068200104,0.031288166260054665,0.030993459440044266,0.030993459440044266
105.39417338546374,107.69059035448696,0.3883940341891646,0.0791930567399867,0.5776524983321671,15.473944610117854,14.166022641662503,-1.3079219684553518,1.3079219684553518
104.0765631300543,100.18201158603004,1.286299021793021,0.029623578975894,0.1826163537267498,12.640887582165249,16.018862006904946,3.3779744247396977,3.3779744247396977
118.98412834359642,58.852054971414105,0.7587723301641667,0.0555691965377902,0.5743636107592707,63.75995742047524,61.87420751140262,-1.885749909072615,1.885749909072615
98.88978317924514,115.33152247691466,1.5267546829448515,0.0397594556125746,0.3638865488690914,14.01080056735951,14.317330153778984,0.30652958641947414,0.30652958641947414
133.6903445316655,106.8340038326041,0.7754507261911526,0.0597619956503771,0.4310348855747322,37.82699875420424,38.279501778249056,0.452503024044816,0.452503024044816
74.72057037106495,98.83736827163732,0.6549703824709375,0.0272477529012476,0.588283876059795,7.303374740336235,7.081181079618889,-0.2221936607173456,0.2221936607173456
115.40230776587605,117.01946087055084,1.9481128789590192,0.0269026808807348,0.4889815653622884,32.46517469455363,31.612570983789077,-0.852603710764555,0.852603710764555
78.86663026754604,143.5456155605976,0.0648470725135233,0.0308124909012872,0.593159306037736,0.0001415973864896,0.1470553650615314,0.1469137676750418,0.1469137676750418
107.64889031398658,130.00184814484174,1.2413286835377362,0.0136350338412056,0.3239032978074596,8.621090586180543,9.28490575015058,0.6638151639700371,0.6638151639700371
70.37224619305155,108.53036886145932,0.911312975166931,0.0181281776709721,0.5430058171439928,5.258636162423658,4.778655988359542,-0.4799801740641154,0.4799801740641154
107.23151856300764,127.9071448598776,1.5510708921818008,0.0281539140126248,0.2215730561148644,6.413968578593007,6.315295123796542,-0.09867345479646517,0.09867345479646517
130.3170511632731,82.7938659035988,0.50250546840777,0.0893224647931643,0.5541866713935295,53.07165078240726,51.187407536054266,-1.8842432463529946,1.8842432463529946
68.11832790500827,79.22947658618158,1.2869030790793314,0.0160135216499966,0.5290722219491741,12.83311569381285,14.650167968216543,1.817052274403693,1.817052274403693
128.7101132535874,148.6978169687953,1.202493405424424,0.024436242151963,0.4457033454607023,19.23228483548825,22.562973328913078,3.3306884934248266,3.3306884934248266
88.71553940539832,60.1819417486781,1.2693818484469117,0.0466631629985304,0.5629756764908334,38.18873484931653,36.561332439796765,-1.6274024095197674,1.6274024095197674
59.12505692822453,95.17073920064588,0.7530388495231147,0.0841910432248441,0.5542513205004888,3.724141485537878,3.4649508705703056,-0.25919061496757223,0.25919061496757223
86.0142114138938,64.86923062266034,0.7497085178669933,0.0871632250585328,0.2873059200239392,25.908905345881703,26.92643331499795,1.017527969116248,1.017527969116248
119.06153123866363,102.65984301668132,1.851317968353369,0.0571110254261157,0.1760933276072718,28.558462301069767,28.001957942325674,-0.5565043587440925,0.5565043587440925
124.67433077981596,101.7117304635152,1.0114039613498025,0.0406960365265725,0.456291911189935,36.43787044212672,37.401066683297934,0.9631962411712109,0.9631962411712109
80.92688787921897,145.1095294237724,1.9128055343049408,0.0151238793886387,0.2634964031380535,1.069344730841184,1.9354080039914194,0.8660632731502353,0.8660632731502353
68.64382621442545,55.75267837146541,0.9813803565833814,0.0802822987740488,0.3226211735453529,19.01855701686493,18.325876737279938,-0.6926802795849909,0.6926802795849909
65.85361584999235,145.3312495978803,0.1337528204827322,0.0192199795910168,0.2160153712246405,6.5635273640782056e-24,0.00028049213914617795,0.00028049213914617795,0.00028049213914617795
73.09416645987444,134.21751145444563,1.5132428625606862,0.0777274055620854,0.4983320926869505,6.700466659233122,6.238119443034811,-0.4623472161983111,0.4623472161983111
112.96726518598874,130.23181810271365,1.5556462246013043,0.0713846856661818,0.5120769974730358,26.995151129060996,27.85762876500912,0.8624776359481245,0.8624776359481245
80.72164170212709,53.92836822267905,1.1992724280673812,0.0827833632533069,0.2629883319778289,32.18369146598639,32.1236921339418,-0.0599993320445904,0.0599993320445904
117.38388982700046,144.2745253500633,1.8520277673829109,0.0429315060599895,0.2434675810220641,9.73668269854238,10.674291164095997,0.9376084655536179,0.9376084655536179
62.228872118059954,79.29531710909934,1.4401543215623136,0.0832075949767298,0.2294915550215855,3.9053063659447353,4.500930061095226,0.5956236951504907,0.5956236951504907
137.500869974397,56.20208704488388,1.833496225903812,0.0309162182943967,0.3227506798750503,84.58712749000831,84.7330118418862,0.14588435187788207,0.14588435187788207
50.91970516166297,78.4149644890044,0.1892790482190854,0.062032540776417,0.2412276903225955,4.659897841247291e-05,0.10206209284161849,0.10201549386320602,0.10201549386320602
83.02941754681342,88.37173105386998,1.115514295019563,0.0203015076358803,0.3438285975728908,10.595670215277297,10.615810016717148,0.020139801439851723,0.020139801439851723
71.50225693561846,107.56308982730934,0.1654425720878407,0.084022898070655,0.4435110975436572,0.0795053984202838,0.17636488031560496,0.09685948189532116,0.09685948189532116
84.7822347433046,131.80615602722588,0.2513874773169126,0.0736150255682622,0.58391677853506,1.0121232174121868,0.6064046721033679,-0.4057185453088189,0.4057185453088189
60.54736999566306,94.68941600565762,1.6539960779890188,0.0756864693799825,0.4869672132519217,8.40399540660582,8.073566944200364,-0.33042846240545565,0.33042846240545565
52.49716621170496,51.44421042351455,1.477014549346659,0.0480262725073139,0.4438563181371725,13.111809665217034,12.694572020400388,-0.4172376448166464,0.4172376448166464
102.18274743638447,141.35527115498036,1.3714760306986409,0.0322849839487556,0.5732727759629623,17.2415740141284,17.73374126121273,0.4921672470843319,0.4921672470843319
79.36764133584362,112.38831551240446,1.2736865278455738,0.0933987280242131,0.2379843243351657,2.603590809588248,2.6293445471974546,0.025753737609206517,0.025753737609206517
106.06568535006818,146.90405444141487,1.117681662182223,0.0219406080962741,0.3492466906794975,5.268801248317285,7.76772740536807,2.498926157050785,2.498926157050785
133.94033438945056,85.4468488694262,1.0278515448765793,0.0329897113258236,0.3150501482483617,52.28828418587759,55.520121456320524,3.231837270442931,3.231837270442931
133.52440601588657,140.65002765134068,1.7368894081905768,0.0356320119170365,0.1929876120760214,14.113077682076032,13.743714487291463,-0.3693631947845688,0.3693631947845688
100.0062326590208,94.91411560497188,0.0854554423189544,0.0445574985596154,0.3648061178074673,7.421368307957749,8.309138686739583,0.8877703787818341,0.8877703787818341
112.26878136965482,135.84872939214344,0.7490707433077685,0.0536612693442446,0.1742150421399605,1.5241720924850348,2.3926849045554133,0.8685128120703784,0.8685128120703784
79.47916840075094,72.68982431176225,0.7154906368025552,0.088930856854347,0.5923895489982558,20.903333251713136,17.639221468743365,-3.2641117829697706,3.2641117829697706
125.98236584283885,124.03284847553586,1.8340847215272675,0.0535350376280657,0.4504031239144855,35.81935683717075,32.87739917176778,-2.941957665402974,2.941957665402974
52.44268829406332,87.47217101923377,0.2750713725586534,0.0595715800241054,0.5645139651221074,0.3855489049711034,0.3503306975410672,-0.035218207430036175,0.035218207430036175
88.95491644815225,148.1219938723857,0.6374206948553506,0.0741685802248442,0.3665356888878686,0.7912456026636425,1.3415073365723478,0.5502617339087053,0.5502617339087053
126.15106317174724,90.83866600177006,1.2431231004321432,0.0682818776870863,0.367564690489826,46.10637280107255,44.88359644781089,-1.222776353261665,1.222776353261665
51.431527766706,111.07842698045376,1.126591074625425,0.0346686677801551,0.1750912130858088,0.000131656603356,0.021343709965179126,0.021212053361823125,0.021212053361823125
92.25484283119444,62.59667763046863,0.8535187972401631,0.0336454503629344,0.5114446014480003,35.04452615511163,33.99519216940951,-1.0493339857021198,1.0493339857021198
123.6873744944182,115.19951406635724,0.3371734271221632,0.0303506820913369,0.4060703472740592,16.63854462795804,17.287299436022657,0.6487548080646164,0.6487548080646164
76.85796043329665,98.44713243773576,1.4810721141096943,0.0730284821842193,0.5733263567295741,17.21706285649629,17.282833931726632,0.06577107523034087,0.06577107523034087
82.73766801153992,111.53629700913685,1.769201381556594,0.0906773821709275,0.2712082740785678,7.49846876383323,6.851458662227853,-0.6470101016053773,0.6470101016053773
135.7505739957256,98.90213453503956,1.1946930748767173,0.0722009250932683,0.3580153400333848,48.39840433952753,48.14630512581978,-0.25209921370775135,0.25209921370775135
135.7857783517489,64.03627313861006,1.972487159825049,0.0632652377036264,0.230557541735567,79.29119430148072,77.69319593784536,-1.5979983636353552,1.5979983636353552
148.66625932671465,109.4934843497373,1.1764015749856762,0.0266825390466463,0.2964132476377734,45.59317146930508,46.80417204225645,1.2110005729513702,1.2110005729513702
75.32011633699767,54.4293526403418,1.511389473587099,0.0303537702150007,0.2474204132610631,24.350757024457387,24.55035910436096,0.19960207990357404,0.19960207990357404
108.11479149732604,76.19081621504695,1.4454438065371384,0.0969221743340743,0.3117887662603907,43.28867982690198,41.47852398001073,-1.8101558468912557,1.8101558468912557
139.08241315106275,148.02983319862062,1.8678166932123892,0.068128718453134,0.4552779064507487,37.45118324065295,38.1961263624597,0.7449431218067488,0.7449431218067488
68.14871248586986,50.21601041240018,0.1745261855883358,0.0308897622338703,0.3830834952716604,18.29500762118063,16.843864567293387,-1.4511430538872432,1.4511430538872432
95.37489539375514,145.77704238917994,0.1951085410731218,0.0854316221840113,0.1899953649142317,1.119078884994891e-06,0.02493775710967207,0.024936638030787075,0.024936638030787075
65.27504316676166,60.77422387316821,0.9407517759297024,0.0152666512450396,0.1648523639106981,7.231354665517934,8.975003114189699,1.743648448671765,1.743648448671765
123.63897900500449,114.45087942823176,1.6406982151591325,0.0646448364973325,0.5912887870812592,44.70663785295866,42.82795695905706,-1.8786808939015955,1.8786808939015955
56.5137238670896,117.77524602732824,0.8182988407890546,0.0927538851217688,0.3442268808868485,0.150562178853715,0.2779810175544815,0.1274188387007665,0.1274188387007665
69.76477811196153,81.28291167770064,0.1175273544851546,0.0806676029473433,0.3518125862879354,0.5187382420875455,2.3410348039121525,1.822296561824607,1.822296561824607
67.02146348820048,147.625378397613,0.2869378845531386,0.0705385142119721,0.364158578982542,0.000174590958041,0.006598984652069981,0.006424393694028981,0.006424393694028981
111.705424610421,111.41043748202988,1.2671301762504197,0.0807901450116766,0.5185888707634262,30.32119578522081,30.14987057043128,-0.17132521478952967,0.17132521478952967
55.63332777992398,133.21477873437124,1.2859006361577834,0.0463833644675426,0.4593536479696976,1.0792095463831055,1.1538312375100972,0.07462169112699168,0.07462169112699168
62.03635762099861,103.1304801966194,0.6479978958393577,0.0342751654235146,0.5209883559310752,1.9938615613304675,2.0730464609112857,0.0791848995808182,0.0791848995808182
79.71493186889916,143.39712657546983,0.8493422780149983,0.0874902067343565,0.4467108201095531,2.1335798813086484,2.4869737682459943,0.35339388693734586,0.35339388693734586
135.4385093369579,56.820623474272544,0.905644956353469,0.0452494083123016,0.1801760620568886,80.8993235781183,81.46652566330955,0.5672020851912549,0.5672020851912549
129.99160853731894,138.21156871941554,0.8154362586225188,0.0262845336149505,0.3619054326143845,14.698340626142205,17.1101676039998,2.4118269778575936,2.4118269778575936
52.23017048986436,115.8576368163145,1.1479899727733558,0.0824254454369494,0.5354440291916309,2.211414444458613,2.1586594921327897,-0.05275495232582328,0.05275495232582328
81.52903378306104,74.1370638004004,0.8901173245682289,0.0356237037978932,0.1946877128623498,11.743318024873185,12.89247707063702,1.1491590457638345,1.1491590457638345
92.23518727007344,94.75637693910603,1.1527248846686051,0.036756106928309,0.1573094013028202,6.890348233417313,7.910231419585107,1.0198831861677933,1.0198831861677933
106.70162609866678,52.48344074800143,0.1290656197145332,0.0626530161864044,0.5905403467633789,54.64233259749884,55.714335724774635,1.0720031272757922,1.0720031272757922
99.6239221900814,145.6481097231227,1.900528187884408,0.0392318746384758,0.3137633207098822,7.010459650658014,7.366669593368503,0.356209942710489,0.356209942710489
86.01906414112628,141.1549048305173,1.3134515436908278,0.0157272167598393,0.3562604837364742,2.659421071957489,2.9835020425790417,0.32408097062155283,0.32408097062155283
80.23332493514937,73.53083980753708,1.855768904684561,0.0882550608091456,0.5130334351249196,29.58154048019765,25.99418835575234,-3.58735212444531,3.58735212444531
138.1324889464952,59.662140446133904,0.1831023855196389,0.0513408671702463,0.2393639526820282,79.028582532864,79.68943800128254,0.6608554684185464,0.6608554684185464
115.49053021178312,56.36713330657885,0.6771971717580623,0.0131385615985442,0.3838051238553267,59.71484843546404,60.52047430885058,0.8056258733865391,0.8056258733865391
114.81680489795436,127.94434131562416,1.2567268137931993,0.0494816769923082,0.2655289757444223,11.362995496080671,14.905493105227697,3.5424976091470253,3.5424976091470253
83.89362199370262,131.8977132062435,0.7266017149624884,0.0453742658459586,0.5395761538062166,4.599186239194147,4.786697728091036,0.18751148889688896,0.18751148889688896
50.93449534862442,117.43635818647556,0.79656460507483,0.0824547319733722,0.3774589608161802,0.0954353389185629,0.2525557188891898,0.15712037997062692,0.15712037997062692
133.00653721957792,58.839724692162775,1.856114250252358,0.061365289651421,0.5366245533007232,83.32421999741126,81.79431413248338,-1.5299058649278834,1.5299058649278834
79.28356224602604,79.558539674012,1.422064288514081,0.0607325003405233,0.4983440598778854,21.10841785983708,21.669999474907474,0.561581615070395,0.561581615070395
59.94994142566157,89.61475380448434,1.6075921501758572,0.0399915837073392,0.5795180312600494,10.619369538706287,9.48666996023135,-1.1326995784749379,1.1326995784749379
129.28544190338394,109.68282213652402,0.8686475269399507,0.0188959373197236,0.3832073484043073,29.58248247714694,31.247824381477514,1.6653419043305746,1.6653419043305746
80.64577313504506,78.12797160595416,0.9251054473808946,0.0531743810055092,0.4296035310295134,16.059929586997654,16.05653694406662,-0.0033926429310326967,0.0033926429310326967
137.5933022186205,137.27304840603497,1.69478589930623,0.0702426178212043,0.4434736742558972,37.96332872595689,36.081926000562454,-1.8814027253944374,1.8814027253944374
54.006908634826665,131.34525752307843,0.6056482713398457,0.0888556826555991,0.1942135567554917,3.4981873617527336e-08,0.0003468280198166079,0.0003467930379429904,0.0003467930379429904
103.59350788521182,57.94236996325765,0.3535285004753421,0.0209555372113252,0.3861266917860253,46.10781504164858,46.784251342716715,0.6764363010681365,0.6764363010681365
146.58366688075836,140.95555357753415,1.3588809956885162,0.0752074953808329,0.2729672010965696,28.63194915032767,27.313182825200766,-1.318766325126905,1.318766325126905
54.57420338125129,130.8708644820744,0.7442913295306887,0.0216402961700441,0.5022878531462082,0.318388027963731,0.45352074291602945,0.13513271495229845,0.13513271495229845
146.60475051286772,124.59648474782595,0.6987697523669629,0.0879239807983305,0.3529749065001938,34.39125145925188,31.41286987693641,-2.9783815823154747,2.9783815823154747
72.12094418196023,114.11531288601566,1.3113255595959077,0.051447116337392,0.1132246447086584,0.0040595780739944,0.06291519973377926,0.05885562165978486,0.05885562165978486
106.91415704542683,79.36167806572736,0.4560187896779438,0.0608326012498367,0.2961839304197503,30.116891567813155,32.26054324777601,2.1436516799628578,2.1436516799628578
132.75530522740468,95.8733327136742,0.2274517660852021,0.0460422000466556,0.4179526176813286,38.30305651845275,38.52631566608183,0.22325914762907928,0.22325914762907928
82.19107635818219,137.6075082105205,0.5541127203021992,0.0226706550538235,0.1449755745976809,3.5875165955063268e-06,0.0031884873644128747,0.0031848998478173685,0.0031848998478173685
51.36776511046441,57.44020949378221,1.9271136098725772,0.0609838409049883,0.4444821659455268,12.559806877302986,12.638725745137219,0.07891886783423274,0.07891886783423274
94.22938054511351,56.43841059286808,0.8551392835769378,0.0719607711434702,0.2099020430070212,41.1653507043015,41.309652762296736,0.1443020579952332,0.1443020579952332
99.48259516005464,101.45987238742912,1.8386361755973135,0.0424865139792847,0.2322006738444401,15.120603788117393,15.411508448649474,0.29090466053208175,0.29090466053208175
100.88762514093348,140.01391686098242,0.7815779892173124,0.0385068529766881,0.4786051875427521,6.948291805047518,7.635404437211875,0.6871126321643573,0.6871126321643573
132.18014592542005,97.07907780422155,0.1704877382895784,0.0202845986873928,0.4439523825380923,35.811735687155604,37.291706244904255,1.4799705577486506,1.4799705577486506
91.14109317604655,60.928743795296654,1.7676673050431546,0.0960724985208668,0.5035970310191515,44.55744200784187,41.65813397594582,-2.899308031896048,2.899308031896048
118.67166596048486,69.9719517008784,0.981782728105219,0.052876751755031,0.4615634636665293,54.18011515902143,53.25026815133802,-0.9298470076834136,0.9298470076834136
101.1093821472398,92.08985224757194,0.5310207549550878,0.0174714343319353,0.5400295935096636,20.438005499478137,17.987914839265013,-2.4500906602131245,2.4500906602131245
120.89000062515824,101.77166663025214,1.9666590485275628,0.0447842517020613,0.2050929343408895,30.71859003872716,29.87028576002754,-0.8483042786996222,0.8483042786996222
133.44737434626285,149.77430614437768,0.896619204845911,0.0690371866778485,0.2613872041430684,10.148834663988003,13.842236798013019,3.693402134025016,3.693402134025016
70.78862551460273,133.04770286866244,0.3750058365250737,0.0584255605914328,0.199037820648738,6.335838483138478e-07,0.0005734076538938023,0.0005727740700454885,0.0005727740700454885
64.08118620929994,54.94834871463723,0.8325856222445615,0.0239641394900756,0.3840687122689671,14.286390715293711,15.249135784709672,0.9627450694159609,0.9627450694159609
67.16792858483035,51.90322535927384,1.3802491654903664,0.0520837006390135,0.131650265957745,18.917051350110757,19.485713645912185,0.5686622958014276,0.5686622958014276
85.67704903492512,134.97966706536562,1.290495245487575,0.0756601584614426,0.1466964626714646,0.0980561517944105,0.1649632316295099,0.0669070798350994,0.0669070798350994
143.76821021594702,55.66292148509579,1.2617664985828914,0.018103375480991,0.5783381968786867,90.99883787676362,91.15464240609299,0.15580452932937305,0.15580452932937305
82.00931090755515,93.59481480403151,1.4162004929631613,0.0300442741905579,0.2584310782562632,7.086997168642217,9.012203772194967,1.9252066035527502,1.9252066035527502
100.92452505028751,137.22828889020172,0.8454035395863412,0.0402461919084123,0.1199503349601017,0.0273743949001044,0.1395564632114685,0.1121820683113641,0.1121820683113641
96.47842059375007,102.5936875014043,0.4873544719899739,0.0325284022137044,0.4019054199148272,8.908234256011347,10.845878667588531,1.9376444115771836,1.9376444115771836
115.01871664456532,76.50542319888874,1.7061390764198463,0.0201154826526444,0.1596759925048948,41.21175668086136,46.312792714632636,5.101036033771273,5.101036033771273
126.80899052191404,145.29570488998763,1.620771514100715,0.0974076980927944,0.3429211110339937,23.0686339741646,19.566428396272634,-3.502205577891967,3.502205577891967
105.90592849466022,82.11220330581392,1.7225171880027002,0.0836653021612376,0.1045323018024158,34.8204680020155,35.61925617164404,0.798788169628537,0.798788169628537
122.7169069766308,108.57603583708912,0.5978979933209242,0.0353910598454548,0.4022784681792504,23.82665848709854,24.660657203411677,0.8339987163131362,0.8339987163131362
86.20558501724915,128.55694696739351,0.6076209662796209,0.0766404612627093,0.5873842226812287,5.864455994570939,4.95191324615601,-0.9125427484149293,0.9125427484149293
107.5474177875879,75.2307140758638,0.4215782375819522,0.0253120051001637,0.4858771088778301,34.79621770824471,34.65404421043404,-0.14217349781067412,0.14217349781067412
61.376195880454944,124.59176109628996,1.3345796749138568,0.0645177373190002,0.1951742424117772,0.016433831534516,0.015596995304207226,-0.0008368362303087743,0.0008368362303087743
134.2166030061383,60.109843234705664,1.1867427342857602,0.0871238273330785,0.2031566016388426,80.01131677749754,79.81365524806148,-0.1976615294360613,0.1976615294360613
61.473596126091465,56.29385014389479,1.6080800455690534,0.0542217878756255,0.1439740318541179,10.802307461768976,12.583139146817746,1.7808316850487707,1.7808316850487707
124.3888144118619,117.32593072467768,1.5908467940531756,0.0940936919947751,0.3832815728395302,35.131243645033884,33.408360809808414,-1.7228828352254695,1.7228828352254695
123.80336164263704,83.37747922695657,0.238560151806759,0.0437821425306933,0.1800955548503511,41.29220449787989,42.03645451452514,0.7442500166452533,0.7442500166452533
133.0182966617694,133.63560472271212,1.5805292178880523,0.07272074853244,0.179811816641192,19.609043223812336,18.835388546166428,-0.7736546776459079,0.7736546776459079
135.05817290942417,147.43585996158885,1.2552792421227952,0.0673387914149253,0.4140435493506684,24.598449940049576,28.466509754448616,3.8680598143990395,3.8680598143990395
142.0994521096576,79.39786307580682,1.5292087594827972,0.0239692233053796,0.1810883033293306,65.57915779264297,67.91483701503506,2.3356792223920877,2.3356792223920877
117.66172335525064,117.58547376271449,0.6184158599868941,0.0774882155141707,0.4967419074583598,20.7132533894852,19.13642964808743,-1.5768237413977708,1.5768237413977708
98.4696287130047,73.3570898046737,0.8577137749105201,0.0164464741654408,0.2514426908690202,26.98458284181048,27.98788595015427,1.0033031083437898,1.0033031083437898
54.38470187109632,121.80030966859825,0.7402777451369049,0.0358497642170633,0.5256267771334999,0.6141277635478786,0.7120983664854005,0.09797060293752191,0.09797060293752191
134.9975371480662,108.59372296875068,0.5044909715432735,0.0712945902050911,0.1515443427154868,30.27991303721022,30.43287360012905,0.1529605629188282,0.1529605629188282
93.22270754910424,90.9824777784705,1.222970759729888,0.0873509166733209,0.4559846474380226,23.71823914826571,23.02526485218191,-0.6929742960838006,0.6929742960838006
126.45277946547176,60.953660497737125,0.344713755861593,0.0601921752634181,0.1742304105571383,66.75082006118045,66.74814599396149,-0.0026740672189617953,0.0026740672189617953
96.8579804375139,134.7121226164718,0.6914754022567656,0.0976203495974745,0.5853923285161804,9.84723205219762,8.792831413017081,-1.054400639180539,1.054400639180539
92.2868409059087,99.6888748302582,0.3376292804032036,0.0159823888630781,0.3556953566248813,4.9137918785687305,4.413838467929228,-0.4999534106395025,0.4999534106395025
80.35101248781115,50.88270484615028,1.191969122323132,0.0397150988582501,0.4506799544522661,34.21566984266219,33.070064449234216,-1.1456053934279709,1.1456053934279709
67.1970401843543,133.79846017090475,1.9668750197794256,0.0578094140592927,0.5381558073322377,8.337240501408147,7.210550047269639,-1.1266904541385072,1.1266904541385072
117.894542428067,124.22223837867996,1.9241736637865945,0.0599032698187453,0.4814904114062116,33.623918095601,29.850608394356247,-3.7733097012447523,3.7733097012447523
80.93727178627822,113.64450278487573,1.028430388068676,0.087809610974564,0.363855075351587,4.992779381250717,4.4565976884023195,-0.5361816928483973,0.5361816928483973
59.36747678280925,112.18240863057748,1.4277197781628137,0.0189173041403587,0.197580770013127,0.0293689474730213,0.07270592172012684,0.043336974247105545,0.043336974247105545
97.92423750393306,138.8444071758803,0.4156678963617623,0.0889210534584124,0.3136719629962541,0.6112633724791063,1.1665985030015502,0.5553351305224439,0.5553351305224439
107.47092028675752,64.73708817562377,0.1858933233089885,0.0750904880926996,0.2238279295220588,43.63120782022994,45.357776040833926,1.726568220603987,1.726568220603987
108.66017374045605,135.1251966634252,1.516417054270736,0.0703849412668063,0.3816784108814895,15.567744975060664,14.65749700397116,-0.910247971089504,0.910247971089504
88.32153659472516,113.32537215489891,1.60239318145357,0.0487726433105855,0.2360674566966974,5.038700353398902,4.108262667515932,-0.9304376858829695,0.9304376858829695
68.12180436136173,95.27666092780755,0.0738372746914465,0.0328636454534772,0.2798202972539979,7.573725292986345e-06,0.3368436021443371,0.33683602841904414,0.33683602841904414
143.62806214689266,100.73635432245636,0.7033338493465395,0.0199226049283892,0.5560809740994288,50.99258182770602,46.064107606981594,-4.928474220724425,4.928474220724425
68.65670240513057,112.3807263920875,0.3659510147647923,0.0191840279892986,0.2594210994701469,0.0037244300796344,0.02016072088986639,0.01643629081023199,0.01643629081023199
75.93916074208559,107.2469354241714,1.2921958489503704,0.0670988620983521,0.1298259730286104,0.2050423547602591,0.43239942914758767,0.22735707438732858,0.22735707438732858
71.44582293241616,114.65782804578168,1.7783478346473027,0.095783734459802,0.3500850491073202,5.955862339751246,4.306771791762926,-1.6490905479883198,1.6490905479883198
74.34540119717657,64.18026011814685,0.3254558601837466,0.0244242255424728,0.590058154974119,15.509611750363147,14.878462029309182,-0.6311497210539656,0.6311497210539656
78.52779969408797,86.82435451451161,1.6328511839987354,0.0260734384031634,0.1260969027409219,3.184197520070594,4.540518816334143,1.3563212962635491,1.3563212962635491
100.25316842570751,136.59773170429443,0.6059703980270735,0.0850983625273279,0.4757580906780498,6.016935292127524,6.752344567869565,0.7354092757420405,0.7354092757420405
78.63965784275786,144.73980863470462,0.6451336242098218,0.0557474678232644,0.2773229919894908,0.0365242218303555,0.15233587217250238,0.11581165034214688,0.11581165034214688
83.13941389426374,131.87097130573088,1.0652568612978168,0.0132226568026735,0.4975979909079404,5.544180115592223,6.934837925725605,1.3906578101333826,1.3906578101333826
51.76314089340247,116.66796402337542,1.9428431916232465,0.0525062852224621,0.4059768390091691,2.0320222944597024,2.2452660961717377,0.21324380171203527,0.21324380171203527
57.1899418657496,60.64970870450286,1.191303885878277,0.0401636505809847,0.5966669563290532,14.368802175788613,12.33870347073414,-2.0300987050544723,2.0300987050544723
142.71237818644494,121.72054798944384,1.1352695010085754,0.0694227197636477,0.4797341056795867,43.51310166183947,41.10361713368122,-2.409484528158252,2.409484528158252
122.12682934854172,103.9039276944092,0.323642411878459,0.0214031509873433,0.2734272923443398,20.17586374439585,22.01367481308196,1.8378110686861078,1.8378110686861078
55.65156907967573,126.85909587698067,0.7102587855254919,0.0104838764521384,0.5944755722147314,0.8875050708427255,1.185259990797027,0.2977549199543015,0.2977549199543015
90.08124443157496,131.39855866773223,1.6309502964435745,0.0801828564584299,0.4063763876362787,10.68551486379172,11.46486670789588,0.7793518441041591,0.7793518441041591
126.22307896421692,54.57674531502693,1.6170510596174763,0.0859457379579704,0.366455939430043,78.95783839923908,77.43688260490417,-1.5209557943349097,1.5209557943349097
67.20998526498622,93.11396021160598,0.6118884048906381,0.0716593539402109,0.4217699060567019,2.759048926147038,4.0092313493585285,1.2501824232114904,1.2501824232114904
90.77481050027322,132.85731454392987,1.1401896020344584,0.0321631617691828,0.5254410591182969,9.77135553314974,10.26290151865229,0.491545985502551,0.491545985502551
111.49100858019408,76.98469579688535,1.218947467997883,0.0548459977215673,0.5139561722914665,45.77207009856214,43.63790828767525,-2.134161810886887,2.134161810886887
142.10694862995814,108.75759776432724,1.637308964768769,0.0768825537821131,0.518399145719792,59.04110665099533,58.08504644329859,-0.9560602076967442,0.9560602076967442
85.71923339930449,109.34612224518362,1.574696220917375,0.0293587063006236,0.2990252235022216,6.684476800926777,7.68493850010633,1.000461699179553,1.000461699179553
110.58968151794828,70.90842029449009,0.6430275791879633,0.0615027871440841,0.4832199725822711,44.11440654015491,43.13881753810221,-0.9755890020527005,0.9755890020527005
97.5983054860547,144.74043159357456,0.198531216836795,0.0808644107046432,0.4082669244816761,0.1468730043319088,0.5478940226209942,0.4010210182890854,0.4010210182890854
106.37176795476178,113.1696881225884,1.126252076692117,0.0287646496011641,0.1549150464829596,5.591823204833112,8.043555156150832,2.4517319513177203,2.4517319513177203
53.79169440736333,79.69835684549734,0.2400730443390426,0.0700538280677848,0.122786282360313,1.1842329861885892e-10,0.019890750057776338,0.01989074993935304,0.01989074993935304
149.16861403927356,144.9924970974473,0.640517643716233,0.0252499259474353,0.1166073715871605,9.288969142637724,14.839236941130212,5.550267798492488,5.550267798492488
114.16865079747996,137.8387666252646,1.738462645240359,0.0976504808157123,0.3426945589196766,19.54121380780849,17.033205442306315,-2.5080083655021745,2.5080083655021745
67.47812848749338,94.38358248025162,0.21370564119615,0.0724272792620866,0.4882048457631993,0.6265878220828762,0.807976428099582,0.1813886060167058,0.1813886060167058
123.39203702877003,121.73037377050444,1.757093193938011,0.04738611466897,0.4283017405277372,32.36876092021176,30.711487561532643,-1.6572733586791202,1.6572733586791202
147.55431937239536,74.58871500823858,1.897448166289114,0.047705577155958,0.5687444436575069,85.82057803476313,81.03010487016475,-4.790473164598382,4.790473164598382
117.84266670087368,85.08566434423352,1.1445543314202715,0.0442261580663116,0.5846605365366818,46.963568394182914,42.59045201445404,-4.373116379728877,4.373116379728877
126.71882889311269,146.0107039168562,1.7202209460553786,0.0102302067130889,0.1424606063528754,3.813360449882886,6.017750810711709,2.204390360828823,2.204390360828823
121.40870226850174,106.39907834416132,1.7027771608738418,0.0664692855990376,0.5063566299621516,43.03821454366039,42.33026324991605,-0.7079512937443369,0.7079512937443369
136.08550280434486,75.31796328092602,0.3970959174134064,0.0719936217890657,0.4100297470239111,62.95991469312962,63.73874806227707,0.7788333691474492,0.7788333691474492
73.29018386494816,123.58116038161786,1.1824245313398032,0.0405144579788941,0.4979155794384661,5.157817109293104,5.638218099218625,0.4804009899255206,0.4804009899255206
139.00970351838083,99.45195629702845,1.7831089469936587,0.0622690503379873,0.5482763653802536,63.06409566810638,58.8956265319695,-4.168469136136885,4.168469136136885
61.88179162680719,94.25372157772937,0.5088841634899188,0.0233720097126823,0.5451623610645843,2.201537813683812,1.8910659588810832,-0.31047185480272876,0.31047185480272876
131.73463233827894,51.20926948060082,0.6358962851732072,0.0670237320145789,0.4461885081533265,82.68537977711935,81.44236455643454,-1.2430152206848106,1.2430152206848106
121.60934824899616,149.87804057487236,0.7878530043992947,0.0367979001802665,0.2927134180715749,4.9758785149613445,8.917211040532267,3.941332525570923,3.941332525570923
93.33808481149408,142.87618382249465,0.9498939485160568,0.0544972785770125,0.1568999692541905,0.0406639744613399,0.269120258676181,0.2284562842148411,0.2284562842148411
74.66884297439972,79.29421134277284,1.9435459446091925,0.0573926820985615,0.1781209910922779,9.218176276537442,8.95540098393098,-0.26277529260646126,0.26277529260646126
86.42278811462111,147.58804705482137,1.8279358954459823,0.0392162589304962,0.3901837530596668,5.87734446430829,6.156915763995296,0.27957129968700567,0.27957129968700567
115.502469640509,87.99543871123333,1.7494469601815306,0.077639876969919,0.2180713158237896,39.64193037995236,40.8355733112606,1.19364293130824,1.19364293130824
116.63053231282925,63.94801398336516,1.1306485278422065,0.0865415059008446,0.1355283226621476,58.64332507845996,58.93414542299708,0.29082034453711714,0.29082034453711714
93.45026937193045,104.36673415583228,1.0615479006234485,0.0166543319527444,0.5334818108669225,16.970881493402764,19.530348839057655,2.559467345654891,2.559467345654891
111.66219781652752,91.4095932742634,0.1896591280373775,0.0298177963425795,0.3635383657720752,21.49300962940194,25.108407005726647,3.615397376324708,3.615397376324708
66.26522181899006,55.87229343743314,0.6174706600846672,0.0763654160026357,0.1757913369369046,13.167693090013389,12.765449005526422,-0.40224408448696636,0.40224408448696636
107.21229637222064,64.72002281601557,0.8780472375604031,0.0429777232900481,0.3230549025876927,45.24632910812253,45.521289370716566,0.2749602625940355,0.2749602625940355
84.79414115821666,107.24143779729972,0.5152968840864061,0.0193201508339419,0.5104011916632671,5.681248078944243,6.54603978541174,0.8647917064674964,0.8647917064674964
60.08888021058589,70.78038745019856,1.4097255597085914,0.039848690952536,0.5334545134584585,12.588299249516808,12.294696771434978,-0.29360247808183004,0.29360247808183004
92.78695148529911,80.86524767349133,0.8845323613929783,0.0103042422018384,0.217001569541086,15.084776525043544,17.200118597230162,2.1153420721866176,2.1153420721866176
80.4155254485465,53.910243534224335,1.098233074132799,0.0104925588139709,0.1000644123666456,27.12300758256441,29.881382344371712,2.7583747618073033,2.7583747618073033
75.46637658899618,82.90612849645498,1.17629835514254,0.058683872724245,0.5618980123467248,17.356228537844412,16.648350207422638,-0.7078783304217744,0.7078783304217744
85.53197484738877,149.6152904200646,1.308008230345178,0.0147410000667756,0.4670365313243264,4.774931914505123,5.9297143599709505,1.1547824454658278,1.1547824454658278
60.25845603310208,146.63753479943995,0.1362031199209323,0.0686063289738309,0.1943056642934058,3.4815394516047664e-35,3.465911480892544e-05,3.465911480892544e-05,3.465911480892544e-05
71.6332777630827,113.65940276183004,1.7077669337906318,0.0352299190642237,0.2471252674207099,1.43808440226206,1.4880943275392797,0.0500099252772197,0.0500099252772197
110.85717243060164,138.7576351022483,1.417910337614164,0.079905082536437,0.4287759977229073,17.678066398954485,17.471587616389954,-0.20647878256453112,0.20647878256453112
130.08180998597504,62.45675477546156,0.2658314834691975,0.0363064776495897,0.5045460997004978,68.23946729510331,69.35922113364445,1.1197538385411434,1.1197538385411434
127.8545821422689,149.28317948823985,1.1795210495876296,0.0555521842578765,0.2070373623110813,6.93053252635265,10.350863058632523,3.4203305322798734,3.4203305322798734
144.7227027346711,56.34365596551084,1.097806023369973,0.0622024606538293,0.3919958695053509,92.17721423825532,92.80680439381372,0.6295901555584038,0.6295901555584038
107.82983994203607,138.70697629157348,0.2029950510547027,0.0700252464623879,0.5359027463739328,2.5064415745076047,2.2382413037269697,-0.268200270780635,0.268200270780635
56.2907476018024,66.6801740370835,1.1907804351143745,0.0685370450257033,0.5963042409739583,12.567260309636804,9.990179053557517,-2.5770812560792873,2.5770812560792873
95.12677953712668,54.66757528081797,0.8738097847865293,0.0771437256968528,0.5164634645262834,45.5668215991823,43.73167010757249,-1.8351514916098068,1.8351514916098068
81.43559810763267,80.83892129016607,1.327395144352318,0.0831825206212728,0.5673284643010845,24.53540493439789,22.43984728693594,-2.0955576474619484,2.0955576474619484
125.89768318540308,92.38747434344646,1.784023288179115,0.073937439944385,0.1443062318269883,45.00024954936069,44.13986944727891,-0.860380102081777,0.860380102081777
101.56794276964978,84.1674039951283,1.5937837327409206,0.0973560352714007,0.1588349673129518,29.801862918206183,25.671449779270404,-4.130413138935779,4.130413138935779
71.84382449886803,67.82184188698415,1.9831964049431832,0.0778734305299073,0.1409693065029341,14.661662207676414,13.47428531457207,-1.1873768931043447,1.1873768931043447
83.73455467690927,92.73363899100508,1.5895671599320016,0.0667587984217839,0.5167523075610396,21.511054447174583,19.935450040913096,-1.575604406261487,1.575604406261487
125.3937684441424,57.14403006088239,1.0690552056032832,0.0289909242170139,0.5036710466315928,71.05294354964184,71.1363554522331,0.08341190259126563,0.08341190259126563
89.62772624917005,68.8013265774005,0.9800727141500422,0.0120045344566737,0.2757866366318007,23.357581165206327,26.043837511883204,2.6862563466768776,2.6862563466768776
84.77397822959257,85.14582876453872,1.969850449982067,0.0412662716561055,0.1094249127908908,8.746952832674907,8.527691260909119,-0.21926157176578798,0.21926157176578798
99.35774386721822,76.64988967059386,0.5843980642237532,0.0614434318522363,0.1245561941528427,25.41348806996855,26.168994951241782,0.7555068812732308,0.7555068812732308
57.596028696491686,92.01499128485776,0.6408254404206806,0.0150554165612862,0.1056369231878812,3.0591306809871267e-08,0.031340430445533723,0.031340399854226916,0.031340399854226916
100.3929007724244,72.79247251886488,0.9720659592448024,0.0560016599638831,0.595421007430102,38.9873060887972,35.562584580856495,-3.4247215079407027,3.4247215079407027
86.75344222915314,69.94288583039568,1.953024812505584,0.0855269636345032,0.5677221792284408,38.68578758402478,32.603329741380755,-6.0824578426440254,6.0824578426440254
107.05614046246065,120.65900589026224,0.9469000598848264,0.0684097377470264,0.1282126033716134,2.977474867244993,3.716594560453715,0.7391196932087221,0.7391196932087221
123.75823015888916,108.01877633045324,0.7775596382914467,0.0795608278839569,0.5458018694981839,34.276175330824906,31.175895336343885,-3.1002799944810207,3.1002799944810207
141.37274940064594,143.8085259516154,0.2704390936554617,0.0830101050273033,0.5278821486852538,15.774188387771872,16.42029211372895,0.6461037259570794,0.6461037259570794
109.66629069324816,84.66403739842247,0.1106122157658815,0.0140741243156146,0.1714121920980517,25.13395594574962,25.224864594479193,0.09090864872957383,0.09090864872957383
70.88370204519839,106.92864780961342,0.4101325363316949,0.0830963912799135,0.517219309886045,1.7862966905882178,1.15779030965218,-0.6285063809360378,0.6285063809360378
149.86478849342203,57.34702922042091,1.5693622738984454,0.0134538762157856,0.5989932604253034,96.64864980207687,95.53196910015458,-1.1166807019222915,1.1166807019222915
84.29026435508817,67.32681963759896,1.4785170826412335,0.0526931133999547,0.4184208262074207,28.1724105444486,29.463898391770016,1.2914878473214166,1.2914878473214166
51.21374583152005,110.79660485407072,1.6502030329780728,0.0328184135776365,0.2133873509488752,0.0275938847215223,0.16575697220768765,0.13816308748616535,0.13816308748616535
88.60509356518358,127.78299791402038,1.5198821123666852,0.0624714293342575,0.3151875814824159,5.593649618470543,5.757382498101023,0.16373287963048,0.16373287963048
90.188719989073,128.5093306497992,0.5513095890116245,0.0802644681859115,0.4666670557067001,3.669629202226208,3.650459160265748,-0.019170041960459905,0.019170041960459905
118.66786117241294,68.12282891837701,1.4253642016825587,0.0156608485913349,0.2712571409657826,52.47385366605134,54.90988675915946,2.436033093108122,2.436033093108122
91.0902058988588,105.92271166913996,0.2810010402978506,0.0760563053304634,0.4397224659715758,4.090185463871993,4.255082290471019,0.16489682659902538,0.16489682659902538
143.83404568210378,134.2015519718508,0.1972060479928221,0.0351229968966214,0.3122960544046315,14.065832504765297,14.167204018575625,0.10137151381032794,0.10137151381032794
128.7371958149273,98.79610450415376,1.7080128717524707,0.0496633846850275,0.4875023819927871,50.26320085137248,49.08539137876825,-1.1778094726042312,1.1778094726042312
146.56320330745592,57.3378389743776,1.1775205786774237,0.0706767478065737,0.1111418076179571,93.80404118264678,92.97913673560465,-0.8249044470421296,0.8249044470421296
136.9768568013926,58.66765732310534,1.6400457950638407,0.0948370448259963,0.5400831041115417,88.56022089593736,85.6861215921152,-2.874099303822163,2.874099303822163
123.42183395288689,69.806501424125,1.0026487694782975,0.0757244647923906,0.4993226276873089,60.74561712150444,59.244237128607544,-1.5013799928968936,1.5013799928968936
103.3967472547764,148.76991927610828,1.4007771942575558,0.0592070378900533,0.3028187557315582,5.225437968526329,6.1751604349975695,0.9497224664712407,0.9497224664712407
61.7462072796384,139.5012756626462,1.9961629366782017,0.0408298659276242,0.5574363288304341,6.340371771347106,5.855325641414361,-0.4850461299327451,0.4850461299327451
83.34570205316473,106.91730278073464,1.537418404012738,0.0979313368199532,0.2162192705052673,5.653485881740817,5.29437552605829,-0.35911035568252725,0.35911035568252725
125.48725289085606,96.76035145184449,1.667486927446295,0.0968836992746629,0.5084269740771822,53.36155785582997,50.57538755361076,-2.7861703022192117,2.7861703022192117
115.46506868659546,79.57239049516747,1.021413223279704,0.0160026177359771,0.1447688448833317,37.19969864091213,41.11351475226485,3.913816111352716,3.913816111352716
120.6976487455716,108.83249944624464,1.057809179046838,0.0351833193995102,0.2676779483247594,21.83308404511935,22.727647962923324,0.8945639178039748,0.8945639178039748
145.1702406390537,118.15540731434535,1.119508826925892,0.0427056308301349,0.1673089158678139,33.29986057601077,34.41206050023221,1.1121999242214358,1.1121999242214358
141.4298806560499,65.48599975215818,0.3865702313696318,0.0436447826399824,0.2350843342435893,77.03947764428413,78.66503120694013,1.6255535626559947,1.6255535626559947
135.8412751843012,61.75670704732278,0.5767891337343901,0.010467504348811,0.4530303520919576,74.5671120985993,75.8353329441241,1.2682208455248087,1.2682208455248087
82.90628169009096,108.98107457675384,1.6356459939944878,0.0504187110661495,0.4903035815081086,14.828999252048632,13.564614371774026,-1.2643848802746067,1.2643848802746067
126.1211515165474,146.89090876186555,0.2448697203611759,0.0362505881460479,0.560790843068333,7.202654793860376,8.04899868408395,0.8463438902235731,0.8463438902235731
103.04106879754032,141.06095496429052,1.3894104942392924,0.0371490609690642,0.4490731530605277,12.163815682867623,12.33618950227128,0.17237381940365637,0.17237381940365637
52.7485194829371,146.29817776521608,0.1097052026129251,0.0268495090979536,0.5599438579167979,5.773811797911333e-08,0.0019031462535976263,0.001903088515479647,0.001903088515479647
115.32715658327436,58.97478376883835,1.2278054581368043,0.0781722837677417,0.4711236765498383,63.00989131652691,62.53762279857405,-0.4722685179528625,0.4722685179528625
121.93536223691584,84.98513870303927,1.3789583028037862,0.0185512561235079,0.352613481605792,42.97281327721978,47.1434477975303,4.1706345203105215,4.1706345203105215
108.0418165780147,62.10304122932566,1.4837634280185696,0.0818533426677023,0.4172967941201734,54.68328199342301,52.61086886186304,-2.072413131559969,2.072413131559969
119.76348228326644,121.2470737350969,0.1932890333907901,0.0378367263478748,0.3177889147210947,6.390901886347535,6.361686930686657,-0.02921495566087806,0.02921495566087806
134.31099565764026,99.58437211885573,1.6976932090235493,0.0355675337475942,0.5174712814449796,54.35359315052246,54.08213565111735,-0.2714574994051091,0.2714574994051091
69.1277371037397,116.93911100886449,1.614401009762131,0.0244678277376454,0.4778721074741736,6.253478942819649,7.279408595987751,1.0259296531681015,1.0259296531681015
86.50506541055309,68.7552687205654,1.074944895274362,0.0497280906623782,0.5767800724384518,30.37928739693593,28.860175154772097,-1.519112242163832,1.519112242163832
145.90439968714077,68.03909018294848,0.5229137252207016,0.0259229478306962,0.159180266605467,78.78138806173115,79.29703421954146,0.5156461578103091,0.5156461578103091
74.96500927583028,118.88036640705155,1.2912540790087768,0.0741013531384603,0.3187557885931895,2.642699273761819,2.2920465033293493,-0.35065277043246956,0.35065277043246956
71.44064829931645,114.38632350104302,1.540810424832621,0.0853221407891749,0.2467365490007143,1.7387247405790909,1.4065044105809676,-0.33222032999812323,0.33222032999812323
96.45384635244191,65.78414108729206,0.0732271796415762,0.0332243249914255,0.2585246109784626,30.82955853882501,32.12303401665903,1.293475477834015,1.293475477834015
67.91639182901508,97.17805289126292,0.4738676472263676,0.0588156087462349,0.4249925300349566,1.5065249553451103,2.0672919229202806,0.5607669675751703,0.5607669675751703
92.61813022359728,90.82835132231968,1.9569115802381,0.0486256868763336,0.525509300929484,30.432526023645188,27.495332773243486,-2.9371932504017018,2.9371932504017018
79.59320294366161,87.44361573490144,0.8951082688586476,0.0727815449978712,0.1858986859236945,4.567814667666028,5.749669895099277,1.1818552274332497,1.1818552274332497
67.72223833064697,75.17166159247347,1.7358027956798356,0.0843756557843677,0.2156319517169458,8.969549045421743,8.075859086621536,-0.8936899588002074,0.8936899588002074
98.20811582322732,148.52507246957498,1.284809683296646,0.0325459428712797,0.2844856987256779,2.3333314982674302,3.366421083250436,1.033089584983006,1.033089584983006
96.74015112498697,57.25154963375625,1.262062486448882,0.0139221180110133,0.5724029844296318,45.60675082724199,44.91517712825633,-0.6915736989856569,0.6915736989856569
81.6602434827413,59.26247996778172,1.398247640399444,0.0918881057929249,0.5150472030717592,34.72965440655112,29.381166044688186,-5.348488361862934,5.348488361862934
77.45445847404446,109.99112626239146,0.7251031447298213,0.0123705115744177,0.3008965550492444,0.991524088072322,1.3344420795820313,0.34291799150970936,0.34291799150970936
133.9998223243943,68.26114125761455,0.3416733940994487,0.0497292518414037,0.1128758828371129,66.88871928331993,67.92683607318632,1.0381167898663932,1.0381167898663932
74.66564468447778,82.76797739624182,1.735825509636746,0.0181666848030578,0.1312543833162242,3.01690221777298,5.010941263253582,1.9940390454806023,1.9940390454806023
118.70884721037042,62.16018438883546,1.3362129045994235,0.089987993546971,0.2599934723521601,63.63204719530449,62.62475133511694,-1.007295860187547,1.007295860187547
93.04219080879668,57.615289337760224,1.395470447217543,0.0108721102956598,0.1040801835458801,36.29448422944888,41.58315707835033,5.288672848901456,5.288672848901456
106.44418416538132,52.55782746231915,1.2897893416337591,0.0988956501873835,0.5947065097704001,62.56652545349601,60.29986879477703,-2.266656658718979,2.266656658718979
139.3443465376265,85.69737992012836,0.2007785737266634,0.0521660225614627,0.4665999742731375,54.60616964444969,55.18473244442306,0.5785627999733691,0.5785627999733691
102.42579279038355,106.1251962510962,0.0512138176020853,0.0842563495898337,0.5682447008757725,3.8686379005460623,9.518485228799994,5.649847328253932,5.649847328253932
120.78920306979332,79.64028288666167,1.3643874726989516,0.0485268712950738,0.3807438084150953,49.18346903713582,50.22507062507535,1.0416015879395246,1.0416015879395246
69.08094914463071,142.7107460745587,0.2364858500010808,0.0436108000518698,0.3122516350560611,3.636917525078759e-06,0.00875293593235105,0.008749299014825972,0.008749299014825972
108.30186474441363,55.96829984595792,0.297124187665072,0.0504101449452154,0.1633500790355647,53.16561538782154,54.557216220276786,1.3916008324552465,1.3916008324552465
119.89488284873856,58.6166693401415,0.2965253486338142,0.0618379694487274,0.1034450217787476,62.343245226154856,62.86849830438707,0.5252530782322111,0.5252530782322111
116.63854135782064,89.92753840155771,1.871826431425852,0.0324649516818576,0.4220818163406844,42.182866772423054,41.76771729403247,-0.4151494783905818,0.4151494783905818
85.54366807245313,118.29503998028645,0.2629280562585365,0.0821497894678636,0.3876200782249047,0.5489482770291092,0.5389049328218358,-0.010043344207273375,0.010043344207273375
71.56751523977172,116.2600502880285,1.7127126698852455,0.0427352092345957,0.4682305137493524,7.858438077035302,7.644235533788961,-0.21420254324634147,0.21420254324634147
67.84506740983748,135.0425561987632,0.4821395061778369,0.0315677665649607,0.3680042101051787,0.0316207222591131,0.024392574838159733,-0.00722814742095337,0.00722814742095337
58.16299820305896,125.95807500150724,1.0183359252618112,0.0557164743500246,0.259392390105753,0.0204173943025751,0.03720514122752578,0.01678774692495068,0.01678774692495068
89.44762785700354,99.44322008289885,0.0775313352973645,0.0408448698876567,0.1713092214587193,0.0249614701197797,0.7759924995343819,0.7510310294146022,0.7510310294146022
117.53546270086592,71.34038374188987,1.860077713527698,0.0860166669721672,0.3605540816134521,58.44135652734523,54.750354953106495,-3.691001574238733,3.691001574238733
109.02990717555996,124.34360917776291,1.3809199330313329,0.0300530355779771,0.3928766522732906,16.09835837259272,16.94529166590605,0.8469332933133309,0.8469332933133309
140.1386856810657,57.34120935743924,0.2597960421632724,0.0352061020179405,0.520928259025143,83.32158843142298,85.72017213795688,2.3985837065338984,2.3985837065338984
113.0034577542438,102.6941225036033,1.705994042960388,0.0172380942702505,0.2673310958403453,22.308447222991692,22.688369126483483,0.3799219034917911,0.3799219034917911
137.32543566916726,95.74546548880352,0.3842706678732144,0.0169161193174822,0.35793519701255,42.715383281888506,42.76736882805904,0.05198554617053475,0.05198554617053475
94.9349742039642,127.68739122188217,1.6625821345694984,0.0759813332327962,0.2117618059697469,4.5627448326604885,4.398257265262016,-0.16448756739847248,0.16448756739847248
143.59551537286035,81.69030044282144,1.354852761589528,0.0329927915781546,0.1959255186031428,65.50452561962572,67.71624640729449,2.2117207876687672,2.2117207876687672
146.9926525345191,93.1236991390607,0.4555848886836337,0.0215027200164903,0.351753327957613,55.033820017365656,55.645638333116025,0.6118183157503694,0.6118183157503694
139.04095172193286,146.92692443485262,0.9429822966740308,0.0811722242991939,0.2447679688903782,14.537020113155435,15.147275868140648,0.6102557549852126,0.6102557549852126
123.65572029698446,72.1773857655533,1.849309773863368,0.0426698254837276,0.1302220508355931,56.95590493232483,56.89519349342184,-0.06071143890298458,0.06071143890298458
55.69787269973683,88.79663333838243,0.7940589519155682,0.0607705543075746,0.2992330630469028,0.455431384682091,0.40899259708366115,-0.04643878759842984,0.04643878759842984
92.970080704316,84.45728097024559,1.3386090152419408,0.0212114789075567,0.5042638548445436,25.96810623513372,26.018199804991927,0.050093569858205456,0.050093569858205456
116.75933855635849,100.6757818023769,0.6566917508440423,0.0757710471445262,0.2993644910538325,23.9551077101128,21.94148310005198,-2.0136246100608197,2.0136246100608197
91.7411003148779,81.03101315434893,0.4944337450531731,0.0848985773323601,0.2752771348956377,15.806993060748454,15.717424644546018,-0.08956841620243594,0.08956841620243594
113.79304895796656,140.10352503184777,0.7996022468653187,0.0579200375012513,0.4531105987806682,11.422796259317636,12.13307400742398,0.7102777481063445,0.7102777481063445
66.76142561466294,62.36990587265665,1.966650173102624,0.0816138123016138,0.4358517128396022,22.17081121258477,18.330771670288694,-3.8400395422960756,3.8400395422960756
126.21296204503246,131.65330985672048,1.7824043684085733,0.0700951715592586,0.2737147836731196,23.025770915429437,21.333015551580083,-1.6927553638493542,1.6927553638493542
82.39391201607158,142.24415938919338,1.0157513828646598,0.0506654068172189,0.4572607037750349,3.457253160051959,4.288829117495048,0.8315759574430892,0.8315759574430892
61.10524443781094,55.22666356642291,1.5553143434694292,0.097590050892995,0.4437153057724626,19.83548381908225,17.86360100909878,-1.9718828099834695,1.9718828099834695
66.6973873672554,62.96190198449126,1.9603581515081616,0.0898441296180078,0.2506705063473231,17.02682107315112,12.51231370702177,-4.514507366129349,4.514507366129349
81.87983617505512,106.39059394148836,1.0309863464705828,0.0394051006694984,0.1206261318591195,0.1571638525847567,0.6953445213559747,0.538180668771218,0.538180668771218
117.4130295536063,141.64653062325394,1.1360743600975938,0.0238811507961659,0.3582116682734299,10.76051110260606,12.573091300387619,1.8125801977815588,1.8125801977815588
86.67983206462684,57.91670004753621,0.298810042619997,0.0531285100726296,0.1700318394224989,29.67532342084449,32.00604330689433,2.330719886049838,2.330719886049838
60.05303586918359,89.57839471914161,1.742446910066234,0.0967551957815456,0.3015738660848117,4.618967998448703,3.4248940652430186,-1.1940739332056842,1.1940739332056842
55.47449822595952,92.294561005668,1.5177730817339796,0.0203305506958142,0.1397945832577791,0.0099550316388915,0.04815751379147474,0.03820248215258324,0.03820248215258324
71.0528488440613,58.11594108936142,1.495005816238003,0.0446137806044701,0.3313767626466445,20.487137254180546,21.343841511963,0.8567042577824537,0.8567042577824537
103.03021332491583,82.17365163129622,1.6665618123967898,0.078090028324548,0.1894560462516112,31.561777200790345,31.12945068789338,-0.4323265128969638,0.4323265128969638
143.36165192303673,86.63571148903489,0.8851484855489511,0.0317446170786266,0.1614607709170387,59.12737986637195,61.48032704014236,2.35294717377041,2.35294717377041
59.99318770544097,52.824620621007625,1.4051826194162955,0.0910517382618518,0.3724464972438694,17.535062934985454,15.52128888081245,-2.0137740541730036,2.0137740541730036
53.46727042260664,95.60677303972987,0.7996396049786048,0.0817033536176004,0.5390677572877324,2.382266022394443,2.512594801040734,0.130328778646291,0.130328778646291
59.78341606510015,146.95265606398866,0.1542178855261053,0.0402392836747881,0.5742490580902824,0.0001780712858043,0.00339142349692429,0.00321335221111999,0.00321335221111999
69.27543218870396,82.73104354453199,1.817605216660648,0.0448090822971509,0.2491050526254548,6.601719721629504,7.918813045277302,1.3170933236477982,1.3170933236477982
52.40050448448888,106.4023793602182,1.2375958698690763,0.0960030694876123,0.592377419770151,4.55048211834187,4.616119241290902,0.06563712294903201,0.06563712294903201
110.29088114246856,65.31206525809874,0.0683692224654076,0.0990858548162068,0.2822276442220058,45.41977213327094,47.94639776909795,2.52662563582701,2.52662563582701
90.17452054249785,69.20079704100883,1.280874731289189,0.0864823568175123,0.5496291086751647,35.824888936948696,34.445641270115324,-1.379247666833372,1.379247666833372
125.8673884686781,149.8496324802452,1.2374381609399607,0.0870476048601002,0.4366537635241431,20.876150923384746,22.646238423615884,1.7700875002311385,1.7700875002311385
111.34927718519796,102.42635874557168,0.7798728339044998,0.0736900267544597,0.5374755475184545,27.67370633168648,24.496234023153203,-3.1774723085332752,3.1774723085332752
103.89808744501204,60.55491367129504,0.750795073750066,0.0532318140464128,0.4569208269408865,46.67959583550292,46.11592991615848,-0.5636659193444444,0.5636659193444444
79.5824097496536,103.97644871474952,1.276888807307671,0.0175183552813472,0.4563857249071462,9.380046255329043,12.162832764336292,2.7827865090072486,2.7827865090072486
61.32434516398199,51.38476355063819,1.4983988283497616,0.0517398023468904,0.4951432528859008,20.9345705477158,19.048959938905693,-1.885610608810108,1.885610608810108
101.44464281353098,116.66067774738734,1.5653705464109158,0.0465197295117685,0.3902241768659499,16.91631485950588,17.268531485328992,0.352216625823111,0.352216625823111
86.88846223740057,147.4819735111161,0.1652829720268267,0.0735738794748449,0.3945384455804352,0.0030638504186195,0.06913291779358414,0.06606906737496465,0.06606906737496465
132.93946648588468,55.86189706135804,0.9806081677762792,0.0811338171634344,0.3322365835090836,81.36554719760176,82.21481628644183,0.8492690888400745,0.8492690888400745
141.3578011402695,70.10319303324214,1.7427450535300153,0.0105387240052468,0.1789083136581935,72.53787650003594,77.08289906043879,4.545022560402856,4.545022560402856
136.52957589089124,58.36022810244141,0.9578858326546036,0.065658077489623,0.1691744572416193,81.72675388012254,82.09639408265673,0.3696402025341854,0.3696402025341854
106.90465748936742,118.06128120674649,0.4402417229079715,0.0433581441326095,0.1342346089680889,0.994372191367102,1.605112357250754,0.610740165883652,0.610740165883652
114.5916526405514,78.7158495433571,0.2857947297058391,0.0843045699997421,0.27293258152343,37.762447226510346,39.36127617829861,1.5988289517882635,1.5988289517882635
134.3183626657351,100.75471514326809,0.5697800969775659,0.0509627291393975,0.1712474135257092,36.48194279814619,37.540662817129004,1.058720018982811,1.058720018982811
106.95118693444212,57.98540226634452,0.3181937776391305,0.0949772580327688,0.3548459732242089,50.69472225360028,52.105961736264476,1.4112394826641932,1.4112394826641932
50.99692347345185,100.22669388521994,0.2867109817265218,0.0223862786567892,0.5444219312504324,0.0763476498860733,0.2060981394414949,0.12975048955542162,0.12975048955542162
136.5370801501058,73.2506051096087,1.0268592059585395,0.0585644773797735,0.4182774095169868,68.47784728195867,67.9090562300333,-0.5687910519253734,0.5687910519253734
84.25987712181194,134.8407798813456,0.4434541166256848,0.0620742358310688,0.3584867475557144,0.3104621332501502,0.4530536958023127,0.1425915625521625,0.1425915625521625
112.6244822763033,109.06452509876586,1.1319287061933174,0.073650719616151,0.5787326835719862,32.32767812836999,31.86156779485062,-0.46611033351936726,0.46611033351936726
73.98199522065903,125.46063656363536,1.5854454554667956,0.0537825376032212,0.3001574375828608,2.0485633890719708,1.801413035772795,-0.24715035329917567,0.24715035329917567
118.42096705883704,50.54633242418783,0.3848612812253514,0.0654988080922776,0.2778815036626312,69.13287925283709,68.85512485776253,-0.27775439507455246,0.27775439507455246
115.36564764056205,110.8592086605168,1.2782483431706662,0.0763125251946893,0.4430475998990454,29.53562357642266,29.8570512862922,0.3214277098695426,0.3214277098695426
125.987870403879,61.786996377459324,1.7299136354848754,0.0263751377961896,0.3626607914163133,67.91666695235443,68.9000595226054,0.9833925702509703,0.9833925702509703
53.81316140914727,141.80185405696787,1.474756555697061,0.0244861841380035,0.4799559595082029,1.1253380168121767,1.5035038798581142,0.37816586304593747,0.37816586304593747
88.64433509308174,107.56237505871977,0.6155363484908345,0.021313214270609,0.1253511692924275,0.1249987393008713,0.5045631267499767,0.3795643874491054,0.3795643874491054
62.75803027955638,131.1117872740695,1.7123066308189945,0.0407555733338794,0.3487468964739062,1.2545693523418269,1.5064620000772064,0.25189264773537956,0.25189264773537956
69.13447627018726,88.76926919447082,0.7689144416795857,0.0928138725077903,0.3863806825929504,4.818327765125151,3.3707949485527537,-1.447532816572397,1.447532816572397
98.2817494350411,112.35316532441112,1.2010977731674732,0.051081929823895,0.2738495514970527,8.821245155352784,10.004375243825763,1.1831300884729785,1.1831300884729785
121.395263250659,147.92999974174052,0.8404763173537789,0.0321639692259981,0.5823314061807906,18.01125355547976,20.331809799810134,2.3205562443303727,2.3205562443303727
134.47903602895616,63.68344112825957,0.5980016839772359,0.088836750568511,0.1409575234228794,74.0904537801649,74.6024641546645,0.5120103744995959,0.5120103744995959
114.51500833009034,93.5959989128764,0.623077178479421,0.0355899684285477,0.141316103502615,23.066700502481595,23.949795859889218,0.8830953574076226,0.8830953574076226
144.40947859303645,127.41071203760409,1.3840922987433375,0.0985011239030494,0.3483840178383277,41.371154671331695,34.86028706709263,-6.510867604239067,6.510867604239067
71.49126370363959,86.47838133702479,1.5991954669593271,0.0444260644288023,0.1053107525955882,1.0217521796038316,2.268108873096294,1.2463566934924626,1.2463566934924626
97.52274670017404,145.1488592549131,0.0559499682340991,0.0956503267340901,0.4638279314413842,0.000560684555724,0.19481763634503063,0.19425695178930663,0.19425695178930663
127.54095145924948,79.71386195679672,0.0876222021858872,0.0734201951357592,0.3304320005477217,48.33826287360206,48.91541454339604,0.5771516697939774,0.5771516697939774
70.59881841884732,130.48253636154794,1.7004879646182864,0.0598627725104487,0.2186306900561045,0.370827843957572,0.4467806920966961,0.07595284813912406,0.07595284813912406
51.9128966437287,72.03696905664916,0.7090472845214781,0.0384155736823134,0.2757407123302131,0.6433334005241171,0.943203405796041,0.29987000527192387,0.29987000527192387
98.85611605848416,71.38266139124909,1.3895257916000816,0.0431135353224261,0.2734721027053176,33.09811620298991,33.44000480204282,0.3418885990529148,0.3418885990529148
60.557564221946336,145.81229445617709,1.1424287797693986,0.059652573494818,0.5396900074222415,1.8440632102466568,1.9672150318605244,0.12315182161386762,0.12315182161386762
126.36104796141586,109.88836495702913,0.8260925815262862,0.0539640552222419,0.3909865524387514,29.06907342122504,29.958046176099277,0.8889727548742385,0.8889727548742385
63.13232497643174,121.44085958537896,0.195946851715336,0.0386500324080203,0.3136847065458183,3.850283277744996e-06,0.0053809618173486454,0.005377111534070901,0.005377111534070901
58.70172183027887,141.53289446656504,0.2193987744848425,0.0347600046789256,0.2841829234604921,4.931887114242589e-11,0.0001680101141125197,0.00016801006479364857,0.00016801006479364857
78.47919890667143,54.50354973065187,1.8236873803372249,0.0902379094051579,0.2303028441882236,32.584309205626155,31.96553363595419,-0.6187755696719641,0.6187755696719641
58.35007166986688,142.18958025766426,0.8938465600416273,0.0517959488684617,0.4906173357044654,0.5482977795525188,0.6896281374386214,0.1413303578861026,0.1413303578861026
107.54752778863649,143.45696979397343,0.2439532364008829,0.0896558279455367,0.5024354140311966,2.1960766080226506,2.6581096332732845,0.46203302525063394,0.46203302525063394
126.40930002129817,83.56289924741156,1.0123618841643538,0.0360366810356756,0.209912835387151,45.96541938870902,47.15041794701527,1.1849985583062477,1.1849985583062477
125.78581220721,54.89071343049478,0.4687556465711811,0.0426812239696099,0.28867350040457,71.98241762603317,73.13613008425543,1.1537124582222589,1.1537124582222589
149.99248268331763,140.53973140649157,1.9363638129134464,0.0382279573962595,0.1703186612023289,25.17133233960016,21.752381707953994,-3.4189506316461653,3.4189506316461653
81.45876334140665,122.26208749885402,1.034888697113469,0.0194903981276395,0.5755711271471603,8.645986068844888,9.568980869621168,0.92299480077628,0.92299480077628
146.28704940018096,110.38233722281834,0.2888953745031242,0.0356704721934278,0.5335776023936478,39.93642115909665,42.33283552521215,2.3964143661154935,2.3964143661154935
81.93003203267571,63.34435294229962,0.8566536348433696,0.0663963837851227,0.1243567881374916,22.09581887598628,21.998536654683686,-0.09728222130259212,0.09728222130259212
90.8221822588232,104.17304293339414,1.7538837488451429,0.0349551686577927,0.266947259326736,9.96723673670266,10.840204648901425,0.8729679121987655,0.8729679121987655
55.6625557377558,89.41145761854605,1.7120573640080547,0.0455855873035242,0.1883980663351606,0.3811134061023993,0.460418439633512,0.07930503353111268,0.07930503353111268
144.47657298824282,116.38898356775906,0.3354784050679502,0.0628470407116889,0.1677604064028183,30.54567992959784,32.08624665830358,1.5405667287057412,1.5405667287057412
123.44870403224036,107.39230268696495,0.8811743646821042,0.0192115844662308,0.386616955639485,26.904805464229987,28.556562669500686,1.6517572052706981,1.6517572052706981
138.92140134241907,82.7276300983274,1.3406216931110304,0.0416971618611507,0.2111004584196719,60.77152650737735,62.600370792159495,1.828844284782143,1.828844284782143
148.33407684142264,53.99262511111505,0.2583963590301886,0.0759969765030809,0.4139359898913713,95.3913824498308,95.64350343789278,0.252120988061975,0.252120988061975
120.27828771659748,54.4966507951305,0.3822620679414519,0.0840361997046022,0.1465097613810677,67.50445924182846,68.04043854372188,0.5359793018934198,0.5359793018934198
140.00831830164807,55.078363923675134,0.988920392451622,0.0406193767713989,0.1486499664628488,87.09856788559532,88.20886059255731,1.1102927069619994,1.1102927069619994
62.80957463662,119.31110595470572,1.7145541188371751,0.0220920123248061,0.2192712231596092,0.1552544589266618,0.28187361026856234,0.12661915134190055,0.12661915134190055
93.55050274532591,98.18281098175908,1.0561362160909933,0.0337975279606306,0.5465940924322986,20.23386888456963,21.71933053241294,1.4854616478433087,1.4854616478433087
53.55902308064764,62.82482056450649,1.422341584641562,0.0613376999481901,0.2728624523026369,5.348784788586912,5.563531445681366,0.2147466570944534,0.2147466570944534
141.14540034548395,100.2196913813564,1.6315463026395358,0.0469135599873557,0.1044221562685337,48.31396954760503,49.61618824547625,1.3022186978712185,1.3022186978712185
86.82954676557095,121.53535462678856,1.698293833898577,0.0789543418393885,0.1452067763127267,1.3235539325374417,1.0211287134369307,-0.302425219100511,0.302425219100511
110.15620688219003,116.486049091338,0.4843657172697876,0.0752782833369161,0.1564940610318588,3.827788213943237,3.0754910098482804,-0.7522972040949565,0.7522972040949565
109.93021161394378,70.41222845580977,0.9992417176397232,0.0354547535323237,0.2834733826031131,42.41655084069812,42.97941130767263,0.5628604669745059,0.5628604669745059
110.26329212856348,118.32709108608135,1.4758625205627824,0.0524927158442722,0.1621761701355179,9.006767515599776,8.12434387101607,-0.8824236445837066,0.8824236445837066
76.75926767279715,137.39571227473448,0.4359401611336579,0.0284213095617474,0.5831779490267095,1.1897658849705373,1.8285712502343376,0.6388053652638004,0.6388053652638004
125.4282333035216,67.32035027822128,0.4698083425167274,0.0645946597964732,0.4598038297627186,60.318172678732246,60.514412697570954,0.1962400188387079,0.1962400188387079
141.22075712491824,68.7071615200571,1.46435672474999,0.0945756866329163,0.2297415820682878,81.40653999209675,82.05477861407799,0.6482386219812355,0.6482386219812355
59.91780995872159,145.15421467554984,0.6051129184340499,0.0540730676925706,0.4282942271707616,0.0505849073730934,0.18770301779174522,0.13711811041865182,0.13711811041865182
56.53563407989424,126.31898707194948,1.6655271080452725,0.0357624777205698,0.1641338592015485,0.0009557029932897,0.00779999771408382,0.0068442947207941205,0.0068442947207941205
51.873029206041984,52.55915072495032,1.5907086878862249,0.0400052256351492,0.3231293178979328,9.508510676853636,10.268491179765586,0.7599805029119509,0.7599805029119509
113.73908503732994,92.27301661859906,1.4262821220349844,0.0502799285894327,0.4504012718494828,37.82096371846944,38.17344326847597,0.3524795500065281,0.3524795500065281
110.3150120122947,56.24023202768706,0.6320859001864099,0.0561611187703784,0.2912549186189317,56.04165718497848,56.35622915040513,0.31457196542664434,0.31457196542664434
63.42024263263502,147.97175003857865,1.128102583600865,0.0832957048084451,0.2490143650601106,0.0156974921414241,0.08939851680825335,0.07370102466682925,0.07370102466682925
71.71404040376719,75.73979790803853,1.7303280853161058,0.018926704851428,0.563898542606009,20.190298813065198,21.465056426013636,1.274757612948438,1.274757612948438
131.7785329856945,109.71334852174272,1.7215646208516884,0.0759967433906465,0.4296363605384448,46.757521963633216,49.138113105144804,2.3805911415115872,2.3805911415115872
131.81097847441674,111.70512477877514,0.9690053231174366,0.0772970394108312,0.3002782267376539,32.197287671904334,34.3485455145206,2.1512578426162676,2.1512578426162676
